file,title_en,type_en,text_en,title_fr,type_fr,text_fr
../TacticsCards/ASH WASTE NOMADS/Ambush Masters.png,Ambush Masters,Ash Waste Nomads Tactics,"Play this gang tactic at the start of the battle, afte
both sides have deployed, but before first round.
Your gang may immediately recruit and place in
your deployment zone D3 Ash Waste Nomads
Dust Runners. These fighters are recruited for
free but will leave your gang at the end of this
battle. Each Dust Runner has up to 20 credits
worth of equipment. If you do not have the
models available to represent these fighters, you
may discard this gang tactic and select another.",,,
../TacticsCards/ASH WASTE NOMADS/Ash Quake!.png,Ash Quake!,Ash Waste Nomads Tactics,"Play this gang tactic at the start of any round
before rolling for Initiative.

All fighters on the Battlefield Surface must pass
an Initiative test or become Prone and Pinned.
Any Ash Waste Nomads fighter gets +2 to this
test.",,,
../TacticsCards/ASH WASTE NOMADS/Bait and Switch.png,Bait and Switch,Ash Waste Nomads Tactics,"Play this gang tactic at the start of any round,
before players have rolled for Initiative.

Select two friendly fighters on the battlefield,
neither of which is Engaged. Swap the position
of the two fighters.",,,
../TacticsCards/ASH WASTE NOMADS/Beseech the Great Spirits.png,Beseech the Great Spirits,Ash Waste Nomads Tactics,"Great Spirits Play this gen vecnc during any
End phase, before making Recovery tests.

You may re-roll any Recovery tests you make this
round, but must keep the second result even if it
is worse.",,,
../TacticsCards/ASH WASTE NOMADS/Blessed by the Storm.png,Blessed by the Storm,Ash Waste Nomads Tactics,"Play this gang tactic at the start of the battle,
after both sides have deployed, but before the
first round.

For the duration of this round, if the Visibility
CX"") rule is not active for this battle, apply the
Visibility (24"") rule. Otherwise, either increase
os pete a? the value of X"" by 6"" toa minimum
of 6"".",,,
../TacticsCards/ASH WASTE NOMADS/Fade to Ash.png,Fade to Ash,Ash Waste Nomads Tactics,"Play this gang tactic during any End phase,
before your opponent makes any Recovery tests.
The battle ends as if your gang had retreated
from the battlefield. Friendly fighters who are
Seriously Injured automatically recover and
there is no chance for any fighters to be
Captured.",,,
../TacticsCards/ASH WASTE NOMADS/Ghosts on the Ash.png,Ghosts on the Ash,Ash Waste Nomads Tactics,"Play this gang tactic at the beginning of any
round, before rolling for Initiative.

For the duration of this round, friendly Ash
Waste Nomads fighters treat the Battlefield
Surface as open terrain.",,,
../TacticsCards/ASH WASTE NOMADS/Master Sniper.png,Master Sniper,Ash Waste Nomads Tactics,"Play this gang tactic when activating a friendly
fighter.

For the duration of this activation, increase the
Long range of the fighter's weapons without
either the Melee or Grenade trait by 6"".",,,
../TacticsCards/ASH WASTE NOMADS/Mined!.png,Mined!,Ash Waste Nomads Tactics,"Play this gang tactic after an enemy vehicle has
completed its activation.

The enemy vehicle must immediately take a Loss
of Control test.",,,
../TacticsCards/ASH WASTE NOMADS/Now You See Me….png,Now You See Me...,Ash Waste Nomads Tactics,"Play this gang tactic at the start of a friendly
fighter's activation.

Remove the fighter from the battlefield and set it
up again within 9"" of its initial position and more
than 1"" away from any enemy model.",,,
../TacticsCards/ASH WASTE NOMADS/Numbers without End.png,Numbers without End,Ash Waste Nomads Tactics,"Play this gang tactic during any End phase,
before your opponent makes any Recovery tests.
You may return to play D3 sendy Gangers /
/Juves that have been taken Out of Action but
did not suffer a Memorable Death result on the
Lasting Injury table by placing them in your
gang’s deployment zone. These fighters retain
any injuries suffered for going Out of Action
but discard any Flesh Wounds.",,,
../TacticsCards/ASH WASTE NOMADS/Overcharge!.png,Overcharge!,Ash Waste Nomads Tactics,"Play this gang tactic when a friendly fighter
makes a ranged attack before rolling the dice.
For the duration of this attack, the Shock trait
activates on a Hit roll of 5+ instead of 6+.",,,
../TacticsCards/ASH WASTE NOMADS/Raiders without Equal.png,Raiders without Equal,Ash Waste Nomads Tactics,"Play this gang tactic during the Wrap-up phase
of the post-battle sequence.

Add D3x10 credits to your gang's Stash for each
enemy vehicle that was Wrecked during the battl",,,
../TacticsCards/ASH WASTE NOMADS/Secret Paths.png,Secret Paths,Ash Waste Nomads Tactics,"Play this gang tactic during any Rolling Roads
phase of a Rolling Roads battle before checking
to see if models rejoin the battle.

For the duration of this round, friendly fighters
can attempt to rejoin the battle regardless of their
Movement characteristic. If the scenario being
played does not use the Rolling Roads rules, you
may discard this gang tactic and select another.",,,
../TacticsCards/ASH WASTE NOMADS/Spineroach Venom.png,Spineroach Venom,Ash Waste Nomads Tactics,"Play this gang tactic when a friendly fighter
makes a close combat attack before rolling the
dice.

For the duration of this attack, one of the
fighter's weapons with the Melee trait gains the
Toxin trait.",,,
../TacticsCards/ASH WASTE NOMADS/Survival Suits.png,Survival Suits,Ash Waste Nomads Tactics,"Play this gang tactic at the start of the battle,
after both sides have deployed, but before the
first round.

For the duration of this battle, D3 friendly
fighters of your choice in your starting crew

are immune to the effects of the Rad-phage trait.",,,
../TacticsCards/ASH WASTE NOMADS/War of Attrition.png,War of Attrition,Ash Waste Nomads Tactics,"Play this gang tactic during the Wrap-up phase
of the post-battle sequence.

If your gang has fewer fighters taken Out of
Action than the opposing gang, your gang gains
D3 Reputation.",,,
../TacticsCards/ASH WASTE NOMADS/Will-o’-the-Wastes.png,Will-o'-the-Wastes,Ash Waste Nomads Tactics,"Play this gang tactic at the start of the battle,
after both sides have deployed, but before the
first round.

For the duration of this battle, D3 friendly
fighters of your choice in your starting crew gain
the Dodge skill.",,,
../TacticsCards/ASH WASTES/Always Carry a Spare.png,Always Carry a Spare,Ash Wastes Tactics,"Play this tactic when activating a friendly model
with a weapon that is Out of Ammo.

One of the model's weapons is automatically
reloaded at the cost of one action - no Ammo
check is required,",,,
../TacticsCards/ASH WASTES/Back to the Fray!.png,Back to the Fray!,Ash Wastes Tactics,"Play this tactic when checking to see if a friendly
model rejoins the fight in a Rolling Roads
scenario, before rolling the dice.

The model automatically passes the Intelligence
check to rejoin the battle.",,,
../TacticsCards/ASH WASTES/Belching Smoke.png,Belching Smoke,Ash Wastes Tactics,"Play this tactic at the start of around, before
rolling for Initiative.

Pick a friendly vehicle, all shooting attacks made
by it or targeting it suffer a -1 modifier to hit
rolls,",,,
../TacticsCards/ASH WASTES/Born to the Wastes.png,Born to the Wastes,Ash Wastes Tactics,"Play this tactic when activating a friendly model.
The model treats both difficult terrain and
dangerous terrain as open ground.",,,
../TacticsCards/ASH WASTES/Full Nitro.png,Full Nitro,Ash Wastes Tactics,"Play this tactic when activating a friendly vehicle.
For the duration of this activation, increase its
Movement characteristic by 2"".",,,
../TacticsCards/ASH WASTES/Gunk Spill.png,Gunk Spill,Ash Wastes Tactics,"Play this tactic when an enemy vehicle moves
within 2"" of a friendly vehicle's rear arc.

The coe vehicle must immediately make

a Loss of Control test with a -2 modifier.",,,
../TacticsCards/ASH WASTES/Hidden in the Ash.png,Hidden in the Ash,Ash Wastes Tactics,"Play this tactic at the start of the battle before
deploying gangs.
D3 of your fighters gain the Infiltrate skill.",,,
../TacticsCards/ASH WASTES/It'll Hold!.png,It'll Hold!,Ash Wastes Tactics,"Play this tactic when a friendly vehicle loses a HP
The vehicle loses one less HP.",,,
../TacticsCards/ASH WASTES/Lightning Strike.png,Lightning Strike,Ash Wastes Tactics,"Play this tactic when a friendly fighter subject to
the Mounted condition makes a Ride By attack
before resolving Reaction attacks.

Any Reaction attacks have a -1 modifier to hit.",,,
../TacticsCards/ASH WASTES/Look Out Below!.png,Look Out Below!,Ash Wastes Tactics,"Play this tactic when a friendly fighter is jumping
from one vehicle to another.
Add 1 to the Agility test to make the jump.",,,
../TacticsCards/ASH WASTES/Mad Mechanics.png,Mad Mechanics,Ash Wastes Tactics,"Play this tactic when a friendly vehicle is
Wrecked, before rolling on the Lasting Damage
table.

Roll twice on the Lasting Damage table and
choose which result to apply.",,,
../TacticsCards/ASH WASTES/Mag Lock Handholds.png,Mag Lock Handholds,Ash Wastes Tactics,"Play this tactic at the start of the battle, after
gangs are deployed but before the first roll for
Initiative.

Select two friendly fighters, they both
automatically pass all Initiative checks to remain
on a vehicle when it moves.",,,
../TacticsCards/ASH WASTES/Nitro Cells Overload!.png,Nitro Cells Overload!,Ash Wastes Tactics,"Play this tactic when a friendly vehicle is
Wrecked, before rolling on the Lasting Damage
table.

Place the 5"" Blast template so that its central
hole is entirely over the vehicle. All models
touched by the template take a Strength 4, AP -1,
Damage | hit.",,,
../TacticsCards/ASH WASTES/One with the Road.png,One with the Road,Ash Wastes Tactics,"Play this tactic when a friendly vehicle needs to
make a Loss of Control test, before any dice are
rolled.

The vehicle automatically passes the Loss of
Control test.",,,
../TacticsCards/ASH WASTES/Ramming Speed!.png,Ramming Speed!,Ash Wastes Tactics,"Play this tactic after a friendly vehicle has had

a head-on collision with an enemy vehicle, before
determining the Strength of the hit.

Increase the Strength, AP and Damage of the hit
suffered by the enemy vehicle by 1.",,,
../TacticsCards/ASH WASTES/Spring Back.png,Spring Back,Ash Wastes Tactics,"Play this card when activating a friendly fighter
with the Mounted condition who is Prone and
Pinned.

The fighter becomes Standing and Active at the
cost of one action - no Agility test is required.",,,
../TacticsCards/ASH WASTES/Survival Gear.png,Survival Gear,Ash Wastes Tactics,"Play this tactic after gangs have deployed but
before the first round begins.
D3 fighters gain the benefits of a Respirator.",,,
../TacticsCards/ASH WASTES/The Ash is in my Blood.png,The Ash is in my Blood,Ash Wastes Tactics,"Play this tactic at the start of the battle, after
gangs have deployed but before the first round
begins.

D3 models ignore the effects of the Battlefield
Surface.",,,
../TacticsCards/CAWDOR/Apostates (redacted).png,Apostates,Cawdor Tactics,"Play at the start of the Deployment step of the Pre-
battle sequence, before deploying fighters. You may
recruit up to three Bonepickers for free. They'll leave
the gang after this battle. Each has a fighting knife
ana ah ee a reclaimed autopistol or a cleaver. They're
taken in addition to your starting crew and don't
count towards your max Crew sise. If, during

the End phase of any round, such Bonepicker isn't
within 6"" of a friendly Cawdor Champion er Leader,
it immediately goes OOA. If you lack models,

you may discard this card and select another.",,,
../TacticsCards/CAWDOR/Blessed Visions.png,Blessed Visions,Cawdor Tactics,"| Play at the start of the game after both sides
have deployed.

For the duration of the game, the gang’s |
fighters may use their normal BS when
making Blind Fire ranged attacks or ranged
attack through Ductways.",,,
../TacticsCards/CAWDOR/Call the Faithful.png,Call the Faithful,Cawdor Tactics,"| Play this card after both sides have deployed.
You may add an extra D3 fighters to your
crew (potentially exceeding the normal crew |
size for the scenario). These fighters must

be chosen randomly from any fighters not
already included in your crew.",,,
../TacticsCards/CAWDOR/Deadmen Walking.png,Deadmen Walking,Cawdor Tactics,"Play at the start of any End phase. |
If your gang is required to make a Bottle test |
during this End phase, it will |
automatically pass.",,,
../TacticsCards/CAWDOR/Divine Avatar (redacted).png,Divine Avatar,Cawdor Tactics,"Play at the start of the Deployment step of the
Pre-battle sequence, before any fighters have
been deployed. Choose a friendly House Cawdor
Champion or Leader. Until the end of this battle,
they gain the Terrifying special rule: Enemy
Fighters must make a Willpower check before
performing a Fight (Basic) or Shoot (Basic) action
that targets this fighter. If they fail, they can't perform
the action and their action ends. If, at any span, the
chosen fighter is Seriously Injured, this card has no
effect for the rest of the battle.",,,
../TacticsCards/CAWDOR/Divine Guidance.png,Divine Guidance,Cawdor Tactics,"Play this gang tactic when activating a friendly
House Cawdor fighter.

Until the end of the fighter's activation, this
fighter may re-roll dice rolls of a natural 1.",,,
../TacticsCards/CAWDOR/Divine Motivation.png,Divine Motivation,Cawdor Tactics,"Play at the start of the game after both sides have
deployed.

For the duration of the battle, the gang's Leader
adds 2 to the dice roll for any Cool checks they
are required to take. If the leader is taken Out of
Action, all friendly fighters must make an
immediate Cool check or become Broken.",,,
../TacticsCards/CAWDOR/Effigy of the Damned.png,Effigy of the Damned,Cawdor Tactics,"Play at the start of any turn.

Choose a terrain feature at least 6"" in diameter or
a board tile. For the duration of this turn, any
models entering or beginning their turns in the
affected area must roll to see if they catch fire,
just as if they had been hit by a weapon with the
Blaze trait",,,
../TacticsCards/CAWDOR/Faith Through Fear.png,Faith Through Fear,Cawdor Tactics,"Play this card when a fighter fails a Cool |
check.

Instead of suffering the normal effects |
of failing a Cool check, the fighter
immediately charges the nearest enemy
model. If there are no enemy models in |
range, they become Pinned. |",,,
../TacticsCards/CAWDOR/Faith Through Fire.png,Faith Through Fire,Cawdor Tactics,"| Play at the start of any round.

|

For the duration of this round, friendly

models with a Blaze marker on them may

move and take actions as normal - though
they still take damage as normal. In addition,

| all their melee attacks gain the Blaze trait.

|",,,
../TacticsCards/CAWDOR/Faithful Masses.png,Faithful Masses,Cawdor Tactics,"Play this gang tactic during the Priority phase of
any round, after Roll for Priority, but before
Ready Fighters.

Until the end of this round, Faith dice are added
to the crew's Faith dice pool on a roll of a 4+,
rather than the usual roll of 5 or 6.",,,
../TacticsCards/CAWDOR/Faithful and Resolved.png,Faithful and Resolved,Cawdor Tactics,"Play this gang tactic when activating a friendly
fighter.

The fighter may immediately perform

a Universal Article of Faith; no Faith dice are
rolled and the Threshold test is automatically
passed.",,,
../TacticsCards/CAWDOR/Fire and Zeal.png,Fire and Zeal,Cawdor Tactics,"Play this gang tactic when activating a friendly
fighter.

Until the start of their next activation, this
fighter becomes subject to the Insane condition.
In addition, the fighter immediately makes

a free Shoot (Basic) action with an incendiary
charge; this attack is made even if the es is
not equipped with incendiary a ae e Blast
marker must be centred on this fighter and does
not scatter.",,,
../TacticsCards/CAWDOR/Followers of the Path.png,Followers of the Path,Cawdor Tactics,"Play this gang tactic during the Priority phase of
any round, after Roll for Priority, but before
Ready Fighters.

Until the end of this round, you may apply a +1
modifier to any Threshold test made when
attempting to perform an Article of Faith.",,,
../TacticsCards/CAWDOR/For The Lost.png,for The Lost!,Cawdor Tactics,"| Play at the start of any round.

For every friendly model that has been taken
Out of Action in the battle so far, one chosen
Champion or Leader can add +1 to their
Strength and Attacks characteristic, to

a maximum of +3. These effects last until
the end of the round.",,,
../TacticsCards/CAWDOR/Keeper of Sacred Vermin.png,Keeper of Sacred Vermin,Cawdor Tactics,"Play this gang tactic when a friendly House
Cawdor fighter deploys a bomb delivery rat.
This fighter automatically passes their
Intelligence check and may choose the direction
in which the rat moves.",,,
../TacticsCards/CAWDOR/Let It Burn!.png,Let It Burn!,Cawdor Tactics,"| Play at the start of any round.

For the duration of this round, all ranged
weapons used by friendly models gain |
the Blaze trait.",,,
../TacticsCards/CAWDOR/Light of the Emperor.png,Light of the Emperor,Cawdor Tactics,"Play this gang tactic when activating a friendly
fighter.

Place a Divine Brazier (see page 107) within 1""
of the fighter, ensuring that its base is not
overlapping an obstacle or another fighter's base.
This fighter's activation then ends.",,,
../TacticsCards/CAWDOR/No Prisoners!.png,No Prisoners!,Cawdor Tactics,"| Play at the start of any End phase.

For the duration of the End phase, Seriously
Injured enemy models making Recovery |
tests must roll two Injury dice and pick the
worst result.",,,
../TacticsCards/CAWDOR/Preacher Amongst Us.png,Preacher Amongst Us,Cawdor Tactics,"Play this gang tactic at the start of

the Deployment step of the Pre-battle sequence,
before any fighters have been deployed.

Choose a friendly House Cawdor fighter that is
not a Champion or Leader. Until the end of this
battle, that fighter gains the Group Activation (1)
special rule.",,,
../TacticsCards/CAWDOR/Purification Through Blood.png,Purification Through Blood,Cawdor Tactics,"Play this gang tactic during the Priority phase of
any round, after Roll for Priority, but before
Ready Fighters.

Choose a friendly House Cawdor Champion or
Leader. Until the end of this round, friendly
fighters that are within 6"" of this fighter and can
draw line of sight to them improve both their
WS and A characteristics by 1.",,,
../TacticsCards/CAWDOR/Purity Through Fire.png,Purity Through Fire,Cawdor Tactics,"Play this gang tactic when a friendly House
Cawdor fighter makes a Shoot (Basic) or Fight
(Basic) action using a weapon with the Blaze trait
Until the end of the fighter's activation, hit
targets become subject to the Blaze condition on
a 2+, rather than the usual 4+.",,,
../TacticsCards/CAWDOR/Redemption.png,| Redemption,Cawdor Tactics,"| Play when a friendly fighter is taken Out of
Action.

Centre the 3” Blast marker on the fighter |
that has just been taken Out of Action. All
models under the marker count as being hit
by a frag grenade.",,,
../TacticsCards/CAWDOR/Reformation.png,Reformation,Cawdor Tactics,"Play this gang tactic during the Priority phase of
any round, after Roll for Priority, but before
Ready Fighters.

Until the end of this round, friendly House
Cawdor fighters may perform Articles of Faith
chosen from a Path their gang does not follow.
If, however, your gang follows no particular
Path, discard this gang tactic and select another.",,,
../TacticsCards/CAWDOR/Righteous Day.png,Righteous Day,Cawdor Tactics,"Play at the start of any round.

For the duration of the round, all successful
wound rolls made against friendly fighter must
be re-rolled. However, friendly fighters not
engaged in melee must charge the nearest enemy
model if possible, or use their entire

activation to move as close to the enemy as
possible.",,,
../TacticsCards/CAWDOR/Rise Anew.png,Rise Anew,Cawdor Tactics,"Play this gang tactic when activating a Seriously
Injured friendly fighter.

This Fgh tes regains a single Wound and is no
longer Seriously Injured; instead the fighter
becomes Standing and Active. This fighter's
activation then ends.",,,
../TacticsCards/CAWDOR/Shielded by Faith.png,Shielded by Faith,Cawdor Tactics,"Play this gang tactic when a friendly House
Cawdor fighter is hit by a Blast weapon.

Roll a D6. On a 2+, the hit has no effect against
the chosen fighter. On a 1, they are affected as
normal but this gang tactic is not discarded.",,,
../TacticsCards/CAWDOR/Stirring Oration.png,Stirring Oration,Cawdor Tactics,"Play at the start of any round.

Choose one fen Leader or Champion model.
For the duration of the round, the Leading by
Example rule applies as long as the fighter can
draw line of sight to the chosen model. For this
round, the chosen Leader or Champion cannot
benefit from the effects of cover.",,,
../TacticsCards/CAWDOR/The Emperor Protects (redacted).png,The Emperor Protects,Cawdor Tactics,"Play this card during the Priority phase of

any round, after Roll for Priority, but before
Ready Fighters.

Until the end of this round, all friendly House
Cawdor fighters gain a 5+ save roll that cannot
be modified in any way. However, if a fighter
attempts to use this save but the roll is failed, any
Injury dice that are subsequently rolled treat rolls
of Seriously Injured as Out of Action. A House
Cawdor fighter can choose not to make this save.",,,
../TacticsCards/CAWDOR/The Price of Avarice.png,The Price of Avarice,Cawdor Tactics,"Play this gang tactic during the Priority phase of
any round, after Roll for Priority, but before
Ready Fighters.

Until the end of this round, any enemy fighters
that are within 4"" of a friendly House Cawdor
fighter must re-roll successful Ammo checks to
see if their weapon goes Out of Ammo (they do
not have to re-roll Ammo checks made as part
of the Reload action).",,,
../TacticsCards/CAWDOR/Unyielding Zeal.png,Unyielding Zeal,Cawdor Tactics,"Play this gang tactic during the Priority phase of
any round, after Roll for Priority, but before
Ready Fighters.

Until the end of this round, every friendly House
Cawdor fighter currently on the battlefield gains
a +2 modifier to any Cool checks they are
required to make.",,,
../TacticsCards/CAWDOR VEHICLES/Armoured by Faith.png,Armoured by Faith,Cawdor Vehicle Tactics,"Play this gang tactic after both gangs have
deployed before the first roll for Priority.
For the duration of the battle, D3 friendly
vehicles increase their Front Toughness by 1.",,,
../TacticsCards/CAWDOR VEHICLES/Beacon of Faith.png,Beacon of Faith,Cawdor Vehicle Tactics,"Play this gang tactic after both gangs have
deployed but before the first roll for Priority.
Select a friendly vehicle.

For the duration of this battle, while this vehicle
is not Wrecked, all friendly models within 9""
may apply a +1 modifier to all Cool checks.",,,
../TacticsCards/CAWDOR VEHICLES/Blessed Dodge.png,Blessed Dodge,Cawdor Vehicle Tactics,"Play this gang tactic when a friendly fighter fails
an Initiative check to avoid being run over by

a vehicle.

The fighter is considered to have passed the
Initiative check.",,,
../TacticsCards/CAWDOR VEHICLES/Cleansed by Fire.png,Cleansed by Fire,Cawdor Vehicle Tactics,"Play this gang tactic when activating a friendly
vehicle, before performing any actions.

The vehicle becomes subject to the Blaze
condition. Until the flames go out, any models
that either start their activation within 1"" or
move within 1"" of this vehicle during their
activation become subject to the Blaze condition
on a D6 roll of 3+.",,,
../TacticsCards/CAWDOR VEHICLES/Doused in Promethium.png,Doused in Promethium,Cawdor Vehicle Tactics,"Play this gang tactic when activating a fighter
subject to the Mounted condition before they
perform any actions.

For the duration of the fighter's activation, one
of their weapons with the Melee trait gains

the Blaze trait.",,,
../TacticsCards/CAWDOR VEHICLES/Fateful Swerve.png,fateful Swerve,Cawdor Vehicle Tactics,"Play this gang tactic when a friendly vehicle
suffers a Penetrating Hit or Catastrophic Hit.
The vehicle suffers a Glancing Hit instead.",,,
../TacticsCards/CAWDOR VEHICLES/Fury of Righteous Convictions.png,Fury of Righteous Convictions,Cawdor Vehicle Tactics,"Play this gang tactic when activating a friendly
fighter subject to the Mounted condition before
performing any actions.

For the duration of their activation, they gain +2
Strength and all of their weapons gain the
Reckless trait.",,,
../TacticsCards/CAWDOR VEHICLES/Incendiary Ram.png,Incendiary Ram,Cawdor Vehicle Tactics,"Play this gang tactic when a friendly vehicle has
a head-on collision during its activation, before
resolving the collision.

Place the 5"" Blast marker in the centre of the
vehicle's front hull. All models under the blast
marker, including the activated model, suffer

a $3, AP-1, D1 hit as if by a weapon with

the Blaze trait. Then resolve the collision
normally.",,,
../TacticsCards/CAWDOR VEHICLES/Joust.png,Joust,Cawdor Vehicle Tactics,"Play this gang tactic when a friendly fighter
subject to the Mounted condition causes
an enemy vehicle to become Wrecked.

The fighter gains an additional D3 XP.",,,
../TacticsCards/CAWDOR VEHICLES/Judgement Due.png,Judgement Due,Cawdor Vehicle Tactics,"Play this gang tactic after both gangs have
deployed, before the first roll for Priority.
Select an enemy vehicle. If it is Wrecked

at the end of the battle, your gang's Leader
gains D3 XP.",,,
../TacticsCards/CAWDOR VEHICLES/Martyrdom.png,| Martyrdom,Cawdor Vehicle Tactics,"Play this gang tactic when a friendly fighter is
taken Out of Action by an enemy model before
rolling on the Lasting Injury table.

Do not roll on the Lasting Injury table - the
fighter automatically suffers the Memorable
Death result. For the remainder of the battle,
all friendly models apply a +1 modifier to any
rolls to wound the enemy model, and friendly
models earn an additional D3 XP if they take
the enemy model Out of Action.",,,
../TacticsCards/CAWDOR VEHICLES/Prayer Wagon.png,Prayer Wagon,Cawdor Vehicle Tactics,"Play this gang tactic after both gangs have
deployed, before the first roll for Priority.

Select a friendly vehicle. For the duration of

the battle it rolls 3 dice to see if it generates Faith
dice.",,,
../TacticsCards/CAWDOR VEHICLES/Pyroclastic Rain.png,Pyroclastic Rain,Cawdor Vehicle Tactics,"Play this gang tactic when activating a friendly
vehicle before performing any actions.

For the duration of this activation, any weapon
with the Blaze and Template traits may place the
template within 6"" instead of in contact with the
weapon so that the narrow end of the template is
closer to the attacking vehicle than the wide end.",,,
../TacticsCards/CAWDOR VEHICLES/Rearm!.png,Rearm!,Cawdor Vehicle Tactics,"Play this gang tactic after resolving an attack
from a weapon with the Lancebomb trait.
The next successful hit from this erpon will
use the Primed profile instead of the Spent
profile.",,,
../TacticsCards/CAWDOR VEHICLES/Scrap Dealers.png,Scrap Dealers,Cawdor Vehicle Tactics,"Play this gang tactic during the post-battle
sequence when making the Negotiate Repairs
post-battle action.

Reduce the cost of repairs by D6x10 credits to
a minimum of 5 credits.",,,
../TacticsCards/CAWDOR VEHICLES/Self Destruct.png,Self Destruct,Cawdor Vehicle Tactics,"Play this gang tactic at any point during

a friendly vehicle's activation.

All models, both friend and foe, within 5"" of
the vehicle suffer a S6, AP-1, D1 hit as if from
a weapon with the Blaze trait. The activated
vehicle is then Wrecked, add 1 to the roll on
the Lasting Damage table.",,,
../TacticsCards/CAWDOR VEHICLES/Weak Spot.png,Weak Spot,Cawdor Vehicle Tactics,"Play this gang tactic before rolling Damage dice.
Roll one additional Damage dice.",,,
../TacticsCards/CAWDOR VEHICLES/Where There’s Scrap....png,Where There’s Scrap...,Cawdor Vehicle Tactics,"Play this gang tactic during the post-battle
sequence during the Receive Rewards step.

Add D3x5 credits to your gang’s Stash for each
Wrecked enemy vehicle and enemy fighter
subject to the Mounted condition who was taken
Out of Action.",,,
../TacticsCards/CORPSE GRINDERS/Blessed by Death.png,Blessed by Death,Corpse Grinders Tactics,"Play this card when a fighter in your gang

takes an enemy fighter Out of Action with

a weapon with a Melee trait.

Tuck this card under the fighter's card; for
the remainder of the battle, the fighter

| gains +1 WS.

|",,,
../TacticsCards/CORPSE GRINDERS/Blood Surge.png,Blood Surge,Corpse Grinders Tactics,"Play this card when a Standing and Active

‘fighter in your gang is hit by a ranged attack.

|

|The fighter does not become Pinned. |

Instead they may immediately make a Move
(Simple) action. The fighter may perform

| this action even if they are not Ready.

|",,,
../TacticsCards/CORPSE GRINDERS/Bountiful Feast.png,Bountiful Feast,Corpse Grinders Tactics,"| Play immediately after a fighter in your gang
performs a Coup de Grace (Simple) action.
Remove anumber of Flesh Wounds from |
the fighter equal to the Wounds
characteristic of the enemy fighter taken

Out of Action by the Coup de Grace.",,,
../TacticsCards/CORPSE GRINDERS/Frenzy.png,| Frenzy,Corpse Grinders Tactics,"Play this card instead of activating a fighter.
Choose a single Ready enemy fighter within 9""
and line of sight of one of your fighters. The
chosen fighter must make a Cool check. If they
fail, they lose their Ready marker and must
immediately make a Move (Simple) action,
moving as if subject to the Broken condition.",,,
../TacticsCards/CORPSE GRINDERS/Infamous Butcher.png,Infamous Butcher,Corpse Grinders Tactics,"| Play this card at the start of the Deployment
step of the pre-battle sequence, before any
fighters have been deployed.

For the duration of this battle, one Corpse
Grinder fighter of your choice gains the
Fearsome skill.",,,
../TacticsCards/CORPSE GRINDERS/Reign of Blood.png,Reign of Blood,Corpse Grinders Tactics,"Play this card when a Leader or Champion in
your gang takes an enemy fighter Out of Action
with a weapon with the Melee trait.

Tuck this card under the fighter's card. When
this fighter makes a group activation, they may
include one more fighter than normal as part of
the group.",,,
../TacticsCards/CORPSE GRINDERS/Rend and Tear.png,Rend and Tear!,Corpse Grinders Tactics,"| Play this card at the start of any Action
phase.

Until the End phase of this round, all |
weapons with the Melee trait used by
friendly fighters gain the Rending trait.",,,
../TacticsCards/CORPSE GRINDERS/Savage Brutality.png,Savage Brutality,Corpse Grinders Tactics,"Play when an enemy fighter is Seriously Injured
or taken Out of Action by a Melee attack.

All enemy fighters within 12"" that can draw line
of sight to the target must take Nerve tests. Any
fighters not within 3"" become Broken as normal
if they fail, but automatically rally in the End
phase of the round.",,,
../TacticsCards/CORPSE GRINDERS/Scent of Blood.png,Scent of Blood,Corpse Grinders Tactics,"| Play this card when a fighter in your gang is
taken Out of Action.
Choose a friendly Standing and Engaged |
fighter within 9"" and line of sight of the
fighter taken Out of Action. They may
immediately make a Fight (Basic) action,
even if they are not Ready.",,,
../TacticsCards/CORPSE GRINDERS/The Red Hunt.png,The Red Hunt,Corpse Grinders Tactics,"| Play this card during any Action phase, after
Fleeing the battlefield but before Activate
Fighters.

Each friendly fighter Engaged with an
enemy fighter can take a Reaction attack;
they do not need to make an Initiative check.",,,
../TacticsCards/CORPSE GRINDERS/Visions of Slaughter.png,Visions of Slaughter,Corpse Grinders Tactics,"| Play this card at the start of any Action phase.
|

Until the End phase of this round, fighters
from your gang treat the Charge action as __
(Basic) rather than (Double). However,

until the End phase of this turn, any fighter
from your gang that performs a Charge

| (Basic) action reduces their Weapon Skill
characteristic by -1.",,,
../TacticsCards/CORPSE GRINDERS/Whirlwind of Blows.png,Whirlwind of Blows,Corpse Grinders Tactics,"| Play this card when activating a fighter in
your gang that is Standing and Engaged.

For the duration of this fighter's |
activation, increase their Attacks
characteristic by 1 for each enemy fighter
they are Engaged with.",,,
../TacticsCards/DELAQUE/A Debt to Pay.png,A Debt to Pay,Delaque Tactics,"Play this gang tactic at the start of the battle, afte
both sides have deployed, but before the first
round. Choose one enemy Ganger or Juve. That
fighter owes a debt to your gang and is not about
to anger their creditors. For the duration of this
battle, that fighter must take a Willpower check
before they can make a Charge (Double) action
targeting an enemy Delaque fighter. If the check
is failed, the fighter cannot perform the action
and must declare another. If the check is passed,
the fighter may perform the action as normal.",,,
../TacticsCards/DELAQUE/Assassins.png,Assassins,Delaque Tactics,"Play instead of activating a fighter. |
For the remainder of this round, any ranged —
attacks made by a fighter that is outside of
the target's vision are gains +2 to hit.",,,
../TacticsCards/DELAQUE/Blinding Revelations.png,Blinding Revelations,Delaque Tactics,"Play this gang tactic when a friendly Delaque
fighter is taken Out of Action by a close combat
attack or by a Coup De Grace (Simple) action.
Before the fighter is removed from play, place

a large 5"" Blast marker, centred on the fighter.
All fighters touched by the marker are hit as if by
a weapon with the Flash trait.",,,
../TacticsCards/DELAQUE/Cloying Darkness.png,Cloying Darkness,Delaque Tactics,"Play this gang tactic when an enemy fighter
performs a Fight (Basic) action.

Darkness swirls around the enemy fighter,
seeming to grasp at their weapons. Apply a -D3
modifier to the fighter's Hit roll.",,,
../TacticsCards/DELAQUE/Confusion (redacted).png,Confusion,Delaque Tactics,"Play this card at the start of the battle, after both
sides have deployed, but before the first round.
Choose a fighter from opponent's starting crew
that is on the battlefield and place a marker on
their card. Choose one Melee weapon they're
equipped with. During this battle, when they
wish to use that weapon, they must first make an
Intelligence check. If the check is passed, they
may use the weapon as normal. If the check is
failed, their WS is treated as 6+ when making
attacks with that wapon during this activation.",,,
../TacticsCards/DELAQUE/Dancing Shadows.png,Dancing Shadows,Delaque Tactics,"| Play this card when an enemy fighter makes
a ranged attack.

The attacking enemy fighter must passan  _
Intelligence check. If they fail, the attack
automatically misses and their activation
ends.",,,
../TacticsCards/DELAQUE/Darkness Descends.png,Darkness Descends,Delaque Tactics,"Play at the start of any round other than the first,
after rolling for Priority.

At a pre-planned signal, the lights go out and the
battlefield is plunged into darkness. For the
remainder of the battle, the Pitch Black scenario
rules are in effect. During each End phase, your
opponent may roll a d6. On a 6, the Pitch Black
rules are lifted and the lights come back on.",,,
../TacticsCards/DELAQUE/Deceit.png,Deceit,Delaque Tactics,"Play this gang tactic during the Priority phase of
any round, after Roll for Priority, but before
Ready Fighters.

You may immediately reverse the results of the
Priority roll. In other words, you may choose to
take Priority if your opponent won the roll, or
you may choose to give your opponent Priority if
you won the roll.",,,
../TacticsCards/DELAQUE/Dirt on You.png,Dirt on You,Delaque Tactics,"Play at the start of the game, after both gangs
have been deployed.

Your gang has some information that is making
the Leader of the enemy gang particularly
twitchy. For the duration of the battle, your
opponent's Leader suffers a -1 modifier to any
Cool checks they must make. If your opponent's
leader is not available for this battle, discard this
card.",,,
../TacticsCards/DELAQUE/Disquieting Susurration.png,Disquieting Susurration,Delaque Tactics,"Play this gang tactic when a friendly Delaque
fighter fails their Willpower check to perform
a Wyrd Power action.

You may immediately re-roll the failed
Willpower check. However, you must accept
the result of the second roll, even if it is worse
than the first.",,,
../TacticsCards/DELAQUE/Distrust.png,| Distrust,Delaque Tactics,"Play this gang tactic at the start of the battle,
after both sides have deployed, but before the
first round. Choose one enemy Ganger or

Juve. For the duration of this battle, fighters
belonging to both gangs treat that fighter as an
enemy fighter. Note that the opposing player still
treats this fighter as part of their crew, activating
them, performing actions and so forth, but in all
other regards the fighter is treated as an enemy
fighter and not as a part of the gang.",,,
../TacticsCards/DELAQUE/Eyes in the Dark.png,Eyes in the Dark,Delaque Tactics,"Play at the start of any round, after rolling for
Priority.

For the duration of the round, all friendly
fighters are treated as having photo goggles.
Friendly fighters already equipped with photo
goggles may instead ignore cover when making
a Shoot (Basic) action targeting a Standing and
Active enemy fighter. Note that this does not
apply if the action would be (Simple) or
(Double) for any reason.",,,
../TacticsCards/DELAQUE/Faceless.png,Faceless,Delaque Tactics,"| Play at the start of any round, after rolling
for Priority.

Choose two of your fighters anywhereon
the board. These fighters swap positions,
even if they are Engaged in melee. Leaders,
Champions, Brutes, Hired Guns, and
Seriously Injured fighters may not be moved
using this card.",,,
../TacticsCards/DELAQUE/Faces in the Gloom.png,Faces in the Gloom,Delaque Tactics,"Play this gang tactic when an enemy fighter
performs a Shoot (Basic) action.

Faces loom from the darkness of the underhive,
making the fighter think they are surrounded by
enemies. Apply a -D3 modifier to the fighter's
Hit roll.",,,
../TacticsCards/DELAQUE/Friend or Foe_.png,Friend or Foe?,Delaque Tactics,"Play at the start of any round, after rolling for
Priority.

Choose one of your fighters. For the duration of
the round, fighters on the enemy gang may not
target this fighter with any attacks. Additionally,
this fighter may move within 1"" of enemy
fighters, and vice versa. Should this fighter make
any attacks targeting an enemy fighter, this card
immediately expires.",,,
../TacticsCards/DELAQUE/Ghostly.png,Ghostly,Delaque Tactics,"Play this card when activating a fighter.

Tuck this card under the fighter's card.

While it is there, all ranged attacks targeting

this fighter suffer an additional -1 modifier
to the hit roll. In each End phase, roll a D6.
On a 1, the card is discarded.",,,
../TacticsCards/DELAQUE/Labyrinth.png,| Labyrinth,Delaque Tactics,"| Play at the start of the game, after both

gangs have been deployed.

You may immediately move D6 obstacles up
to 3"" in any direction. Alternatively, you

may either add or remove D3 obstacles.",,,
../TacticsCards/DELAQUE/Maddening Voices.png,Maddening Voices,Delaque Tactics,"Play this gang tactic when the opposing player
activates one of their fighters.

The activated fighter must immediately make a
Willpower check, applying a -1 modifier for each
of your Delaque fighters that is within 3"" of
them. If this check is failed, the activated fighter
immediately becomes subject to the Insane
condition (as described in the Necromunda
Rulebook).",,,
../TacticsCards/DELAQUE/Mass Infiltration.png,Mass Infiltration,Delaque Tactics,"| Play this card during deployment.

Choose D3 fighters in your crew. For the
duration of this battle, these fighters gain |
the Infiltrate skill",,,
../TacticsCards/DELAQUE/Over Here....png,Over Here...,Delaque Tactics,"Play when an enemy model makesa Move |
(Simple) action.

Instead of moving normally, the chosen |
enemy fighter moves D6"" in a direction
chosen by you, stopping if they come into
contact with any terrain. |",,,
../TacticsCards/DELAQUE/Perfect Disguises.png,Perfect Disguises,Delaque Tactics,"Play during the pre-battle sequence, during Step
Five: Choose Crews.

If the scenario uses the Random Selection (X)
method for choosing crews, you may add D3 to
the number shown in brackets.",,,
../TacticsCards/DELAQUE/Shadowfast.png,Shad owfast,Delaque Tactics,"Play this gang tactic when a friendly Delaque
fighter takes an enemy fighter Out of Action with
an attack as part of a Charge (Double) action.

If the fighter is no longer Engaged, they may
immediately make a free Move (Simple) action.
If the fighter is Engaged, they may immediately
make a free Fight (Basic) action instead.",,,
../TacticsCards/DELAQUE/Shape Shifting.png,Shape Shifting,Delaque Tactics,"Play this gang tactic when a friendly Delaque
fighter becomes Seriously Injured.

Immediately remove the Seriously Injured fighter
from the battlefield and replace them with
another member of the gang that is not currently
on the battlefield (i.e., a fighter that is not part of
your starting crew). Do not make a Lasting Injury
roll against the Seriously Injured fighter. Instead,
they go straight into Recovery as if a roll of 31-45,
Grievous Injury, had been made against them.",,,
../TacticsCards/DELAQUE/Shifting Shadows.png,Shifting Shadows,Delaque Tactics,"Play this gang tactic when activating a friendly
Delaque fighter.

The activated pphtes may immediately be
removed from the battlefield and replaced
anywhere within 4"" of its previous location.",,,
../TacticsCards/DELAQUE/Shooting at Shadows.png,Shooting at Shadows,Delaque Tactics,"Play this gang tactic when a friendly Delaque
fighter is hit by an enemy ranged attack.

Roll a D6. On a 2+, the hit has no effect against
the chosen fighter. On a 1, they are affected as
normal but this gang tactic is not discarded.",,,
../TacticsCards/DELAQUE/Sightblind Traps.png,Sightblind Traps,Delaque Tactics,"Play this gang tactic instead of activating a fighter
Place a Sightblind trap marker anywhere within
2"" of one of your fighters. When triggered roll

a D6, on a 4+ it is a Real Trap as detailed in the
rules for Hidden Traps.",,,
../TacticsCards/DELAQUE/Snakes in the Dark.png,Snakes in the Dark,Delaque Tactics,"Play this gang tactic at the start of the
Deployment step of the pre-battle sequence,
before any fighters have been deployed. If the
scenario requires you to deploy your gang first,
you may redeploy any number of your fighters
after your opponent has deployed their gang.

In other words, you may remove any number of
your fighters from the battlefield and deploy
them again. Redeployed fighters must follow the
deployment rules as determined by the scenario.",,,
../TacticsCards/DELAQUE/Vanish.png,Vanish,Delaque Tactics,"| Play during any End phase, immediately
after failing a Bottle test.

Remove all friendly models from the board, |
even if they are Engaged in melee. The game
then ends.",,,
../TacticsCards/DELAQUE/Web Traps.png,Web Traps,Delaque Tactics,"Play this gang tactic instead of activating a fighter
Place a Web trap marker anywhere within 2"" of
one of your penters: When triggered roll a D6,
on a 4+ it is a Real Trap as detailed in the rules
for Hidden Traps.",,,
../TacticsCards/DELAQUE/Whispered Threats.png,Whispered Threats,Delaque Tactics,"Play this gang tactic when the enemy gang makes
its first Bottle test of the battle.

The enemy player must make this Bottle test on
21D6, rather than the usual D6.",,,
../TacticsCards/DELAQUE/Whisperer.png,Whisperer,Delaque Tactics,"Play this gang tactic at the start of the battle,
after both sides have deployed, but before

the first round.

Choose a friendly Delaque fighter in your
starting crew. Until the end of this battle, that
fighter gains the Psychoteric Mastery and Non-
Sanctioned es special rules and knows one
Psychoteric Whisper of your choice. This does
not affect their Credits cost.",,,
../TacticsCards/ENFORCERS/Ankle Holster.png,Ankle Holster,Enforcers Tactics,"Play this card when activating a fighter.

Tuck this card under the fighter's card. While it
is there, the fighter may use their stub gun to
make Shoot (Simple) actions as well as or in
place of making Shoot (Basic) actions with

any other ranged weapon. If the Ammo symbol
is rolled on the Firepower dice, the card is
discarded.",,,
../TacticsCards/ENFORCERS/Appropriate Force.png,Appropriate Force,Enforcers Tactics,"Play this card when activating a fighter.

If this fighter makes a Fight (Basic) action, they
gain one additional attack. This attack must be
made with a weapon with the Melee trait and
cannot be made with a weapon with the Sidearm
trait. Roll for this attack separately and, if it hits,
is resolved at +1 Damage.",,,
../TacticsCards/ENFORCERS/Big Red Key.png,Big Red Key,Enforcers Tactics,"Play at the start of any round. |
For the duration of this round, any Force |
Door (Basic) actions taken by friendly |
fighters automatically succeed.",,,
../TacticsCards/ENFORCERS/Crackdown.png,| Crackdown,Enforcers Tactics,"| Play at the start of any round.

Untul the End phase of this round, all
weapons with the Melee trait used by |
friendly fighters gain the Concussion trait.",,,
../TacticsCards/ENFORCERS/Don_t Trip.png,Don't Trip!,Enforcers Tactics,"Play this card when an enemy fighter that has
used a Move (Simple) action to climb finishes
the action.

The enemy fighter must immediately pass an
Initiative check. If they fail, they will fall and are
placed back where they started. If the enemy
fighter climbed pane a ladder or stairs, they gain
a+2 modifier to the Initiative check.",,,
../TacticsCards/ENFORCERS/Excellent Reconnaissance.png,Excellent Reconnaissance,Enforcers Tactics,"| Play this card at the start of the Deployment
step of the Pre-battle sequence, before any
fighters have been deployed.

For the duration of this battle, one Palanite
fighter of your choice (1.e., a fighter that is
not a Subjugator) gains the Infiltrate skill.",,,
../TacticsCards/ENFORCERS/Extra Vest.png,Extra Vest,Enforcers Tactics,"| Play this card immediately after a fighter |
fails a save roll.

Roll a D6. On the roll of a 6, the save rollis |
passed. On any other result, the failed save
roll stands.",,,
../TacticsCards/ENFORCERS/Informant.png,", Informant",Enforcers Tactics,"| Play during the pre-battle sequence, during
Step 8. Deployment.

Nominate one fighter from your opponent's |
starting crew. You may remove this fighter
and redeploy them as you wish, following
the normal deployment rules for the scenario
being played.",,,
../TacticsCards/ENFORCERS/Jaded Veteran.png,Jaded Veteran,Enforcers Tactics,"| Play this card at the start of the Deployment
step of the pre-battle sequence, before any
fighters have been deployed.

For the duration of this battle, one fighter of
your choice cannot be subject to the Broken
condition.",,,
../TacticsCards/ENFORCERS/Lockdown.png,| Lockdown,Enforcers Tactics,"Play at the start of any round.

Every open door on the board that does not have
a door terminal closes. Every closed door on the
board that does not have a door terminal
becomes locked and can only be opened with
force, either by targeting them with attacks or by
performing a Force Door (Basic) action against
them.

Doors with terminals are unaffected by this card.",,,
../TacticsCards/ENFORCERS/Shock and Awe.png,Shock and Awe,Enforcers Tactics,"Play at the start of any round. |
For the duration of this round, D3+1 |
fighters of the controlling player's choice |
gain the Fearsome skill.",,,
../TacticsCards/ENFORCERS/Stop and Search.png,Stop and Search,Enforcers Tactics,"| Play immediately after a fighter in your gang
performs a Coup de Grace (Simple) or
Restrain (Simple) action.

The Enforcer rifles through the pockets of
their victim. Immediately add D6x10 credits
to the gang's Stash.",,,
../TacticsCards/ESCHER/A New Strain.png,A New Strain,Escher Tactics,"Play immediately before rolling to wound |
with a Gas weapon.

Add 2 to the result of the dice roll to |
determine whether the target succumbs to
the gas.",,,
../TacticsCards/ESCHER/Blade Traps.png,Blade Traps,Escher Tactics,"Play this gang tactic instead of activating

a fighter.

Place a Blade Cage marker anywhere within |

2"" of one of your fighters. When triggered, |

roll a D6. On a 4+, it is a Real Trap as |

detailed in the rules for Hidden Trapson
page 100 of House of Blades.",,,
../TacticsCards/ESCHER/Chemical Reign.png,Chemical Reign,Escher Tactics,"Play this gang tactic when activating a fighter.
The active fighter can choose to apply a single
Chem-alchemy effect to one of their weapons
that has either the Gas and /or Toxin traits.",,,
../TacticsCards/ESCHER/Counter-Charge.png,Counter-Charge,Escher Tactics,"Play this card when an enemy fighter makes a
Charge action, after they move but before they
make their attacks.

Pick a Readied fighter from your gang. They can
make a Standard Move (adding D3"" to the
distance they can move, as though they were
charging) towards the enemy fighter who
charged. The counter-charging fighter cannot
make any attacks, but they can make Reaction
attacks and grant assists /interference as normal.",,,
../TacticsCards/ESCHER/Dance of Death.png,Dance of Death,Escher Tactics,"Play this gang tactic at the start of the
Action phase.

For the duration of the round, all friendly
Escher fighters gain the Acrobatic skill.",,,
../TacticsCards/ESCHER/Death and the Maiden.png,Death and the Maiden,Escher Tactics,"Play this gang tactic when a friendly fighter |
suffers a Memorable Death result on the
Lasting Injury table. |
Roll 2D6. If the result is equal to or lower
than the fighter's Toughness

characteristic, add a Death- maiden to your
gang. The new Death-maiden comes with |
no advancements or equipment. |",,,
../TacticsCards/ESCHER/Free Fall.png,Free Fall,Escher Tactics,"Play this gang tactic at the start of |
the battle, after both sides have deployed, |
but before the first round.
For the duration of the game, fighters in |
your crew gain the Catfall skill. |",,,
../TacticsCards/ESCHER/Gas Trap.png,Gas Trap,Escher Tactics,"Play this at the start of the battle when setting up
your gang. Pick any of your fighters to carry the
trap, and put this card under their card. Once
during the game, the fighter, as long as they are
Active, can Set Gas Trap (Double) - Place a Gas
Trap marker within 1"" of the fighter. Then they
can move up to D6"". If the fighter goes Out of
Action before making this action, roll a D6. On a
1, the trap triggered (centred on the fighter's base)
On a 2-3, place a Gas Trap marker where the
fighter stood. On a 4+, discard this card.",,,
../TacticsCards/ESCHER/Gifts of the Matron.png,Gifts of the Matron,Escher Tactics,"Play this gang tactic when activating

a fighter.

The fighter can choose to apply a single
Chem-alchemy Stimm effect to themselves.",,,
../TacticsCards/ESCHER/Hit and Run.png,Hit and Run,Escher Tactics,"Play this gang tactic at the start of the End
phase.

Choose three of your fighters. These
fighters may make a free Move (Simple)
action or a Retreat (Basic) action.",,,
../TacticsCards/ESCHER/Kill Count.png,Kill Count,Escher Tactics,"Play this tactic at the start of the Action phase.
Choose a number between | and 6. If this
number of enemy fighters are Seriously Injured
or taken OOA as a result of attacks made by your
fighters this round (fighters fleeing the battle as
a result of failing a Bottle test don't count) then
your gang’s Leader earns XP equal to the number
chosen if she's part of your crew for this battle.
If your crew doesn't include a fighter with the
Leader (Escher) special rule, you may discard
this gang tactic and select another.",,,
../TacticsCards/ESCHER/Mistress of Death.png,Mistress of Death,Escher Tactics,"Play this gang tactic when a friendly |
Death-maiden takes an enemy fighter Out
of Action. |
The Death-maiden's activation immediately
ends, but she immediately becomes |
Standing and Active, and can be activated _
again this round.",,,
../TacticsCards/ESCHER/Not so Easy....png,Not so Easy...,Escher Tactics,"| Play at the start of any round after the
opposing gang has bottled out.

When making Nerve tests for opposing |
fighters to see if they flee, subtract 2 from
the result if they are within 3"" of a fighter
from this gang.",,,
../TacticsCards/ESCHER/Predatory Phyrr.png,Predatory Phyrr,Escher Tactics,"Play this gang tactic of the Action phase.
For the duration of the round, enemy
fighters become subject to the Horrors in
the Dark special rule as detailed in the
Necromunda Rulebook.",,,
../TacticsCards/ESCHER/Put Them Down!.png,Put Them Down!,Escher Tactics,"| Play at the end of any Action phase.

Any Seriously Injured enemy fighters that
are within 2” of an Active fighter from this _
gang are immediately taken Out of Action.",,,
../TacticsCards/ESCHER/Queen of the Hive.png,Queen of the Hive,Escher Tactics,"Play this gang tactic at the start of the Action
phase. For the duration of this round, enemy
fighters must pass a Willpower check if they wish
to target a fighter in your crew with the Leader
(Escher) special rule with a Shoot or Fight (Basic)
action. If this check is failed they may choose

a different target, ignoring the fighter with the
Leader (E.) special rule for the purposes of the
Target Priority rule. If your crew doesn't

include a fighter with the Leader (E.) special
rule, you may discard this tactic and select anothe!",,,
../TacticsCards/ESCHER/Rain of Blades.png,Rain of Blades,Escher Tactics,"| 1
Play this gang tactic when activating |
_a fighter. |
|The fighter can immediately make a Charge |
(Double) action. This charge is a free action
-and does not count against their normal |
allotment of actions this activation.
|

|",,,
../TacticsCards/ESCHER/Running Battle.png,Running Battle,Escher Tactics,"Play this gang tactic when activating a fighter.
The active fighter may make a Run and Gun
(Double) action as if they had the Hip Shooting
skill. If the fighter is part of a Group Activation
then all fighters involved in the Group Activation
may make a Run and Gun (Double) action.",,,
../TacticsCards/ESCHER/Scrag.png,Scrag,Escher Tactics,"| Play this card after one of your fighters puts
an enemy out of action in close combat.
Enemy fighters must make a Nerve testif
they are within 9"" rather than 3"" (they must
still be visible). In addition, subtract 2 from
the result of any Nerve tests made for
fighters within 3"".",,,
../TacticsCards/ESCHER/Search and Scrag.png,Search and Scrag,Escher Tactics,"Play this gang tactic when an enemy fighter fails
a Nerve test.

After the enemy fighter has completed their Run
for Cover (Double) action, any of your fighters
within 12"" of them may make a Move (Simple)
action. They must end this free move closer to
the Broken fighter.",,,
../TacticsCards/ESCHER/Shivver Prophesy.png,Shivver Prophesy,Escher Tactics,"Play this gang tactic at the start of the End |
phase.

Roll 2D6. If the result is equal to orlower |
than the current game round, play one more
full round. The game then ends and victory
conditions and rewards are worked out as
normal. |",,,
../TacticsCards/ESCHER/Side by Side.png,Side by Side,Escher Tactics,"Play instead of activating a fighter. |
Untul the end of this round, any assists that |
are granted by fighters from this gang grant |
a +2 bonus to the hit roll (instead of +1).",,,
../TacticsCards/ESCHER/Siren Howls.png,Siren Howls,Escher Tactics,"| Play at the start of any End phase.

Untul the start of the next End phase, add 1
to the result of any Bottle tests made for the |
enemy gang. In addition, Broken enemy
fighters cannot rally.",,,
../TacticsCards/ESCHER/Sisterhood of Violence.png,Sisterhood of Violence,Escher Tactics,"Play this gang tactic when an enemy fighter |
is taken Out of Action as a result of an
attack made by a friendly fighter. |
After completing the current fighter's
activation, immediately activate a friendly
fighter within 12"" of the fighter who just
activated. |",,,
../TacticsCards/ESCHER/Stealthy Advance.png,Stealthy Advance,Escher Tactics,"| Play this card after both gangs have been
set up at the start of the battle, before the
first round begins.

Up to half of the fighters in your crew
(rounding up) can immediately make a
Standard Move.",,,
../TacticsCards/ESCHER/Swift Redeployment.png,Swift Redeployment,Escher Tactics,"| Play this card instead of activating a fighter.
Roll a D3. All of your fighters can
immediately move that many inches, even if |
they have already been activated this round.",,,
../TacticsCards/ESCHER/Three-Point Landing.png,Three-Point Landing,Escher Tactics,"Sector Mechanicus only. |
Play when a fighter falls. |
The fighter is not Pinned by the fall and
does not suffer a hit. If they still have any
actions to take, they can take them. |",,,
../TacticsCards/ESCHER/Tunnel Runners.png,Tunnel Runners,Escher Tactics,"Zone Mortalis only. |
Play at the start of any round. |
For the duration of the round, all friendly
fighters can move through pitfalls and
ductways as though they were clear terrain. |
They cannot end their turn on them. |",,,
../TacticsCards/ESCHER/Ultra-Violence.png,Ultra-Violence,Escher Tactics,"| Play instead of activating a fighter.

For the remainder of the round, all weapons
with the Melee trait gain Parry - if they did
not already have it - and increase their AP

by -1.",,,
../TacticsCards/ESCHER/Unexpected Help.png,Unexpected Help,Escher Tactics,"Play this gang tactic at the start of the End |
phase.
Choose a fighter in your gang who was not |
included as part of your crew for this |
scenario. This fighter immediately arrives |
using the rules for Reinforcements.",,,
../TacticsCards/ESCHER/Wyld Hunt.png,Wyld Hunt,Escher Tactics,"Play this tactic at the start of the Deployment step
of the pre-battle sequence, before any fighters
have been deployed. Your gang may immediately
recruit a Wyld Runner and two Phelynx. These
fighters are recruited for free but will leave

the gang at the end of this battle. Wyld Runner

is armed with a whip and thr. knives. These are
not counted towards your max. crew size - they're
taken in addition to your starting crew. If you do
not have models to represent them, you may
discard this gang tactic and select another.",,,
../TacticsCards/ESCHER VEHICLES/Ash Waste Hitchhiker.png,Ash Waste Hitchhiker,Escher Vehicle Tactics,"Play this gang tactic when a friendly fighter has
failed an Initiative check to jump onto or off

a vehicle.

The Initiative check can be re-rolled.",,,
../TacticsCards/ESCHER VEHICLES/Biker Bounty.png,Biker Bounty,Escher Vehicle Tactics,"Play this gang tactic during the post-battle
sequence when receiving scenario rewards.

Add D3x5 credits to your oe Stash for each
enemy fighter subject to the Mounted condition
taken Out of Action during this battle.",,,
../TacticsCards/ESCHER VEHICLES/Chem Exhausts.png,Chem Exhausts,Escher Vehicle Tactics,"Play this gang tactic when activating a friendly
Mobile vehicle before performing any actions.
Once the vehicle's activation has finished, any
fighters that were within 1"" of the vehicle at
any point during its activation suffer

an automatic hit as if they were hit by a weapon
with the Toxin and Gas traits.",,,
../TacticsCards/ESCHER VEHICLES/Chemical Fuel Wizardry.png,Chemical Fuel Wizardry,Escher Vehicle Tactics,"Play this gang tactic at the beginning of the battle
before the first roll for Initiative.

For the duration of the battle, a friendly vehicle
increases its Movement characteristic by 2"". In
addition, at the end of each of its activations roll
a D6; on a roll of 1 the vehicle loses 1 Hull Point.",,,
../TacticsCards/ESCHER VEHICLES/Corrosive Gas.png,Corrosive Gas,Escher Vehicle Tactics,"Play this gang tactic at the beginning of the battle
before the first roll for Initiative.

For the duration of the battle, D3 weapons with
the Gas trait add 1 to any rolls to damage vehicles",,,
../TacticsCards/ESCHER VEHICLES/Death or Glory.png,Death or Glory,Escher Vehicle Tactics,"Play this gang tactic when a friendly Standing
and Active fighter is moved as a result of a
vehicle impact, before making an Initiative check
to dodge.

The fighter may immediately make a single

close combat attack against the vehicle. They
automatically fail the Initiative check to dodge
unless the vehicle is Wrecked as a result of this
attack.",,,
../TacticsCards/ESCHER VEHICLES/Full Throttle!.png,| Full Throttle!,Escher Vehicle Tactics,"Play this tactic card during the Action phase
instead of activating a model.

A friendly vehicle that does not have a Ready
marker may immediately activate. During this
activation the vehicle may only perform one
action and it must be a Move (Simple) action.
After the vehicle has finished its activation, make
a Loss of Control test for the vehicle.",,,
../TacticsCards/ESCHER VEHICLES/IT’S GONNA BLOW!!!.png,IT’S GONNA BLOW!!!,Escher Vehicle Tactics,"Play this gang tactic after a friendly vehicle is
Wrecked, before rolling on the Lasting Damage
table.

The vehicle explodes; all models within D6"" take
a S6, AP-1, D1 hit and the vehicle is then
removed from the battlefield. When rolling on
the Lasting Damage table for the vehicle, add 1
to the result.",,,
../TacticsCards/ESCHER VEHICLES/Jink!.png,Jink!,Escher Vehicle Tactics,"Play this gang tactic after a friendly fighter
subject to the Mounted condition is hit by

a ranged attack, before rolling to avoid being
Pinned.

The fighter makes an immediate Initiative
check. If the check is passed then the fighter
is not hit by the attack.",,,
../TacticsCards/ESCHER VEHICLES/Jumping the Gun.png,Jumping the Gun,Escher Vehicle Tactics,"Play this gang tactic at the beginning of the battle
before the first roll for Initiative.

D3 friendly fighters subject to the Mounted
condition may immediately make a Move
(Simple) action.",,,
../TacticsCards/ESCHER VEHICLES/Race Away.png,Race Away,Escher Vehicle Tactics,"Play this gang tactic after a friendly fighter
subject to the Mounted condition has made

a Fight (Basic) action, but before Reaction
attacks are made.

The fighter may immediately perform a free
Retreat (Basic) action. Reaction attacks can only
be made if the fighter is still Engaged with the
enemy fighter.",,,
../TacticsCards/ESCHER VEHICLES/Reckless Driving.png,Reckless Driving,Escher Vehicle Tactics,"Play this gang tactic when activating a friendly
vehicle before performing any actions.

For the duration of this activation, when
performing a Move (Simple) action, the vehicle
may make an extra pivot of up to 90 degrees at
any point before, during or after its move.",,,
../TacticsCards/ESCHER VEHICLES/Roaring Charge.png,Roaring Charge,Escher Vehicle Tactics,"Play this gang tactic when activating a friendly
fighter subject to the Mounted condition, before
performing any actions.

For the duration of this activation, if the fighter
performs a Charge (Double) action they may add
an additional D6"" to the distance moved.",,,
../TacticsCards/ESCHER VEHICLES/Steel Blur.png,Steel Blur,Escher Vehicle Tactics,"Play this gang tactic when activating a friendly
fighter subject to the Mounted condition before
performing any actions.

For the duration of this activation, Reaction
attacks cannot be made against any Ride By
attacks made by this fighter.",,,
../TacticsCards/ESCHER VEHICLES/The Last Ride.png,The Last Ride,Escher Vehicle Tactics,"Play this card when a friendly fighter subject to
the Mounted condition is taken Out of Action
before removing them from the battlefield.

The fighter immediately changes its Status to
Standing and may perform one action. The
fighter is then removed from the battlefield. If
they are taken Out of Action during this action
(for example, due to Reaction attacks) do not roll
an additional time on the Lasting Injury table,
though the enemy model will gain XP as normal
for taking them Out of Action.",,,
../TacticsCards/ESCHER VEHICLES/Wheels Down.png,Wheels Down,Escher Vehicle Tactics,"Play this gang tactic when a friendly fighter
subject to the Mounted condition falls, before
resolving any hits for falling.

The fighter takes no damage from the fall and is
not placed Prone.",,,
../TacticsCards/ESCHER VEHICLES/White Line Fury.png,White Line Fury,Escher Vehicle Tactics,"Play this gang tactic when activating a friendly
vehicle before performing any actions.

For the duration of this activation, the vehicle
treats the Move & Shoot action as a Simple
action instead of a Basic action.",,,
../TacticsCards/ESCHER VEHICLES/Wreckin' Crew.png,Wreckin' Crew,Escher Vehicle Tactics,"Play this gang tactic during the post-battle
sequence when receiving scenario rewards.

If any enemy vehicles were Wrecked then add 1
to your gang's Reputation.",,,
../TacticsCards/GENERIC CARDS/A Good Day.png,A Good Day,Conspiracy,"Play at the start of the game after both sides have
set up.

Choose a Champion or Leader model in your
crew. Tuck this card under that fighter's card.
For the duration of the game, Cool checks for
other fighters from your gang have a +2

modifier if ee within 3"" of the chosen
Champion or Leader.",,,
../TacticsCards/GENERIC CARDS/A Present for You!.png,A Present for You!,Gang Tactics,"Play this card when your opponent activates one
of their fighters, even if the fighter was activated
as part of a Group Activation. Centre the 3"" Blas
marker on the fighter who has just activated, then
roll the Scatter dice and a D6 to see where the
marker moves to. If a Hit is rolled on the Scatter
dice, the marker remains where it is. Roll a D6 on
the table below to determine what kind of
Traits(s) the blast has: [1-2 Concussion,3-4 Flash
5-6 Fear, Gas]. Any fighters under the marker
immediately suffer a hit with the Trait(s) listed.",,,
../TacticsCards/GENERIC CARDS/Adrenaline Surge.png,Adrenaline Surge,Gang Tactics,"Play when activating a fighter.
The fighter can make one additional action
this turn.",,,
../TacticsCards/GENERIC CARDS/Ancient Vox Box.png,Ancient Vox Box,Gang Tactics,"Play when activating a fighter. When this card is
played, decide how many times the activating
fighter will turn the crank (1-3 times). Roll that
many D6, add and consult table below (effects
last until the end of the current Round):

1-4; All fighters within 12"" reduce their Cool checks
by -2. 5-8: All fighters within 12"" add 1 to their
Movement. 9-12: No fighter within 18"" may be the
target of Gang Tactics or Skills. 13+: All fighters
(including the activating fighter) within 12"" must
make a Nerve test or become Broken.",,,
../TacticsCards/GENERIC CARDS/Authority Breakdown.png,Authority Breakdown,Gang Tactics,"| Play this card during any Action phase, after
Fleeing the Battlefield but before Activate
Fighters.

For the duration of this round, the range of
Leading by Example for your opponent's
Leader is decreased to 3"". If your opponent's
leader is not available for this battle, discard
this card.",,,
../TacticsCards/GENERIC CARDS/Bait and Switch.png,Bait and Switch,Gang Tactics,"| Play this card instead of activating a fighter.
Take a Ready marker from any of your
fighters and place it on a fighter who has |
already activated this round.",,,
../TacticsCards/GENERIC CARDS/Battle Madness.png,Battle Madness,Gang Tactics,"Play instead of activating a fighter.

Choose a Broken Fighter from either gang. They
immediately make a ranged attack against the
closest fighter they can see, friend or foe. If they
are in base contact with another fighter, they
make close combat attacks instead.",,,
../TacticsCards/GENERIC CARDS/Beast Lure.png,Beast Lure,Gang Tactics,"A fighter can spend an action to play this card.
Place the Beast's Lair marker within 3"" of this
fighter. Then, uae can move up to D6"". If they
end the action within 6"" of the lair, there is a
chance they will be attacked as normal.",,,
../TacticsCards/GENERIC CARDS/Beast Repellent .png,Beast Repellent,Gang Tactics,"Play this card when activating a fighter. |
For the duration of this fighter's |
activation, they do not risk rousing the Beast,
regardless of how close they are to the

Beast's Lair.",,,
../TacticsCards/GENERIC CARDS/Blackout.png,| Blackout,Gang Tactics,"Play this card at the start of any round.

For the duration of this round, ranged attacks
have an additional -1 modifier if made against
targets between 6"" and 12"" away, or a -2
modifier if made against targets more than 12""
away. Attackers using an infra-scope or photo
-goggles, or targeting a fighter with a Blaze
marker, ignore these penalties.",,,
../TacticsCards/GENERIC CARDS/Blade for Every Occasion.png,Blade for Every Occasion,Gang Tactics,"| Play this card when activating a fighter.
Tuck this card under the fighter's card.
Untul the end of the battle, this fighter has _
an additional axe.",,,
../TacticsCards/GENERIC CARDS/Blazing Fury.png,Blazing Fury,Gang Tactics,"| Play this card when activating a fighter.

For the duration of this fighter’s turn, the
Shoot action is treated as Simple rather than |
Basic.",,,
../TacticsCards/GENERIC CARDS/Blood Debt.png,Blood Debt,Gang Tactics,"Play this card when one of your fighters is

taken Out of Action by an enemy fighter's attack.
For the rest of the battle, add 1 to the result

of any hit rolls for fighters from your gang

when they target the attacker. Tuck this card
under the attacker's Fighter card as a reminder.",,,
../TacticsCards/GENERIC CARDS/Blood Fury.png,Blood Fury,Gang Tactics,"| Play when one of your fighters loses

a Wound.

Tuck this card under the fighter's card; |
for the rest of the battle, that fighter has the
Berserker skill.",,,
../TacticsCards/GENERIC CARDS/Blood Surge.png,Blood Surge,Gang Tactics,"‘Play this card when activating a fighter.

|

For the duration of the round, the fighter is

treated as if they had used a stimm-slug stash,
However, during the End phase, they do not
need to check for a stimm overload.

|

|",,,
../TacticsCards/GENERIC CARDS/Blood-drenched Champion.png,Blood-drenched Champion,Gang Tactics,"| Play this card instead of activating a fighter.
An enemy fighter of your choice that is
visible to your leader must pass a Nerve test,
subtracting 2 from the result, or become
Broken.",,,
../TacticsCards/GENERIC CARDS/Born to Slaughter.png,Born to Slaughter,Gang Tactics,"| Play this card immediately after it has been
drawn during step 7 of the pre-battle
sequence.

Nominate one fighter from your starting
crew. For the duration of this battle, that
fighter gains +1 to their Weapon Skill and
Cool but -1 to their Ballistic Skill and
Willpower.",,,
../TacticsCards/GENERIC CARDS/Breach and Clear.png,Breach and Clear,Gang Tactics,"| Play after a friendly fighter makes an
Operate Door (Simple) action or successful
Force Door (Basic) action.

The fighter may immediately make a free
Shoot (Basic) action.",,,
../TacticsCards/GENERIC CARDS/Bullet Magnet.png,Bullet Magnet,Gang Tactics,"| Play this card when a fighter fires a weapon
with the Rapid Fire trait.

Add 1 to the number of hits rolled on each —
Firepower dice.",,,
../TacticsCards/GENERIC CARDS/Burst of Courage.png,Burst of Courage,Gang Tactics,"| Play this card when making a Cool check for
a fighter.

The fighter automatically passes the check, |
and any more Cool checks they are required
to make until the end of the round.",,,
../TacticsCards/GENERIC CARDS/Chain Attacks.png,Chain Attacks,Gang Tactics,"| Play when a fighter takes an enemy Out of
Action with a Melee attack.

The activating fighter can move up to D6"" _—
and make a Fight Basic action. Their
activation then immediately ends.",,,
../TacticsCards/GENERIC CARDS/Click.png,«Click!,Gang Tactics,"Play this card after an enemy fighter
completes an attack with a ranged weapon.
The weapon immediately runs Out of Ammo,
as if it had failed an Ammo check.",,,
../TacticsCards/GENERIC CARDS/Close to Retirement.png,Close to Retirement,Gang Tactics,"| Play at the start of any round.

Untul the End phase of this round, your
opponent's Leader suffers a-2 modifier to _
any Cool checks they must make. If your
opponent's Leader is not available for this
battle, discard this card.",,,
../TacticsCards/GENERIC CARDS/Combat Drugs.png,Combat Drugs,Gang Tactics,"| Play when a fighter makes a melee attack.

|

For the duration of this turn, the fighter
gains D3 additional attacks. However, should
the fighter gain the full 3 additional attacks,
they will automatically suffer

aFlesh Wound at the end of their
activation.",,,
../TacticsCards/GENERIC CARDS/Counter-Assault .png,Counter-Assault,Gang Tactics,"| Play this card when one of your fighters
makes a Reaction attack.

The fighter’s Reaction attacks are made at
+1 to Hit. In addition, they automatically
pass the Initiative check required to make
Reaction attacks against disengaging enemy.",,,
../TacticsCards/GENERIC CARDS/Crossfire.png,| Crossfire,Gang Tactics,"| Play this card when a fighter makes a ranged
attack against a target who has already been
shot at by a friendly fighter.

The hit roll succeeds automatically.",,,
../TacticsCards/GENERIC CARDS/Cut Their Supply.png,Cut Their Supply,Gang Tactics,"Play at the start of the game after both sides |
have deployed.

Choose a weapon possessed by an enemy |
fighter. For the duration of the game, this
weapon loses the Plentiful trait if it has it,
and gains the Scarce trait if it doesn't have it.",,,
../TacticsCards/GENERIC CARDS/Dangerous Footing.png,Dangerous Footing,Gang Tactics,"Play when your opponent activates a fighter.
Immediately eae a Pitfall Crater marker
beneath the ese The fighter must take an
Initiative test. If the test is passed, the fighter
makes a Move action to safety and their
activation continues. If the Initiative test is
failed, the fighter falls into the crater and is
immediately taken Out of Action. The pitfall
Crater remains in place for the duration of the
battle.",,,
../TacticsCards/GENERIC CARDS/Deadlock.png,| Deadlock,Gang Tactics,"Zone Mortalis only. |
Play this card at the start of any round. |
Choose a closed door anywhere on

the board. For the duration of this round,
the door cannot be opened in any way. |",,,
../TacticsCards/GENERIC CARDS/Death Trap.png,Death Trap,Gang Tactics,"Zone Mortalis only.

Play this card when an enemy fighter makes an
Operate Door action to either open or close

a door.

The fighter must test to see if they are struck by
the door, as described on page 31, as if they were
standing in a doorway when the door is

closed.",,,
../TacticsCards/GENERIC CARDS/Dedicated to Duty.png,Dedicated to Duty,Gang Tactics,"Play during the End phase, before you make
a Bottle test.

Your gang automatically passes their

Bottle test.",,,
../TacticsCards/GENERIC CARDS/Desperate Effort.png,Desperate Effort,Gang Tactics,"| Play when it is your turn to activate a
fighter, but none of your fighters have
Ready markers.

Pick one of your fighters and activate them
as though they had a Ready marker. At
the end of the action, they are Pinned.",,,
../TacticsCards/GENERIC CARDS/Disorienting Shadows.png,Disorienting Shadows,Gang Tactics,"| Play at the start of any round, after rolling
for Priority.

Nominate D3 fighters on the enemy gang. |
For the duration of this round, they suffer

-1 to their Ballistic Skill and Movement
characteristics.",,,
../TacticsCards/GENERIC CARDS/Distraction.png,| Distraction,Gang Tactics,"| Play when your opponent activates a fighter.
The opposite player must make a Willpower
check for the fighter. If the checkis failed,
the fighter can only make one action this
turn, instead of two.",,,
../TacticsCards/GENERIC CARDS/Double Fisted.png,| Double- fisted,Gang Tactics,"| Play when a fighter makes a ranged attack.
For the duration of the ranged attack, the
fighter can attack with two |
ranged weapons, resolving a full attack with
each, one after the other.

Both must be made against the same target.",,,
../TacticsCards/GENERIC CARDS/Double Time.png,| Double Time,Gang Tactics,"| Play this card when activating a fighter.

This fighter can perform a free Move
(Simple) action during its activation. This _
free action is in addition to its two normal
actions.",,,
../TacticsCards/GENERIC CARDS/Duck and Cover.png,Duck and Cover,Gang Tactics,"| Play this card when activating a fighter.

This turn, the fighter may make two Fire
(Basic) actions, provided they use the same _
Basic or Pistol weapon for both. After
resolving these actions, the fighter may move
| DBE",,,
../TacticsCards/GENERIC CARDS/Eager for Battle.png,Eager for Battle,Gang Tactics,"| Play this card during the End phase, before
drawing any cards to determine which
fighters become available as

Reinforcements. |
Ad D3 to the number of Reinforcements
you receive this turn. The enemy player
deploys these extra Reinforcements on a 1-4,
instead of the usual 1-2.",,,
../TacticsCards/GENERIC CARDS/Emergency Seal.png,Emergency Seal,Gang Tactics,"Zone Mortalis only. |
Play instead of activating a fighter. |
Ductways cannot be used for the duration

of this round - they are treated as not being
on the board at all. |",,,
../TacticsCards/GENERIC CARDS/Fall Back.png,Fall Back,Gang Tactics,"| Play this card when activating a fighter.

This fighter may immediately make

a Retreat (Basic) action without havingto
make an Initiative check. Additionally, each
enemy fighter that was Engaging them is
unable to make any Reaction attacks.",,,
../TacticsCards/GENERIC CARDS/Fear of Betrayal.png,Fear of Betrayal,Gang Tactics,"Play this card instead of activating a fighter.
An enemy fighter of your choice with a Ready
marker must pass a Cool check or immediately
make a Shoot (Basic) action against the closest
visible fighter from their own gang, as if they
were an enemy fighter. They then lose their
Ready marker.",,,
../TacticsCards/GENERIC CARDS/Fearsome Reputation.png,Fearsome Reputation,Gang Tactics,"Play after one of your fighters puts an enemy
Out of Action.

For the rest of the game, any nerve checks |
made for enemy fighters within 8"" of them
have a -2 modifier.",,,
../TacticsCards/GENERIC CARDS/Fire Discipline.png,Fire Discipline,Gang Tactics,"| Play this card at the start of the battle, after
setting up your gang.

For the duration of the battle, ranged attacks.
made by your fighters only trigger an Ammo
check if the Firepower dice rolls an Ammo
symbol and the hit roll is a success.",,,
../TacticsCards/GENERIC CARDS/Forward Planning.png,Forward Planning,Gang Tactics,"Play at the start of the game, after both |
gangs have been deployed.

Choose up to three fighters. These fighters |
may immediately make a free Move (Simple)
action.",,,
../TacticsCards/GENERIC CARDS/Frag Trap.png,| Frag Trap,Gang Tactics,"Play at the start of the battle, when setting up
your gang. Pick any of your fighters to carry the
trap, and put this card under their Fighter card.
Once during the game, the fighter, as long as they
are Active, can Set Frag Trap (Double) - Place a
Frag Trap marker within 1"" of the fighter. Then
they can move up to D6"", If the fighter goes Out
of Action before making this action, roll a D6.
On a 1, the trap triggered (centred on the
fighter's base). On a 2-3, place a marker where
the fighter stood. On a 4+, discard this card.",,,
../TacticsCards/GENERIC CARDS/Got Your Back.png,Got Your Back,Gang Tactics,"| Play at the start of any round.

Untul the End phase of this round, fighters
in your gang can provide assists even if they |
are Engaged with any other fighters from

the same gang as the target of the attack.
Only one fighter can provide an assist this
way for each close combat attack.",,,
../TacticsCards/GENERIC CARDS/Grenade Bouquet .png,Grenade Bouquet,Gang Tactics,"Play this card when a fighter makes an attack
with a grenade that has a Blast trait.

The fighter may immediately make three attacks
with this type of grenade, rather than the usual
one. Each of these attacks counts as a miss and so
will automatically scatter. Once all three attacks
are resolved, the fighter will automatically fail
the Ammo check and run out of grenades of that
type.",,,
../TacticsCards/GENERIC CARDS/Gripped by Fear.png,Gripped by Fear,Gang Tactics,"| Play at the start of any round, after rolling
for Priority.

Nominate D3 fighters on the enemy gang. |
For the duration of this round, they suffer

-1 to their Weapon Skill and Cool
characteristics.",,,
../TacticsCards/GENERIC CARDS/Group Tactics.png,Group Tactics,Gang Tactics,"| Play this card when it is your turn, before
activating any fighters.
Instead of activating one fighter, activate up |
to three fighters (in the same way as making
a Group activation).",,,
../TacticsCards/GENERIC CARDS/Hard Stop.png,Hard Stop,Gang Tactics,"Play when one of your fighters becomes |
Engaged as part of an enemy Charge
(Double) action. |
Your fighter may immediately make a free
Fight (Basic) action, interrupting the
opposing fighter's activation. |",,,
../TacticsCards/GENERIC CARDS/Having a Bad Day.png,Having a Bad Day,Gang Tactics,"| Play at the start of the game after both sides
have set up.

Choose a Champion or Leader model in |
your opponent's crew. For the duration of
the game, Cool checks for other fighters

from the opposing gang have a -2 modifier
while that fighter is within 3"" of the chosen
Champion or Leader.",,,
../TacticsCards/GENERIC CARDS/Healthy Paranoia.png,Healthy Paranoia,Gang Tactics,"Play when activating a fighter.
For the rest of the battle, the fighter have
360 vision arc.",,,
../TacticsCards/GENERIC CARDS/Hidden Blade.png,Hidden Blade,Gang Tactics,"Play when a fighter makes a Fight (Basic) |
action.

The fighter adds D3 to their Attacks |
characteristic for the duration of this action.",,,
../TacticsCards/GENERIC CARDS/Hidden Passage.png,Hidden Passage,Gang Tactics,"Zone Mortalis only (see page 126). |
Play this card at the start of your turn, |
immediately before activating a fighter. |
Place an unused Ductway marker anywhere

on the board, following the normal rules for
placing a ductway. |",,,
../TacticsCards/GENERIC CARDS/History of Violence.png,History of Violence,Gang Tactics,"Play during the pre-battle sequence, during Step
Five: Choose Crews.

Nominate one fighter from your Orr ene e
starting crew. That fighter is unwilling to face
your gang in combat and so may not be selected
for this battle. Your opponent must immediately
discard that fighter and select another, following
the same crew selection method as already used.",,,
../TacticsCards/GENERIC CARDS/Hive Tremors.png,Hive Tremors,Gang Tactics,"Play at the start of any round.

Every Active fighter on the table must make an
Initiative test - any who fail are Pinned. After all
fighters have tested, place D3 additional loot
caskets anywhere on the table not within 6"" of a
fighter. Finally, if the game uses a Zone
Mortalis scenario, place D3 spare ductways
across ana of your choice. If the Pa uses
a Sector Mechanicus scenario, remove D3
ladders of your choice.",,,
../TacticsCards/GENERIC CARDS/Just Add Nails.png,Just Add Nails,Gang Tactics,"Play when making an attack with a frag
grenade, before rolling to hit.

The grenade's Blast (3"") trait becomes
Blast (5"").",,,
../TacticsCards/GENERIC CARDS/Keen Edge.png,Keen Edge,Gang Tactics,"Play at the start of the game after both sides have
deployed.

Choose a Melee weapon possessed by a friendly
fighter. For the duration of the game, increase
its AP by 1.

For Gee a weapon with an AP of -1 will
have an AP of -2.",,,
../TacticsCards/GENERIC CARDS/Last Gasp.png,Last Gasp,Gang Tactics,"Play this card when one of your active fighters is
taken Out of Action.

Before the fighter is removed from play, they can
immediately make an attack. This is a close
combat attack if they are Engaged, otherwise it is
a ranged attack. If they are equipped with a
grenade that has the Blast trait, and the Blast
marker is centred on them, it will not scatter. As
soon as the attack has been resolved, the fighter
is removed from play.",,,
../TacticsCards/GENERIC CARDS/Last Round.png,Last Round,Gang Tactics,"Play this card when activating a fighter that has
one or more Out of Ammo markers on them.
Choose one of this fighter's ranged weapons
that is Out of Ammo. The fighter immediately
performs a Shoot (Basic) action with that
weapon that will hit automatically. Do not roll
an Ammo Dice - the weapon remains Out of
Ammo. Weapons with the Rapid Fire (X) trait
make only one shot.",,,
../TacticsCards/GENERIC CARDS/Long Arm.png,Long Arm,Gang Tactics,"| Play at the start of any round.

Untul the End phase of this round, friendly
fighters count as having +1 Strength for |
the purposes of determining the Long range
of a grenade.",,,
../TacticsCards/GENERIC CARDS/Look the Other Way.png,Look the Other Way,Gang Tactics,"Play this card when a sentry spots |
an attacker.

The sentry does not gain a Ready marker.
In addition, you may change the sentry's
facing as you wish.",,,
../TacticsCards/GENERIC CARDS/Loose Cannon.png,Loose Cannon,Gang Tactics,"| Play when activating a fighter.

|

Until the End phase of this round, the

fighter treats the Shoot action as (Simple)

rather than (Basic). However, until the End
phase of this round, the fighter suffers a -1

| to their Ballistic Skill.

|",,,
../TacticsCards/GENERIC CARDS/Loud and Clear.png,Loud and Clear,Gang Tactics,"| Play during the pre-battle sequence, during
Step 8. Deployment.

Tuck this card under a fighter's card. Until
the end of the battle, this fighter has stun
grenades.",,,
../TacticsCards/GENERIC CARDS/Lucky Find.png,Lucky Find,Gang Tactics,"| Play this card when activating a fighter with
a weapon that is Out of Ammo.

One of the fighter's weapons is |
automatically reloaded at the cost of one
action - no Ammo check is required.",,,
../TacticsCards/GENERIC CARDS/Lucky Lho-stick Case.png,Lucky Lho-stick Case,Gang Tactics,"| Play this card when a friendly fighter fails an
armour save.

The fighter can re-roll the armour save, |
ignoring any negative modifiers (including
Armour Penetration).",,,
../TacticsCards/GENERIC CARDS/Lucky shot.png,Lucky Shot,Gang Tactics,"| Play this card after making either a hit roll,

a wound roll or an injury roll.

You may immediately re-roll all of the dice |
for the roll you have just made. You must
accept the result of the second roll, even if it
is Worse than the first.",,,
../TacticsCards/GENERIC CARDS/Machine Curse.png,Machine Curse,Gang Tactics,"| Play this card instead of activating a fighter.
Choose an enemy fighter. They must
immediately make an Ammo check of each
of their ranged weapons.",,,
../TacticsCards/GENERIC CARDS/Makeshift Armour.png,Makeshift Armour,Gang Tactics,"One of your fighters can spend an action to play
this card.

Tuck this card under the fighter's card; while it
is there, their armour save is treated as one point
better than it is. If any save roll for the fighter
is a 1 (before modifiers), discard this card after
resolving the attack(s).",,,
../TacticsCards/GENERIC CARDS/Makeshift Cover.png,Makeshift Cover,Gang Tactics,"| Play this card at the start of any round.

Place D3 barricades or similar pieces of
terrain anywhere on the battlefield within 3"")
of one of your fighter.",,,
../TacticsCards/GENERIC CARDS/Marked for Death.png,Marked for Death,Gang Tactics,"| Play this card instead of activating a fighter.
Choose an enemy fighter. For the rest of

the battle, add 1 to result of any hit rolls for |
fighters from your gang when they target
that fighter with a Melee weapon.",,,
../TacticsCards/GENERIC CARDS/Master Switch.png,Master Switch,Gang Tactics,"Zone Mortalis only. |
Play this card instead of activating a fighter. |
Every door on the board that does not have
a door terminal either opens or closes. They
must all do the same, i.¢., this card cannot be.
used to open some doors and close others. _",,,
../TacticsCards/GENERIC CARDS/Melta Trap.png,Melta Trap,Gang Tactics,"Play this at the start of the battle, when setting up
your gang. Pick any of your fighters to carry the
trap, and put this card under their card. Once
during the game, the pignict, as long as they are
Active, can Set Melta Trap (Double) - place a
Melta Trap marker within 1"" of the fighter. Then
they can move up to D6"", If the fighter goes Out
of Action before making this action, roll a D6.
On a 1, the trap triggered (centred on the
fighter's base). On a 2-3, place a marker where
the fighter stood. On a 4+, discard this card.",,,
../TacticsCards/GENERIC CARDS/Nerves of Steel.png,Nerves of Steel,Gang Tactics,"| Play when a fighter makes a ranged attack.
The fighter may ignore normal Target
Priority rules and may instead target any |
eligible enemy fighter they wish without
having to pass a Cool check.",,,
../TacticsCards/GENERIC CARDS/No Mercy for the Weak.png,No Mercy for the Weak,Gang Tactics,"| Play this card instead of activating a fighter.
For the remainder of the round, add | to the
result of any wound rolls for fightersfrom
your gang when they target fighters with
one or more Flesh Wounds.",,,
../TacticsCards/GENERIC CARDS/Opening Volley.png,Opening Volley,Gang Tactics,"| Play at the start of the game, after both

gangs have been deployed.

Choose up to three fighters. These fighters |
may immediately make a free Shoot (Basic)
action. Note that this does not apply if the
action would be (Simple) or (Double) for
any reason.",,,
../TacticsCards/GENERIC CARDS/Point-Blank Shot.png,Point- Blank Shot,Gang Tactics,"| Play this card when a fighter makes a Fight
action or a Charge action.

Pick one of the fighter’s ranged weapons |
that does not have the Blast trait or
Template trait. For the duration of this turn,
that weapon can be used in close combat

in the same way as a pistol.",,,
../TacticsCards/GENERIC CARDS/Preemptive Measures.png,Preemptive Measures,Gang Tactics,"Play at the start of any round, before rolling |
for Priority.

Up to two of your fighters may immediately |
make a free Move (Simple) action.",,,
../TacticsCards/GENERIC CARDS/Proper Preparation.png,Proper Preparation,Gang Tactics,"| Play this card before setting up the gang at
the start of the battle.

Pick one of your fighters and put thiscard  _
under their Fighter's card. For the duration
of the battle, this fighter’s weapons gain the
Plentiful trait unless they already have the
Scarce trait, in which case their weapons are
counted as not being Scarce.",,,
../TacticsCards/GENERIC CARDS/Quick Time.png,Quick Time,Gang Tactics,"| Play this card when activating a fighter.

|

Tuck this card under the fighter’s card.
While it is there, the fighter’s Move is |
increased by 2. In each End phase, roll a D6.
On a 1, the card is discarded.

|",,,
../TacticsCards/GENERIC CARDS/Rapid Fire.png,Rapid Fire,Gang Tactics,"| Play this card when activating a fighter.

This turn, the fighter may make two Fire
(Basic) actions, provide they use the same
weapon for both and make no other actions
for any reason. However, at the end of their
activation, the weapon counts as
automatically having failed an Ammo check.",,,
../TacticsCards/GENERIC CARDS/Rapid Healing.png,Rapid Healing,Gang Tactics,"Play this card instead of activating a fighter. |
Choose one of your fighters. This fighter |
either recovers one Wound or removes one ©
Flesh Wound.",,,
../TacticsCards/GENERIC CARDS/Reaction Fire.png,Reaction Fire,Gang Tactics,"| Play when an enemy fighters is activated,
before they make their first action.

Pick a fighter from your gang - that fighter _
can immediately make a Shoot (Basic) action
against the activating enemy model,

as long as they are in range and line of sight.",,,
../TacticsCards/GENERIC CARDS/Reckless Charge.png,Reckless Charge,Gang Tactics,"| Play this card when a fighter makes a Charge
(Double) action.

The fighter counts as having rolleda3 on |
the D3 to determine their maximum charge
range.",,,
../TacticsCards/GENERIC CARDS/Rejuve Stimm.png,Rejuve Stimm,Gang Tactics,"| Play this card instead of activating a fighter.
Choose any friendly fighter who has suffered
at least one Wound. This fighter |
immediately regains any lost Wounds.",,,
../TacticsCards/GENERIC CARDS/Reload!.png,| Reload!,Gang Tactics,"Play this card in the End phase of any round.
Immediately make a Reload (Simple) action |
for any or all of your fighters. |",,,
../TacticsCards/GENERIC CARDS/Ricochet.png,| Ricochet,Gang Tactics,"| Play this card after making an unsuccessful
hit roll for a ranged attack that does not have
the Blast or Template trait.

Pick another fighter within 5"" of the target,
even if they are not visible to the attacker,
and roll to hit against them. Do not roll the
Firepower

dice again.",,,
../TacticsCards/GENERIC CARDS/Rigged Door.png,Rigged Door,Gang Tactics,"Zone Mortalis only.

Play this card immediately after an enemy
fighter makes an action.

Pick any door on the board and either close or
open it. If closing a door and there is a fighter
standing in the doorway, they must test to see
whether they avoid closing door as normal.",,,
../TacticsCards/GENERIC CARDS/Roger That.png,Roger That!,Gang Tactics,"Play at the start of any round.

Pick a Ganger with a Ready marker. For this turn
only, that fighter is treated as a Champion for the
purposes of activating groups 4 in other words,
if they are activated, you can activate up to one
other fighter within 4"" of them.",,,
../TacticsCards/GENERIC CARDS/Sacrifice.png,Sacrifice,Gang Tactics,"| Play this card when a fighter is hit by

a ranged attack.

Nominate a friendly fighter within 2” of the |
fighter who has been hit. The nominated
fighter becomes the target of the ranged
attack instead.",,,
../TacticsCards/GENERIC CARDS/Secret Cache.png,Secret Cache,Gang Tactics,"Play this card instead of activating a fighter.
Set up an ammo cache anywhere on the
battlefield.",,,
../TacticsCards/GENERIC CARDS/Seize the Initiative.png,Seize the Initiative,Gang Tactics,"| Play this card at the beginning of any round,
before rolling for Priority.

You immediately take Priority this turn |
without any dice being rolled.",,,
../TacticsCards/GENERIC CARDS/Service Tunnels.png,Service Tunnels,Gang Tactics,"| Play when deploying your gang.

One fighter chosen by you from your
starting crew gains the Infiltrate skill for the |
duration of this battle and may be deployed
accordingly.",,,
../TacticsCards/GENERIC CARDS/Shield Wall.png,Shield Wall,Gang Tactics,"Play this card instead of activating a fighter.

Tuck this card under a fighter's card. For the
remainder of the battle, add 1 to fighter's armour
save, and any friendly fighter in base contact with
this fighter, to a maximum of 2+, against attack
that originate from within this fighter's vision :",,,
../TacticsCards/GENERIC CARDS/Slippery.png,Slippery,Gang Tactics,"| Play this card when activating a fighter.

|

Put this card under the active fighter's

Fighter card. Until the end of the battle, this.
fighter treats the Crawl Through action as

@asic) rather than (Double).

|

|",,,
../TacticsCards/GENERIC CARDS/Snap Fire.png,Snap Fire,Gang Tactics,"| Play this card after an enemy fighter
completes an attack with a ranged weapon.

A readied fighter in your gang may |
immediately take a shot at the enemy fighter
with a Pistol or Basic weapon. However, they
must subtract 1 from the hit roll.",,,
../TacticsCards/GENERIC CARDS/Speedy Recovery.png,Speedy Recovery,Gang Tactics,"Play this card when making a Recovery test.
One of your fighters can re-roll a single
Recovery dice.",,,
../TacticsCards/GENERIC CARDS/Spiked Drinks.png,Spiked Drinks,Gang Tactics,"Play during the pre-battle sequence, during

Step Five: Choose Crews.

|

Nominate one fighter from your opponent's’

starting crew. For the duration of this battle,
that fighter suffers -1 to their Ballistic Skill,

| Weapon Skill, and Intelligence, but gains +2

to their Cool.",,,
../TacticsCards/GENERIC CARDS/Spreading Conflagration.png,Spreading Conflagration,Gang Tactics,"| Play this card at the start of any round.

For the duration of this round, fighters
activating within 3"" of a fighter that is |
subject to the Blaze condition must test to
see if they catch fire, just as if they had been
hit by a weapon with the Blaze trait.",,,
../TacticsCards/GENERIC CARDS/Stand Firm.png,Stand Firm,Gang Tactics,"Play this card instead of making a Bottle test.
This round, your gang automatically passes
its Bottle test.",,,
../TacticsCards/GENERIC CARDS/Steel Fury.png,Steel Fury,Gang Tactics,"| Play this card at the start of any round.

For the duration of this round, fighters from
this gang count the Fight (Basic) action asa |
Fight (Simple) action.",,,
../TacticsCards/GENERIC CARDS/Sterner Stuff.png,Sterner Stuff,Gang Tactics,"| Play this card instead of activating a fighter.
Make a Rally check for each Broken fighter
in your gang, as though it was the End phase.",,,
../TacticsCards/GENERIC CARDS/Stop Resisting.png,Stop Resisting,Gang Tactics,"| Play this card when a friendly Standing and
Engaged fighter makes a Fight (Basic) action,
(including as part of a Charge (Double)
action). |
Untul the End phase of this round, enemy
fighters cannot make Reaction attacks against
this fighter.",,,
../TacticsCards/GENERIC CARDS/Sump Slump.png,Sump Slump,Gang Tactics,"Play at the start of any turn.
Immediately remove D3 Barricades of your
choice from anywhere on the board.",,,
../TacticsCards/GENERIC CARDS/Supressing Fire.png,Supressing Fire,Gang Tactics,"| Play this card after making an unsuccessful
hit roll for a ranged weapon.

The target is Pinned, even though they |
were not hit by the attacks.",,,
../TacticsCards/GENERIC CARDS/Swift Justice.png,Swift Justice,Gang Tactics,"| Play this card when one of your fighters is
taken Out of Action by an enemy fighter's
attack.

A friendly fighter can immediately make
a free Shoot (Basic) action against the
attacker.",,,
../TacticsCards/GENERIC CARDS/Tactical Deployment.png,Tactical Deployment,Gang Tactics,"Play during the pre-battle sequence during

Step 5. Choose Crews.

If the scenario uses Random (X) crew selection,
you may re-select any fighters of your choice.
Shuffle the cards back into your deck and redraw
that number of cards. The second draw stands,
even if the same fighters are drawn again.",,,
../TacticsCards/GENERIC CARDS/Tainted Meat.png,Tainted Meat,Gang Tactics,"| Play this card immediately after it has been
drawn during step 7 of the pre-battle
sequence.

Nominate one fighter from your opponent's
starting crew. That fighter starts this battle
with one Flesh Wound.",,,
../TacticsCards/GENERIC CARDS/Take the Initiative.png,Take the Initiative,Gang Tactics,"Play this card at the start of the round before

rolling for Priority.

Your gang has Priority this round. If |
multiple gangs play this card then they must

roll off to see who has Priority as normal

|

|",,,
../TacticsCards/GENERIC CARDS/Tech Override.png,Tech Override,Gang Tactics,"Play this card when a friendly fighter makes an
Access Terminal action or Bypass Lock action, or
when rolling to see if a friendly fighter triggers a
booby trap.

If making an Access Terminal action or Bypass
Lock action, the intelligence check is passed
automatically. If rolling to see whether a booby
trap is triggered, you can choose the result
instead of rolling.",,,
../TacticsCards/GENERIC CARDS/They_re Everywhere!.png,They're Everywhere!,Gang Tactics,"| Play this card instead of activating a fighter.
Each enemy fighter who is within 4"" of

two or more fighters from your gang must |
make a Cool check. If the check is failed, the
enemy fighter is Pinned.",,,
../TacticsCards/GENERIC CARDS/Thundering Charge.png,Thundering Charge,Gang Tactics,"Play when a fighter makes a Charge action,
before they move.

Double the fighter’s Move instead of adding
1D EI",,,
../TacticsCards/GENERIC CARDS/Trap Chute.png,Trap Chute,Gang Tactics,"Play when an enemy model crawls through a
ductway.

The enemy model is placed by the enemy player
within 1"" of a randomly chosen ductway with 18""
of their current location. If there are no other
ductway markers in this then the model is
removed for D3 rounds. When they return to
play, place them within 1"" of the ductway they
were crawling through.",,,
../TacticsCards/GENERIC CARDS/Trapped Console.png,Trapped Console,Gang Tactics,"| Play this card when an enemy fighter
interacts with a console, before the end of
the action.

Centre the 3” blast marker on the enemy
fighter. All models under the marker suffer a
Strength 3, AP -, Damage 1 hit.",,,
../TacticsCards/GENERIC CARDS/Trusty Backup.png,Trusty Backup,Gang Tactics,"| Play this card when activating a fighter.
Put this card under the active fighter's
Fighter card. Until the end of the battle, |
this fighter has an additional stub gun.",,,
../TacticsCards/GENERIC CARDS/Unnerving Whispers.png,Unnerving Whispers,Gang Tactics,"| Play this card instead of activating a fighter.

|

An enemy fighter of your choice must pass
_a Willpower check at -2 or become subject _
to the Insanity condition. Place an Insanity
marker on the fighter and immediately roll

_a D6 on the Insanity table (see page 60 of
the Necromunda Rulebook).",,,
../TacticsCards/GENERIC CARDS/Unstable Energy.png,Unstable Energy,Gang Tactics,"| Play this card when an enemy fighter armed
with a las, plasma or melta weapon of any
type makes an attack with that weapon.

For the remainder of this round, all enemy
weapons of the same type (las, plasma or
melta) gain the Unstable trait if they do not
already have it. If they already have the
Unstable trait, they gain the Scarce trait.",,,
../TacticsCards/GENERIC CARDS/Vacuum Chamber.png,Vacuum Chamber,Gang Tactics,"Zone Mortalis only. |
Place this card when a door is opened. |
All models within 12” of the opening door
are immediately moved D6"" toward the
doorway. |",,,
../TacticsCards/GENERIC CARDS/Veiled Threat.png,Veiled Threat,Gang Tactics,"| Play this card during any Action phase, after
Fleeing the Battlefield but before

Activating Fighters.

Choose a friendly fighter. For the remainder
of this round, that fighter cannot be targeted
by a ranged attack unless they are the only
visible target.",,,
../TacticsCards/GENERIC CARDS/Violent-Minded.png,Violent-Minded,Gang Tactics,"| Play this card when activating a fighter.

This turn, the fighter can make an

additional action (usually three rather than |
two), as long as at least one of their actions is
Shoot or Fight.",,,
../TacticsCards/GENERIC CARDS/What_s a few Teeth.png,What's a few Teeth?,Gang Tactics,"| Play this when a friendly fighter suffers a
Flesh Wound.

The Flesh Wound is ignored. Any other |
effects of the injury still apply.",,,
../TacticsCards/GENERIC CARDS/Wrong Again.png,Wrong Again,Gang Tactics,"| Play when one of your fighters is hit by a
ranged attack.

Choose any other friendly fighter within |
range and line of sight of the attacking
model. This chosen fighter becomes the

new target for the attack, which is resolved

as normal,",,,
../TacticsCards/GENERIC CARDS/You!.png,You!,Gang Tactics,"Play this card when activating a fighter.

Choose an enemy model with line of sight to the
fighter you have just activated. For the
remainder of the game, any ranged or melee
attacks made by this fighter against the
nominated enemy gain +1 on the wound roll.
The fighter can only make ranged and melee
attacks against the nominated enemy until that
enemy has been taken Out of Action.",,,
../TacticsCards/GENERIC CARDS/You’re coming with Me!.png,You're coming with Me!,Gang Tactics,"| Play when a fighter is taken Out of Action

by aclose combat attack.

The chosen fighter may make a single close ©
combat attack against the enemy that took
them Out of Action. They are then removed
from play as normal.",,,
../TacticsCards/GOLIATH/ They’re only Bullets!.png,| They're only Bullets!,Goliath Tactics,"Play this gang tactic during the Priority phase of
any round, after Roll for Priority but before
Ready Fighters.

Until the End phase of this round, all friendly
House Goliath fighters that are within 6"" of,
and have a line of sight to, a friendly House
Goliath Leader or Champion gain the Nerves

of Steel skill.",,,
../TacticsCards/GOLIATH/Anything_s a Weapon.png,Anything's a Weapon,Goliath Tactics,"| One of your fighters can spend an action to
play this card.

Tuck this card under the fighter's card. |
While it is there, the fighter’s unarmed
attacks receive +1 strength and AP -1.",,,
../TacticsCards/GOLIATH/Apprentice.png,Apprentice,Goliath Tactics,"Play after both sides have deployed, but before
the first round. Choose a friendly Goliath
Champion and Juve /Prospect. For this battle the
Champion gains Overseer. It can only be used to
activate the Apprentice. If they already has it, the
Order (Double) actions becomes (Basic) when
used to activate the Apprentice. Alternatively they
may gain Mentor. It can only be used when the
Apprentice gains an XP. If the they already has
it, they can use it as normal, but automatically
pass any Ld checks made for the Apprentice.",,,
../TacticsCards/GOLIATH/Blade Breaker.png,Blade Breaker,Goliath Tactics,"| Play this card when one of your fighters is
hit, but not wounded by a close combat
weapon that does not have the Power trait.
The close combat weapon (pick one if the
fighter was hit but not wounded by more
than one) cannot be used for the rest of the
battle.",,,
../TacticsCards/GOLIATH/Boost Up.png,Boost Up,Goliath Tactics,"Play this gang tactic when activating a friendly
House Goliath fighter.

This fighter can perform a Boost (Double)
action:

Boost (Double): Choose a single Standing and
Active friendly fighter that is within 2"" of this
fighter. That fighter may immediately be moved
up to 6"" vertically and 1"" horizontally.",,,
../TacticsCards/GOLIATH/Brutal Charge.png,Brutal Charge,Goliath Tactics,"| Play this card when one of your fighters
makes a Charge action.

For the duration of the action, the fighter's |
Movement characteristic is increased by 2"",
and their Attacks characteristic is increased
by 1. In addition, any attacks they make gain
the Knockback trait.",,,
../TacticsCards/GOLIATH/Ceramite Skin.png,Ceramite Skin,Goliath Tactics,"| Play this card when a fighter is hit by an
attack with the Blaze trait.
The fighter is not pinned and the attack |
causes no damage.",,,
../TacticsCards/GOLIATH/Crunch Time.png,Crunch Time,Goliath Tactics,"Play this gang tactic during the Priority

phase of any round, after Roll for Priority,

but before Ready Fighters.

Untul the End phase of this round, all
unarmed attacks made by friendly fighters

| gain +1 S and the Pulverise trait.

|",,,
../TacticsCards/GOLIATH/Fireborn.png,Fireborn,Goliath Tactics,"| Play this gang tactic at the start of the battle,
after both sides have deployed but before
the first round.
Choose up to three House Goliath fighters
in your starting crew. Until the end of this
battle, the chosen fighters become immune
to both the Blaze and the Rad-phage traits.",,,
../TacticsCards/GOLIATH/Genetically Gifted.png,Genetically Gifted,Goliath Tactics,"Play this gang tactic at the start of the
Deployment step of the pre-battle sequence
before any fighters have been deployed.

Choose a House Goliath fighter in your starting
crew. Until the end of this battle, that fighter
gains one additional genetic upgrade of your
choice. This must be from the same category as
that fighter's chosen subtype but does not affect
their credit cost.",,,
../TacticsCards/GOLIATH/Get ‘Em!.png,Get ‘Em!,Goliath Tactics,"Play this gang tactic during the Priority phase of
any round, after Roll for Priority but before
Ready Fighters.

Until the End phase of this round, all friendly
House Goliath fighters activated as part of

a Group Activation may add 2"" to their
Movement characteristic during their Activation.",,,
../TacticsCards/GOLIATH/Hammer Blow.png,Hammer Blow,Goliath Tactics,"Play this gang tactic during the Priority
phase of any round, after Roll for Priority
but before Ready Fighters.

Until the End phase of this round, all
friendly House Goliath fighters' weapons
with the Melee trait gain the Knockback
‘trait.",,,
../TacticsCards/GOLIATH/Improvised Projectile.png,Improvised Projectile,Goliath Tactics,"Play this gang tactic when activating a friendly
House Goliath fighter.

Choose one of the fighter's weapons with the
Melee trait. Until the end of this fighter's
activation, that weapon gains both a Long range
characteristic of 4"" and the Versatile trait.
However, until the End phase of this round, this
fighter cannot make a Reaction attack with that
weapon.",,,
../TacticsCards/GOLIATH/Inhuman Resilience.png,Inhuman Resilience,Goliath Tactics,"| Play this card instead of activating a fighter
on your turn.

Each of your Pinned fightersimmediately _
stands up. Then make a Recovery roll for
each Injured fighter in your gang, treating
Out of Action results as Seriously Injured.",,,
../TacticsCards/GOLIATH/Ironhide.png,| tronhide,Goliath Tactics,"| Play when one of your fighters is wounded
by an attack that causes more than

1 Damage.

The attack only causes 1 Damage. In
addition, if the fighter is pinned after the
attack has been resolved they return to
standing.",,,
../TacticsCards/GOLIATH/Knockout Blow.png,Knockout Blow,Goliath Tactics,"| Play this card when a fighter makes close
combat attacks before rolling to hit.

Any wound rolls for this fighter's attacks are —
automatically successful - no dice roll is
required.",,,
../TacticsCards/GOLIATH/Named and Shamed.png,Named and Shamed,Goliath Tactics,"Play this card at the start of the Deployment step
before any fighters have been deployed. Your

ang may immediately recruit up to two Goliath
faves They are recruited for free but will leave
the gang at the end of this battle. Each fighter is
equipped with a maul and either a stimm-slug
stash or a frenzon collar. These fighters are not
counted towards your maximum crew size - they
are taken in addition to your starting crew. If you
do not have models available to represent them,
you may discard this card and select another.",,,
../TacticsCards/GOLIATH/Not Done Yet.png,Not Done Yet,Goliath Tactics,"Play when a fighter from your gang is taken out
of action.

Tuck this card under the fighters card, they are
not removed from play. If they were prone, they
return to standing. They go out of action after
they are next activated and take a turn or when
they suffer another unsaved wound, whichever
comes first.",,,
../TacticsCards/GOLIATH/One Last Go.png,One Last Go,Goliath Tactics,"Play this gang tactic when one of your House
Goliath fighters is taken Out of Action by an
attack made with a ranged weapon.

Before removing the fighter from the battlefield,
they may immediately make a Charge (Double)
action. After this action is resolved, the fighter
goes Out of Action as normal.",,,
../TacticsCards/GOLIATH/Second Wind.png,Second Wind,Goliath Tactics,"Play instead of activating a fighter.
Remove a flesh wound from any fighter's
card.",,,
../TacticsCards/GOLIATH/Steel Constitution.png,Steel Constitution,Goliath Tactics,"Play instead of activating a fighter.

Choose one of your fighters and tuck this

card under their fighter card. Until the end of
the round, this fighter cannot be affected by
weapons with the Gas or Toxin trait, and their
Strength and Toughness are used at their

full value, regardless of any modifiers
(including flesh wounds).",,,
../TacticsCards/GOLIATH/Stimm Overload.png,Stimm Overload,Goliath Tactics,"Play this card when activating a fighter.
This fighter counts a Charge
(Double) action as a Basic action this turn.",,,
../TacticsCards/GOLIATH/Stimm Reserve.png,Stimm Reserve,Goliath Tactics,"Play this gang tactic when activating any friendly
fighter.

Choose one friendly fighter that is currently on
the battlefield. Until the end of this battle, that
fighter's Strength characteristic is increased by
D3, However, until the end of this battle, that
fighter's Toughness characteristic is decreased
by 1. Note that if this decrease in Toughness
reduces that fighter's Toughness to 0, they will
go Out of Action as normal.",,,
../TacticsCards/GOLIATH/Stimm Surge.png,Stimm Surge,Goliath Tactics,"Play this card when activating a fighter.

Tuck this card under the Fighter's card. While it
is there , the fighter's Move, Strength and
Toughness are each increased by 1. In each End
phase, roll a D6. On a 1, the card is discarded
and an Injury roll is made for the fighter, using a
Damage of 2. On a 2, the card is discarded.

On a 3, the fighter suffers a Flesh Wound but
the card remains in play.",,,
../TacticsCards/GOLIATH/Subconscious Mnemonics.png,Subconscious Mnemonics,Goliath Tactics,"Play this gang tactic at the start of the
Deployment step of the pre-battle sequence
before any fighters have been deployed.

Choose a friendly House Goliath Leader or
Champion with two or more skills. For the
remainder of this battle, that fighter may
exchange one of their skills for another skill of
the same skill set. The controlling pee chooses
which skill is replaced and which skill it is
replaced with.",,,
../TacticsCards/GOLIATH/Tempered in Battle.png,Tempered in Battle,Goliath Tactics,"Play this gang tactic when a friendly House
Goliath fighter takes an enemy fighter

Out of Action with a close combat attack

or by performing a Coup De Grace. For the
remainder of this battle, the fighter that took
the enemy fighter Out of Action gains the
Fearsome skill. In addition, for the remainder of
this battle, this fighter gains +1 XP when they
take an enemy fighter Out of Action with either
a close combat attack or by performing a Coup
De Grace.",,,
../TacticsCards/GOLIATH/The Hand that Feeds You.png,The Hand that Feeds You,Goliath Tactics,"Play this card at the start of the Deployment step
of the pre-battle sequence before any fighters
have been deployed. The gang may recruit

a House Agent for this battle without needing to
make a Petition and without needing to pay

a hiring fee (i-e., this House Agent is hired for
free). If they do so, during the post-battle
sequence the gang gains no credits from scenario
rewards. If you do not have a model available to
represent this House Agent, you may discard this
card and select another.",,,
../TacticsCards/GOLIATH/Unleash the Fear.png,Unleash the Fear,Goliath Tactics,"Play this gang tactic when a friendly Goliath
fighter performs the Flex (Simple) action.

All enemy fighters within 6"" of, and with a line
of sight to, the fighter performing the

Flex (Simple) action must immediately make

a Cool check. If the check is passed, this gang
tactic has no further effect. If the check is failed,
they become Broken.",,,
../TacticsCards/GOLIATH/Unstoppable Behemoth.png,Unstoppable Behemoth,Goliath Tactics,"| Play this card after an attack is made against
on of your fighters, before the Injury roll
(if any) is made.

The attack has no further effect - no Injury
roll is made. In addition, if your fighter is
pinned, they immediately stand up.",,,
../TacticsCards/GOLIATH/Vat Twin.png,Vat Twin,Goliath Tactics,"Play this card at the start of the battle, after both
sides have deployed but before the first round.
Choose two Goliath fighters in your starting crew
to be Vat Twins. If, during the battle, one of
them is taken Out of Action, the other removes
any Flesh Wounds it has and gains Berserker,
Nerves of Steel and Unstoppable skills until the
end of this battle. If both fighters are targeted by
the same attack, fully resolve it against both
before applying this card; both fighters may go
Out of Action.",,,
../TacticsCards/GOLIATH/Walking Fortress.png,Walking Fortress,Goliath Tactics,"Play this gang tactic when activating any |
friendly fighter.

Place a Furnace Barricade (see page 111 |
of Necromunda: House of Chains) within

1"" of the fighter. The fighter's activation ther
ends.",,,
../TacticsCards/GOLIATH VEHICLES/'ead As Thick As.png,"""ead As Thick As Their Rig",Goliath Vehicle Tactics,"Play this gang tactic when a friendly vehicle is
Wrecked before rolling on the Lasting Injury
table for the crew.

Do not roll on the table; the result is
automatically Out Cold.",,,
../TacticsCards/GOLIATH VEHICLES/Batter Up.png,Batter Up,Goliath Vehicle Tactics,"Play this gang tactic when activating a friendly
fighter subject to the Mounted condition before
performing any actions.

For the duration of this activation, any close
combat attacks made by the fighter gain

the Knockback trait.",,,
../TacticsCards/GOLIATH VEHICLES/Bowlin’ Action.png,| Bowlin’ Action,Goliath Vehicle Tactics,"Play this gang tactic when activating a friendly
vehicle before performing any actions.

For the duration of this activation, the vehicle
treats the Ram (Double) action as a Simple
action.",,,
../TacticsCards/GOLIATH VEHICLES/Can Openers.png,Can Openers,Goliath Vehicle Tactics,"Play this gang tactic at the beginning of the battle
before the first roll for Initiative.

For the duration of the battle, D3 weapons with
the Melee trait add 1 to their Damage
characteristic while targeting vehicles.",,,
../TacticsCards/GOLIATH VEHICLES/Cheap Construction.png,Cheap Construction,Goliath Vehicle Tactics,"Play this gang tactic during the post-battle
sequence when performing the Negotiate Repairs
post-battle action.

Reduce the cost of one Negotiate Repairs action
by 50%, rounding up to the nearest 5 credits.",,,
../TacticsCards/GOLIATH VEHICLES/Drive It Off.png,Drive It Off,Goliath Vehicle Tactics,"Play this gang tactic after a friendly vehicle is hit
by a ranged attack, before rolling to wound.
The vehicle makes a Toughness check on the
facing that is being hit; if the check is passed,
the vehicle is not hit by the attack.",,,
../TacticsCards/GOLIATH VEHICLES/Hardened Chassis.png,Hardened Chassis,Goliath Vehicle Tactics,"Play this gang tactic when a friendly vehicle is
Wrecked before rolling on the Lasting Damage
table.

Do not roll on the table; the result is
automatically a 1 - Persistent Rattle.",,,
../TacticsCards/GOLIATH VEHICLES/King of the Wastes.png,King of the Wastes,Goliath Vehicle Tactics,"Play this gang tactic during the post-battle
sequence when receiving scenario rewards.
If at least one cngy vehicle is still on the
battlefield, add 1 to the gang’s Reputation.",,,
../TacticsCards/GOLIATH VEHICLES/Last Gasp.png,Last Gasp,Goliath Vehicle Tactics,"Play this gang tactic when a friendly vehicle is
Wrecked before rolling on the Lasting Damage
table.

The vehicle may immediately make a free

Fire All (Basic) action.",,,
../TacticsCards/GOLIATH VEHICLES/Lotsa Ammo!.png,Lotsa Ammo!,Goliath Vehicle Tactics,"Play this gang tactic at the beginning of the battle
before the first roll for Initiative.

For the duration of the battle, D3 weapons with
the Crew Operated trait lose the Scarce trait. If
they don't have the Scarce trait, they gain

the Plentiful trait instead.",,,
../TacticsCards/GOLIATH VEHICLES/Not So Fast.png,Not So Fast,Goliath Vehicle Tactics,"Play this gang tactic when an enemy vehicle
moves out of engagement range of a friendly
fighter.

The fighter may immediately make a free
Reaction attack against the vehicle.",,,
../TacticsCards/GOLIATH VEHICLES/Power Through.png,Power Through,Goliath Vehicle Tactics,"Play this gang tactic when a friendly fighter
subject to the Mounted condition would become
Pinned.

The fighter makes a Strength check, if the check
is passed they do not become Pinned.",,,
../TacticsCards/GOLIATH VEHICLES/Reinforced Plates.png,Reinforced Plates,Goliath Vehicle Tactics,"Play this gang tactic at the beginning of the battle
before the first roll for Initiative.

For the duration of the battle, a friendly vehicle
increases its Front arc Toughness by 1.",,,
../TacticsCards/GOLIATH VEHICLES/Roaring To Life.png,Roaring To Life,Goliath Vehicle Tactics,"Play this gang tactic when activating a friendly
vehicle that is Stalled before performing any
actions.

The vehicle immediately changes its Status to
Mobile.",,,
../TacticsCards/GOLIATH VEHICLES/Superficial Damage.png,| Superficial Damage,Goliath Vehicle Tactics,"Play this gang tactic when a hit is being resolved
against a friendly vehicle before rolling Damage
dice.

For the duration of the hit, reduce the number

of Damage rolled by 1, to a minimum of 1.",,,
../TacticsCards/GOLIATH VEHICLES/T-bone.png,T-bone,Goliath Vehicle Tactics,"Play this gang tactic when a friendly vehicle is
involved in a vehicle collision before resolving
hits.

For the duration of the collision, increase

the Strength of any hits caused by this vehicle
by 2.",,,
../TacticsCards/GOLIATH VEHICLES/The Immovable Object.png,The Immovable Object,Goliath Vehicle Tactics,"Play this gang tactic when a friendly vehicle is
involved in a vehicle collision before moving any
models.

The vehicle is not moved as a result of

the collision.",,,
../TacticsCards/GOLIATH VEHICLES/Wreck It!.png,Wreck It!,Goliath Vehicle Tactics,"Play this gang tactic at the beginning of any
round before rolling for Initiative.

Choose an nt vehicle; for the duration of the
round, all friendly models can re-roll failed hit
rolls against the vehicle.",,,
../TacticsCards/MISFITS/Blood Money.png,Blood Money,Venator Tactics,"| Play this card when an enemy Champion or
Leader is taken Out of Action.

Your gang immediately addsanumberof |
credits equal to half the Champion's or
Leader's cost (rounding up) to its stash.",,,
../TacticsCards/MISFITS/Cult Ambush.png,Cult Ambush,Genestealer Cult Tactics,"Play this card immediately before |
deployment.

Your gang's deployment area is expanded by
3"" (in all directions), though cannot overlap
your enemy's deployment area.",,,
../TacticsCards/MISFITS/Dark Blessings.png,Dark Blessings,Chaos Helots Tactics,"Play this card when your Demagogue is Seriously
Injured or taken Out of Action but before
removing the fighter from the board.

Make a Willpower check for the Demagogue. If
the check is passed, replace the Demagogue with
a Chaos Spawn. During the Wrap-up step, the
Chaos Spawn is removed from play and you must
test to see if the Demagogue succumbs their
injuries, as if they were Seriously Injured when
the battle ended.",,,
../TacticsCards/ORLOCK/Ambition.png,Ambition,Orlock Tactics,"Play this card when it is your turn to activate a
fighter.

Pick a Juve or a Ganger with a Ready marker.
For this turn only that fighter is treated as a
Leader for the purposes of activating groups - in
other words, if they are activated, you can
activate up to two other fighters within 4""

of them.",,,
../TacticsCards/ORLOCK/Ammo Pack.png,Ammo Pack,Orlock Tactics,"Play this gang tactic instead of activating a fighter.
Choose a friendly Orlock fighter with the
Munitioneer skill. All friendly ngnices within 6""
and line of sight of that fighter that have the

Out of Ammo condition may immediately
perform a free Reload (Simple) action. A fighter
can perform this action even if they would
normally be unable to do so (eg, if their weapon
has the Scarce trait). Seriously Injured fighters
are not affected by this gang tactic.",,,
../TacticsCards/ORLOCK/Beat Down.png,Beat Down,Orlock Tactics,"| Play at the start of any round.

For the duration of the round, all unarmed
close combat attacks made by your fighters _
that hit, automatically inflict a Flesh

Wounds unless a save roll is made. No
wound roll or injury roll is made.",,,
../TacticsCards/ORLOCK/Blood Brothers.png,Blood Brothers,Orlock Tactics,"Play this gang tactic at the start of the
Deployment step of the pre-battle sequence,
before any fighters have been cee nie:

The gang may recruit two Hive Scum for this
battle without needing to pay a hiring fee or
the cost of their weapons and Wargear. If they
do so, during the post-battle sequence the gang
gains only half the amount of credits from
scenario rewards. If you do not have models
available to represent these Hive Scum, you may
discard this gang tactic and select another.",,,
../TacticsCards/ORLOCK/Bond of Brotherhood.png,Bond of Brotherhood,Orlock Tactics,"| Play this card at the end of a friendly
fighter's turn, when they are within 3"" ofa
friendly fighter who is Seriously Injured.
The fighter can immediately make a Fight
(basic) or Shoot (basic) action. This is in
addition to the two other actions they can
make during their turn.",,,
../TacticsCards/ORLOCK/Bond of Iron.png,Bond of lron,Orlock Tactics,"Play this gang tactic during the Priority phase of
any round, after Roll for Priority, but before
Ready Fighters.

Until the End phase of this round, all friendly
Orlock fighters with the Group Activation (X)
special rule can activate one additional fighter

as part of any Group Activation they make,

e.g., a fighter with Group Activation (2) can
activate three fighters instead.",,,
../TacticsCards/ORLOCK/Boom Boom Surprise.png,Boom Boom Surprise,Orlock Tactics,"Play this gang tactic instead of activating

a fighter.

Choose a Promethium Barrel Gang Terrain
feature that is within 8"" of a friendly fighter that
can see the chosen Promethium Barrel.

The barrel explodes; resolve the effects of

an attack with an incendiary charge centred on
the Promethium Barrel. After this g tactic is
resolved, remove the Promethium Barrel from
the battlefield.",,,
../TacticsCards/ORLOCK/Die Trying.png,Die Trying,Orlock Tactics,"Play at the start of any round. |
For the duration of the turn, Seriously |
Injured fighters in your gang can provide |
assists and interference as if they were
standing.",,,
../TacticsCards/ORLOCK/Down but not Out .png,Down but not Out,Orlock Tactics,"Play this gang tactic when activating a Seriously
Injured friendly fighter that is within 3"" of

a friendly Standing and Active Orlock fighter.
The activated fighter suffers a Flesh Wound
and then becomes Standing and Active.

The fighter may then make a single Basic or
Simple Action, after which the fighter's
activation ends.",,,
../TacticsCards/ORLOCK/For Close Encounters.png,For Close Encounters,Orlock Tactics,"| Play this card when activating a fighter.

|

Put this card under the active fighter's

Fighter card. Until the end of athe battle, _
this fighter has a sawn-off shotgun

in addition to their other equipment.

|

|",,,
../TacticsCards/ORLOCK/Grandstanding.png,Grandstanding,Orlock Tactics,"Play this gang tactic at the start of the
Deployment step of the pre-battle sequence,
before any fighters have been deployed.

If your (Leader) is not part of your crew, one
(Champion) of your choice within your crew
may be replaced with your (Leader). If no
(Champions) are part of eee crew, a (Ganger)
may be replaced instead. If your (Leader) is part
of your crew already, you may discard this gang
tactic and select another.",,,
../TacticsCards/ORLOCK/Initiation.png,Initiation,Orlock Tactics,"Play this tactic at the start of the Deployment
step of the pre-battle sequence, before any
fighters have been deployed. Your gang may
immediately recruit ue to three Greenhorns for
free. They will leave the gang at the end of this
battle. Each Greenhorn is armed with a sawn-off
shotgun and flak armour. These fighters are not
counted towards your maximum crew size - they
are taken in addition to are starting crew. If you
do not have models available, you may discard
this tactic and select another.",,,
../TacticsCards/ORLOCK/Intimidation.png,| Intimidation,Orlock Tactics,"| Play instead of activating a fighter.

Choose an Active fighter from your gang.
Each Active enemy fighter within 9"" of that |
fighter must make a Nerve test. If a fighter
fails the check, they run for cover as normal,
but are not Broken.",,,
../TacticsCards/ORLOCK/Last Gasp.png,Last Gasp,Orlock Tactics,"| Play this card when activating a Seriously
Injured fighter.

This fighter immediately becomes |
Standing and Active. At the end of this
fighter's activation, they go Out of Action
and are removed from play.",,,
../TacticsCards/ORLOCK/Lead by Example.png,Lead by Example,Orlock Tactics,"| Play this when a Leader or Champion from
your gang takes an enemy model Out of
Action in close combat.

Any Broken fighter from your gang
immediately rally. In addition, any Pinned
fighters from your gang within 6"" of the
Leader or Champion can immediately return
to standing.",,,
../TacticsCards/ORLOCK/Protection Duty.png,Protection Duty,Orlock Tactics,"Play this tactic at the start of the Deployment
step of the pre-battle sequence, before any
fighters have been deployed. Your gang may
take a Rebel Lord for this battle. They're taken
in add. to your start crew and don't count
towards your max. crew size. If you don't have a
model, select another card, If this Rebel Lord is
taken OOA, every friendly fighter suffers a -2 to
Cool for the rest of this battle. In campaign battl
your gang loses 5 Rep. (to a min. of 0), and the
gang that takes the Rebel Lord OOA gains 3 Rep.",,,
../TacticsCards/ORLOCK/Quick Trick.png,Quick Trick,Orlock Tactics,"Play this gang tactic when an enemy fighter
declares a Charge (Double) action and moves
within 1"" of a friendly Orlock fighter.

The fighter can immediately make an attack with
a sawn-off shotgun against the charging fighter
even if they are not equipped with one.

The enemy fighter cannot be Pinned by this
attack but, if they are Seriously Injured, their
activation ends.",,,
../TacticsCards/ORLOCK/Seismic Surprise.png,Seismic Surprise,Orlock Tactics,"Play this gang tactic when a friendly Orlock
fighter performs a Shoot (Basic) action with
a frag grenade.

Until the end of their activation, this fighter's
frag grenades gain the Seismic trait.",,,
../TacticsCards/ORLOCK/Showboating.png,Showboating,Orlock Tactics,"Play this gang tactic when a friendly Orlock
fighter takes an enemy fighter Out of Action
with an attack as part of a Charge (Double)
action.

If the fighter is no longer Engaged, they may
immediately make a second, free Charge
(Double) action. If the fighter is Engaged, they
may immediately make a free Fight (Basic)
action instead.",,,
../TacticsCards/ORLOCK/Solidarity.png,Solidarity,Orlock Tactics,"| Play at the start of any round.

For the duration of the round, fighters from
your gang automatically pass any Cool |
checks they make as long as they are within
6"" of another fighter from your gang.",,,
../TacticsCards/ORLOCK/Stepping Up.png,Stepping Up,Orlock Tactics,"Play this gang tactic when a friendly Orlock
fighter with the Gang Hierarchy (Leader) trait is
taken Out of Action. Choose a friendly Orlock
yates that is on the battlefield and has the Gang

ierarchy (Champion) skill. Until the end of this
battle, or until the chosen fighter is taken Out of
Action, the chosen fighter replaces their Gang
Hierarchy (Champion) and Group Activation (1)
special rules with the Gang Hierarchy (Leader)
and Group Activation (2) special rules.",,,
../TacticsCards/ORLOCK/Strength of Arms.png,Strength of Arms,Orlock Tactics,"Play this gang tactic during the Priority phase of
any round, after Roll for Priority, but before
Ready Fighters.

Until the End phase of this round, attacks made
by friendly Orlock fighters made with a weapon
that has the Melee trait gain +15 for each
additional friendly fighter that is also Engaged
with the target, to a maximum of +3.",,,
../TacticsCards/ORLOCK/Tough as Nails.png,Tough as Nails,Orlock Tactics,"Play this tactic during the Priority phase of any
round, after Roll for Priority, before Ready
Fighters. Choose a friendly Orlock gutee with
the Gang Hierarchy (X) special rule. For the
remainder of this battle, roll a D6 each time that
fighter suffers a wound (roll separately for each
wound caused by a single attack). On a 2+, that
wound is ignored. On a 1, the fighter suffers the
wound as normal and this tactic is discarded.

If the fighter suffers an Injury without losing a
wound (e.g., from Gas trait), discard this tactic.",,,
../TacticsCards/ORLOCK/Trigger Discipline.png,Trigger Discipline,Orlock Tactics,"Play this gang tactic during the Priority phase of
any round, after Roll for Priority, but before
Ready Fighters.

Until the End phase of this round, all friendly
Orlock fighters that start their activation within
6"" of a friendly fighter with the Gang Hierarchy
(X) rule count as having the Steady Hands skill.",,,
../TacticsCards/ORLOCK/Up Close and Personal.png,Up Close and Personal,Orlock Tactics,"Play this gang tactic during the Priority phase of
any round, after Roll for Priority, but before
Ready Fighters.

Choose up to three friendly Orlock fighters.
Until the end of the battle, any sawn-off
shotguns carried by those fighters gain the
Sidearm trait.",,,
../TacticsCards/ORLOCK/Wall of Iron.png,Wall of tron,Orlock Tactics,"Play this gang tactic during the Priority phase of
any round, after Roll for Priority, but before
Ready Fighters.

Until the End phase of this round, any friendly
fighter that is in base contact with one or more
Standing and Active friendly Orlock fighters
cannot be involuntary placed Prone and Pinned
(they may, however, voluntarily go Prone should
you Wish).",,,
../TacticsCards/ORLOCK/What’s in a Name_.png,What's in a Name?,Orlock Tactics,"Play this gang tactic at the start of the battle,
after both sides have deployed but before

the first round.

Choose a friendly Orlock fighter in your
starting crew. Until the end of this battle, that
fighter gains one additional Orlock Legendary
Name of your choice. This does not affect their
Credit cost.",,,
../TacticsCards/ORLOCK VEHICLES/Back in the Saddle.png,Back in the Saddle,Orlock Vehicle Tactics,"Play this gang tactic when activating a friendly
fighter with the Mounted condition who is
Prone and Pinned.

The fighter immediately becomes Standing and
Active without using any actions.",,,
../TacticsCards/ORLOCK VEHICLES/Biker Gang.png,Biker Gang,Orlock Vehicle Tactics,"Play this gang tactic at the start of the battle,
after both sides have deployed, but before the
first round.

For the duration of this battle, D3 fighters of
your choice in your starting crew subject to the
Mounted condition increase their Initiative
characteristic by 1.",,,
../TacticsCards/ORLOCK VEHICLES/Boarding Action!.png,| Boarding Action!,Orlock Vehicle Tactics,"Play this gang tactic when a friendly fighter takes
an Initiative test for jumping onto or off of

a vehicle.

The Initiative test is automatically passed, no roll
is needed.",,,
../TacticsCards/ORLOCK VEHICLES/Bulldoze.png,| Bulldoze,Orlock Vehicle Tactics,"Play this gang tactic before resolving a vehicle
collision during a friendly vehicle's activation.
The vehicle that is currently activating does not
suffer any hits due to the collision.",,,
../TacticsCards/ORLOCK VEHICLES/Can Openers.png,Can Openers,Orlock Vehicle Tactics,"Play this gang tactic at the start of the battle,
after both sides have deployed, but before

the first round.

Select one friendly fighter; for the duration of
this battle any weapons with the Melee trait they
are equipped with increase their Strength
characteristic by 1 when ae vehicle. If
your gang has no weapons with the Melee trait,
you may discard this gang tactic and select
another.",,,
../TacticsCards/ORLOCK VEHICLES/Drive By.png,Drive By,Orlock Vehicle Tactics,"Play this gang tactic when activating a friendly
vehicle.

For the duration of this activation, the vehicle
treats the Move & Shoot (Basic) action as a
simple action.",,,
../TacticsCards/ORLOCK VEHICLES/Familiar Ground.png,Familiar Ground,Orlock Vehicle Tactics,"Play this gang tactic at the start of the battle,
after both sides have deployed, but before the
first round.

For the duration of this battle, one friendly
vehicle of your choice in your starting crew may
treat difficult terrain and dangerous terrain as
open terrain.",,,
../TacticsCards/ORLOCK VEHICLES/Fang it!.png,Fang it!,Orlock Vehicle Tactics,"Play this gang tactic when activating a friendly

fighter subject to the Mounted condition.

For the duration of this activation, the selected
fighter increases their Movement characteristic
by 4"".",,,
../TacticsCards/ORLOCK VEHICLES/Going in Guns Blazing.png,Going in Guns Blazing,Orlock Vehicle Tactics,"Play this gang tactic when activating a friendly
vehicle.

For the duration of this activation, the vehicle
may fire one weapon with the Crew Weapon or
Sidearm trait at any point while making a Ram
(Double) action.",,,
../TacticsCards/ORLOCK VEHICLES/I Can Hold It!.png,| Can Hold It!,Orlock Vehicle Tactics,"Play this gang tactic after a friendly vehicle has
failed a Loss of Control test.

The vehicle is instead considered to have passed
the Loss of Control test.",,,
../TacticsCards/ORLOCK VEHICLES/King of the Road.png,King of the Road,Orlock Vehicle Tactics,"Play this gang tactic during the Wrap-up phase
of the post- battle sequence.

If any enemy vehicles were Wrecked during this
battle, your gang gains D3 Reputation.",,,
../TacticsCards/ORLOCK VEHICLES/Power Slide.png,Power Slide,Orlock Vehicle Tactics,"Play this gang tactic when activating a friendly
vehicle.

For the duration of this activation, the vehicle
may make an extra turn of up to 90 degrees when
performing a Move (Simple) action.",,,
../TacticsCards/ORLOCK VEHICLES/Ride Them Down!.png,Ride Them Down!,Orlock Vehicle Tactics,"Play this gang tactic when resolving a Ride By
attack before rolling to Hit.

Increase the Strength of any hits inflicted by the
attack by 1.",,,
../TacticsCards/ORLOCK VEHICLES/Road Warriors.png,Road Warriors,Orlock Vehicle Tactics,"Play this gang tactic at the start of a Rolling
Roads battle, after both sides have deployed, but
before the first round.

For the duration of this battle, D3 friendly
models of your choice in your starting crew gain
+1 to the Intelligence test to rejoin the battle. If
the scenario being played does not use the
Rolling Roads rules you may discard this gang
tactic and select another.",,,
../TacticsCards/ORLOCK VEHICLES/Rugged Construction.png,Rugged Construction,Orlock Vehicle Tactics,"Play this gang tactic during the Post-battle
Actions phase of the post-battle sequence.
Halve the credits cost (rounding up to the
nearest 5 credits) of the Negotiate Repairs action.",,,
../TacticsCards/ORLOCK VEHICLES/Supplies Delivered.png,Supplies Delivered,Orlock Vehicle Tactics,"Play this gang tactic during the Wrap-up phase
of the post-battle sequence.

Add D3x10 credits to your gang's Stash for every
friendly vehicle that took part in the battle and
isn't Wrecked.",,,
../TacticsCards/ORLOCK VEHICLES/Take Them Out!.png,Take Them Out!,Orlock Vehicle Tactics,"Play this gang tactic when rolling damage for an
enemy vehicle.
Roll one additional Damage dice for the attack.",,,
../TacticsCards/ORLOCK VEHICLES/Wheels of Iron.png,Wheels of lron,Orlock Vehicle Tactics,"Play this gang tactic when a friendly vehicle is
targeted by an attack.

For the duration of this attack, increase the
Toughness characteristic of the arc being hit by 1",,,
../TacticsCards/OUTCASTS/A Few Friends.png,A Few Friends,Outcasts Tactics,"Play this gang tactic at the start of the battle, afte
both sides have deployed, but before the first
round. Your gang may immediately recruit and
pists in your deployment zone D3+2 Hive Scum
ired Guns. These fighters are recruited for free
and will leave your gang at the end of this battle.
These fighters are not counted towards your
maximum crew size - they are taken in addition
to your starting crew. If you do not have models
available to represent these Hive Scum, you may
discard this gang tactic and select another.",,,
../TacticsCards/OUTCASTS/All or Nothing.png,All or Nothing,Outcasts Tactics,"Play this gang tactic when activating a friendly
fighter.

The fighter (who may be Seriously Injured),
immediately becomes Standing and Active and
may perform up to three actions during this
activation. Once their activation ends, they
immediately go Out of Action.",,,
../TacticsCards/OUTCASTS/Back to the Badzones.png,Back to the Badzones,Outcasts Tactics,"Play this gang tactic during any End phase,
before your opponent makes any Recovery tests.
The battle ends as if your gang had retreated
from the battlefield. Friendly fighters who are
Seriously Injured automatically recover and
there is no chance for any fighters to be
Captured.",,,
../TacticsCards/OUTCASTS/Dirty Tactics.png,Dirty Tactics,Outcasts Tactics,"Play this gang tactic at the end of a friendly
fighter's activation.

Immediately activate another Ready friendly
fighter anywhere on the battlefield.",,,
../TacticsCards/OUTCASTS/Fight Another Day.png,Fight Another Day,Outcasts Tactics,"Play this gang tactic when a friendly fighter is
taken Out of Action.

Do not make a Lasting Injury roll against the
fighter. Instead, treat the fighter as being Out
Cold, as if a roll of 12-26 on the Lasting Injury
table had been made against them.",,,
../TacticsCards/OUTCASTS/Hard Rounds.png,Hard Rounds,Outcasts Tactics,"Play this gang tactic at the start of any round
before players Roll for Priority.

For the duration of both this round and the next,
both players must roll 2D6 when taking a Bottle
test, rather than the usual.",,,
../TacticsCards/OUTCASTS/Honourless Victory.png,Honourless Victory,Outcasts Tactics,"Play this gang tactic at the end of the scenario.
Regardless of the scenario rewards, your gang
does not suffer any loss of Reputation.",,,
../TacticsCards/OUTCASTS/It_s Personal.png,It's Personal,Outcasts Tactics,"Play this gang tactic at the start of any round
before players Roll for Priority.

Choose one enemy fighter currently on the
battlefield and mark them with a token. For the
remainder of this battle, all friendly fighters add
1 to any Weapon Skill or Ballistic Skill checks
made against the marked fighter.",,,
../TacticsCards/OUTCASTS/Lucky Score.png,Lucky Score,Outcasts Tactics,"Play this gang tactic at the end of the scenario.

If the scenario included any reward in the form
of credits, your gang adds an extra D6x10 credits
in addition to those it won.",,,
../TacticsCards/OUTCASTS/More Where They Came From.png,More Where They Came From,Outcasts Tactics,"Play this gang tactic during any End phase,
before your opponent makes any Recovery tests.
You may return to play D3 friendly

Gangers /Juves that have been taken Out of
Action but did not suffer a Memorable Death
result on the Lasting Injury table by placing
them in your gang’s deployment zone. These
fighters retain any injuries suffered for going Out
of Action but discard any Flesh Wounds.",,,
../TacticsCards/OUTCASTS/No Masters.png,No Masters,Outcasts Tactics,"Play this gang tactic when a friendly fighter is
required to make a Leadership, Cool, Intelligence
or Willpower check.

The fighter can use the Leadership, Cool,
Intelligence or Willpower of your gang's Leader,
even if the Leader is not currently on the
battlefield.",,,
../TacticsCards/OUTCASTS/Old Faithful.png,Old Faithful,Outcasts Tactics,"Play this gang tactic when a friendly fighter
targets an enemy fighter with a ranged or close
combat attack.

Choose either a ranged or a melee weapon from
the Trading Post with a Rarity of 9 or less.
Count this attack as if the fighter was armed
with the chosen weapon.",,,
../TacticsCards/OUTCASTS/Rise from the Ashes.png,Rise from the Ashes,Outcasts Tactics,"Play this gang tactic at the start of any round
before players Roll for Priority.

For the duration of this round and the following
two rounds, your gang automatically passes all
Bottle tests.",,,
../TacticsCards/OUTCASTS/Temporary Alliance.png,Temporary Alliance,Outcasts Tactics,"Play this gang tactic at the start of the battle,
after both sides have deployed, but before the
first round.

Choose one Alliance normally available to

your gang (e.g. Noble, Criminal, Guild, etc.).
Your gang gains the effects of this Alliance for
the duration of the battle. This tactic may not be
used if your gang is already in an Alliance.",,,
../TacticsCards/OUTCASTS/Undercover Agent.png,Undercover Agent,Outcasts Tactics,"Play this gang tactic when activating a friendly
fighter.

The fighter can choose to weyece their
characteristics profile with that of any friendly
fighter that is currently on the battlefield. At the
end of their activation, this fighter goes

Out of Action.",,,
../TacticsCards/OUTCASTS/We Never Liked Him Anyway.png,We Never Liked Him Anyway,Outcasts Tactics,"Play this gang tactic when a friendly fighter is
taken Out of Action.

The fighter automatically suffers a Memorable
Death, as if a roll of 66 had been made against
them on the Lasting Injury table. The fighter's
cost in credits is then added to your gang's Stash.",,,
../TacticsCards/OUTCASTS/Worthless.png,Worthless,Outcasts Tactics,"Play this gang tactic when a friendly fighter is
taken Out of Action.

No XP is gained for the fighter being taken

Out of Action. In addition, do not count this
fighter as having been taken Out of Action when
determining scenario rewards.",,,
../TacticsCards/OUTCASTS/Wyrd Occurrence.png,Wyrd Occurrence,Outcasts Tactics,"Play this gang tactic when activating a friendly
fighter.

The fighter immediately performs one of the
following Wyrd Power actions (without the need
to make a Willpower check). Their activation
then ends:

Chronomancy - Freeze Time (Double),
Divination - Misfortune (Basic),

Pyromancy - Molten Bolt (Basic).",,,
../TacticsCards/SLAVE OGRYNS/Avenging Ogryn.png,Avenging Ogryn,Slave Ogryns Tactics,"Play this gang tactic when a friendly Slave Ogryn
fighter is taken Out of Action by an attack made
by an enemy fighter. Choose a friendly Slave
Ogryn that is Standing and Active, and has

a Ready marker on them. Until the end of this
round, that fighter automatically passes any
Nerve tests it has to make. In addition,

the fighter immediately activates, interrupting
the enemy fighter's turn, and performs their
activation as normal. This fighter then loses their
Ready marker.",,,
../TacticsCards/SLAVE OGRYNS/Chain Breaker.png,Chain Breaker,Slave Ogryns Tactics,"Play this tactic at the start of the battle, after bot .
sides have deployed, but before the first round.
Until the end of battle, don't roll Recovery for
any friendly Slave Ogryns that are Webbed. Trea
them as having rolled a Flesh Wound and they
immediately become Standing. If your opponent
doesn't have any fighters with Web weapons, you
may discard this gang tactic and select another.
Alternatively, if it's a campaign battle, friendly
fighters can't be captured; any captured fighter
counts as having rolled an Out Cold result.",,,
../TacticsCards/SLAVE OGRYNS/Die on Your Feet.png,Die on Your Feet,Slave Ogryns Tactics,"Play this gang tactic at the start of the battle, afte
both sides have deployed, but before the first
round. Until the end of this battle, when

a fiend: Slave Ogryn fighter is the target of

a Coup De Grace (Simple) action, they take D3
Flesh Wounds instead of going Out of Action.
The Slave Ogryn is then immediately moved 1""
directly away from the fighter performing the
action and is placed Prone and Pinned - they

are no longer Seriously Injured.",,,
../TacticsCards/SLAVE OGRYNS/Freedom in Death.png,Freedom in Death,Slave Ogryns Tactics,"Play this gang tactic when a friendly Slave Ogryn
fighter is taken Out of Action.

Before removing this fighter from the battlefield,
they may immediately make a free Shoot (Basic)
action with a weapon with the Grenade trait they
are equipped with that has the Blast (3 ""/5""/*)
trait. The central hole of the Blast marker must
be centered over this fighter and the attack
automatically hits.",,,
../TacticsCards/SLAVE OGRYNS/Gene-Bred.png,Gene- Bred,Slave Ogryns Tactics,"Play this tactic at the start of the Deployment
step of the pre-battle sequence, before any
fighters have been deployed. Choose a Slave
Ogryn fighter in your starting crew. Until

the end of this battle, that fighter gains up to
two Gene-smithing upgrades. These must be
chosen from the Unborn Gene-smithed
Upgrades but do not affect the fighter's Credit
cost. Any upgrade that affects the fighter during
the post-battle sequence will affect the Slave
Ogryn fighter before upgrades is removed.",,,
../TacticsCards/SLAVE OGRYNS/Hidden Loyalties.png,Hidden Loyalties,Slave Ogryns Tactics,"Play this gang tactic at the start of the |
Deployment step of the pre-battle sequence,
before any fighters have been deployed. |
Choose a fighter from your starting crew.
Unul the end of this battle, that fighter
gains the Infiltrate skill. |",,,
../TacticsCards/SLAVE OGRYNS/Limb from Limb.png,Limb from Limb,Slave Ogryns Tactics,"Play this gang tactic when activating |
a friendly Slave Ogryn fighter.

Unul the End phase of this round, |
any weapon with the Melee trait the fighter
carries gains the Sever trait.",,,
../TacticsCards/SLAVE OGRYNS/Looted Gear.png,Looted Gear,Slave Ogryns Tactics,"Play this gang tactic at the start of the
Deployment step of the pre-battle sequence,
before any fighters have been deployed.

Choose a fighter from your starting crew that is
on the battlefield and place a marker on that
fighter's card. Until the end of this battle, a singl
weapon that fighter is epee with loses one
of the following Traits: Reckless, Scarce,
Unwieldy. You may choose which weapon is
affected by this tactic and which Trait is lost.",,,
"../TacticsCards/SLAVE OGRYNS/No, I’m Smarticus! .png","No, I'm Smarticus!",Slave Ogryns Tactics,"Play this gang tactic during the Priority phase of
any round, after Roll for Priority, but before
Ready Fighters. Until the End phase of this
round, roll a D6 each time a friendly Slave Ogryn
fighter with the Gang Leader special rule is the
target of a Shoot (Basic) action. On a 3+, you
may transfer any successful hits that result from
that action to a friendly Slave Osryn fignter
within 3"" of the fighter with the Gang Leader
special rule. Hits caused by a weapon with the
Blast (3"" /5"" /*) trait are unaffected by this tactic.",,,
../TacticsCards/SLAVE OGRYNS/Not Today!.png,Not Today!,Slave Ogryns Tactics,"Play this gang tactic when a friendly Slave Ogryn
fighter is taken Out of Action by an attack made
with a ranged weapon.

Before removing the fighter from the battlefield,
they may immediately become Standing and
make a free Charge (Double) action. Immediately
after this action, and ay subsequent Fight (Basic
action made as part of the Charge (Double)
action, is resolved, the fighter goes Out of Action
as normal.",,,
../TacticsCards/SLAVE OGRYNS/Out of My Way!.png,Out of my Way!,Slave Ogryns Tactics,"Play this gang tactic when activating a friendly
Slave Ogryn fighter.

Until the End phase of this round, the fighter
gains the Hur! skill if they did not already have it.
In addition, the Hurl (Basic) action becomes

a Hurl (Simple) action for this fighter. Any
enemy fighter that is the target of this action
must take a Strength check rather than an
Initiative check; if they fail, the enemy fighter is
hurled.",,,
../TacticsCards/SLAVE OGRYNS/Quicker Than They Look.png,Quicker Than They Look,Slave Ogryns Tactics,"Play this gang tactic when activating |
a friendly Slave Ogryn fighter.

Unul the End phase of this round, this |
fighter doubles their base Move
characteristic while making a Charge
(Double) action. |",,,
../TacticsCards/SLAVE OGRYNS/Reboot.png,| Reboot,Slave Ogryns Tactics,"Play this gang tactic when a friendly Seriously
Injured Lobo-slave fighter is activated.

This Lobo-slave immediately removes any Flesh
Wounds and becomes Standing and Active.
However, until the end of this battle, decrease
this Lobo-slave's Weapon Skill and Attacks
characteristics by 1, to a minimum of 6+ and 1
respectively",,,
../TacticsCards/SLAVE OGRYNS/Resurgent Threat.png,Resurgent Threat,Slave Ogryns Tactics,"Play this gang tactic during the End phase, |
before making any Bottle tests.

Your gang immediately passes their Bottle |
test, without the need to roll a D6. In
addition, you can choose who wins Priority
in the next round. |",,,
../TacticsCards/SLAVE OGRYNS/Slave Becomes Master.png,Slave Becomes Master,Slave Ogryns Tactics,"Play this tactic at the start of the Deployment step
of the pre-battle sequence, before any fighters
have been deployed. Your gang may immediately
recruit up to two Goliath Juves or one Goliath
Ganger for free. They will leave the gang at the
end of this battle. Each fighter has Frenzon collar
and either a stub gun or a maul and an axe. They
aren't counted towards your max crew size

- they're taken in addition to your starting crew.
If you don't have models available, you may
discard this gang tactic and select another.",,,
../TacticsCards/SLAVE OGRYNS/Strong and Steady.png,Strong and Steady,Slave Ogryns Tactics,"Play this gang tactic when a friendly fighter is hit
by a ranged attack, before they become Prone
and Pinned.

Immediately make a Strength test for the fighter.
If it is passed, they do not become Pinned.

This gang tactic can be played after a fighter has
failed a Cool check as part of the Nerves of Steel
skill.",,,
../TacticsCards/SLAVE OGRYNS/Tools of the Trade.png,Tools of the Trade,Slave Ogryns Tactics,"Play this gang tactic at the start of the battle,
after both sides have deployed, but before the
first round.

Choose a fighter from your starting crew that is
on the battlefield and place a marker on their
Fighter card. Choose one weapon with the Melee
trait that the fighter is equipped with. For the
duration of this battle, the Fehtet's Weapon Skill
is treated as 2+ when making attacks with that
weapon.",,,
../TacticsCards/SLAVE OGRYNS/Unleash the Storm.png,Unleash the Storm,Slave Ogryns Tactics,"Play this gang tactic when a friendly Slave Ogryn
fighter makes an attack with a Storm-welder,
before rolling any dice.

Until the End phase of this round, the Storm-
-welder loses the Reckless trait. However, at the
end of this fighter's activation, the weapon
immediately goes Out of Ammo as if they rolled
the Ammo symbol on the Firepower dice; this
counts as an additional roll of the Ammo symbol
for the purposes of Storm-welder's Unstable trait",,,
../TacticsCards/SQUAT PROSPECTORS/Ancestral Weapon.png,Ancestral Weapon,Squat Prospectors Tactics,"Play this gang tactic when making a ranged attack
with a friendly fighter.

For the duration of this attack, increase the
fighter's BS by 1.",,,
../TacticsCards/SQUAT PROSPECTORS/Assault Tunnel.png,Assault Tunnel,Squat Prospectors Tactics,"Play this gang tactic at the start of the battle,
after both sides have deployed, but before the
first round. Select a friendly fighter that is not
part of your starting crew and is not subject to
the Mounted condition. At the start of the third
round, before rolling for Initiative, the fighter
may be placed anywhere on the battlefield that
is at least 12"" away from any enemy models. If
there are no eligible fighters in your gang, you
may discard this gang tactic and select another.",,,
../TacticsCards/SQUAT PROSPECTORS/Brace for Impact!.png,Brace for Impact!,Squat Prospectors Tactics,"Play this gang tactic after a friendly fighter has
been Engaged by an enemy fighter performing
the Charge (Double) action, before the enemy
fighter rolls any dice to attack.

For the duration of this attack, add 1 to any save
rolls made by the friendly fighter.",,,
../TacticsCards/SQUAT PROSPECTORS/Deathblow!.png,| Deathblow!,Squat Prospectors Tactics,"Play this gang tactic when resolving damage on
an enemy fighter as a result of an attack made

by a friendly model, after rolling the Injury dice.
If you roll two or more results of Seriously
Injured, the enemy fighter is taken Out of Action
instead.",,,
../TacticsCards/SQUAT PROSPECTORS/Finest Craftsmanship.png,Finest Craftsmanship,Squat Prospectors Tactics,"Play this gang tactic when making a ranged attack
with a friendly model, before rolling to hit.

For the duration of this attack, either the Hit roll
or Wound roll may be re-rolled.",,,
../TacticsCards/SQUAT PROSPECTORS/Fire in the Hole!.png,Fire in the Hole!,Squat Prospectors Tactics,"Play this gang tactic at the start of the battle,
after both sides have deployed, but before the
first round.

For the duration of this battle, D3 friendly
fighters of your choice count as being equipped
with blasting charges.",,,
../TacticsCards/SQUAT PROSPECTORS/Get Back!.png,Get Back!,Squat Prospectors Tactics,"Play this gang tactic when a friendly fighter is
making Reaction attacks, before rolling any dice.
For the duration of this attack, the fighter's
attacks gain the Knockback trait.",,,
../TacticsCards/SQUAT PROSPECTORS/Honour the Ancestors.png,Honour the Ancestors,Squat Prospectors Tactics,"Play this gang tactic when making a Cool check
for a friendly fighter, before rolling any dice.
The fighter automatically passes the Cool check;
there is no need to roll any dice.",,,
../TacticsCards/SQUAT PROSPECTORS/Listen to your Elders!.png,Listen to your Elders!,Squat Prospectors Tactics,"Play this gang tactic when making a Group
Activation.

Increase the number of fighters that can be
activated as part of the Group Activation by 1.",,,
../TacticsCards/SQUAT PROSPECTORS/Made to take a Beating.png,Made to take a Beating,Squat Prospectors Tactics,"Play this gang tactic at the start of the battle,
after both sides have deployed, but before the
first round.

For the duration of this battle, a friendly fighter
of your choice reduces the AP of all attacks
targeting them by 1.",,,
../TacticsCards/SQUAT PROSPECTORS/Mother Lode!.png,Mother Lode!,Squat Prospectors Tactics,"Play this gang tactic during the Wrap-up phase
of the post- battle sequence.

If your gang won the scenario, add 2D6x10
credits to your gang's Stash.",,,
../TacticsCards/SQUAT PROSPECTORS/Running Repairs.png,Running Repairs,Squat Prospectors Tactics,"Play this gang tactic when activating a friendly
vehicle.

The vehicle immediately regains D3 HP lost
earlier in battle.",,,
../TacticsCards/SQUAT PROSPECTORS/Running on Vapours.png,Running on Vapours,Squat Prospectors Tactics,"Play this gang tactic at the start of any round,
before rolling for Initiative.

One enemy vehicle of your choice changes its
Status to Stationary and Stalled. If the enemy
gang doesn't have any vehicles in its starting
crew, you may discard this gang tactic and
select another.",,,
../TacticsCards/SQUAT PROSPECTORS/Scrapper’s Delight.png,Scrapper’s Delight,Squat Prospectors Tactics,"Play this gang tactic when a friendly fighter
opens a Loot casket, before rolling to determine
the casket's contents.

Instead of rolling to determine the Loot casket's
contents, add D3x10 credits to your gang's Stash
and then remove the Loot casket from the
battlefield.",,,
../TacticsCards/SQUAT PROSPECTORS/Thermal Visor.png,Thermal Visor,Squat Prospectors Tactics,"Play this gang tactic when activating a friendly
model.

For the duration of this activation, increase the
value of the Visibility (X"") rule by 6"". If the
Visibility CX"") rule is not in effect for this battle,
you may discard this gang tactic and select
another.",,,
../TacticsCards/SQUAT PROSPECTORS/Too Stubborn to Die.png,Too Stubborn to Die,Squat Prospectors Tactics,"Play this gang tactic when damage is inflicted
upon a friendly fighter, after Injury dice are
rolled.

Discard one Injury dice of your choice before
applying the effects.",,,
../TacticsCards/SQUAT PROSPECTORS/Vengeance of the Ironhead!.png,Vengeance of the lronhead!,Squat Prospectors Tactics,"Play this gang tactic after a friendly fighter has
been taken Out of Action by an enemy model.

A friendly fighter with line of sight to the enemy
fighter may immediately make a Shoot (Basic)
action targeting the enemy fighter.",,,
../TacticsCards/SQUAT PROSPECTORS/Veteran of the Wastes.png,Veteran of the Wastes,Squat Prospectors Tactics,"Play this gang tactic at the start of the battle,
after both sides have deployed, but before the
first round.

Until the end of the battle, a friendly model of
your choice gains a random skill from one of
their Primary skill sets.",,,
../TacticsCards/UNDERDOG/Decoy.png,| Decoy,Underdog Tactics,"During Step 7 of the pre-battle sequence, tuck
this card under the Fighter card of one of your
fighters, but do not reveal it to your opponent.
If, at the end of the battle, this fighter has been
taken Out of Action by an enemy Champion or
Leader, this fighter gains D3 Experience points
ae 2D6x10 credits are added to your gang's
tash.",,,
../TacticsCards/UNDERDOG/Giant Killer.png,Giant Killer,Underdog Tactics,"| Play this card at the start of the battle, before
the first round.

For the duration of the battle, all of your |
fighters gain 1 extra Experience point for
taking an enemy fighter Out of Action.",,,
../TacticsCards/UNDERDOG/Grateful Trader.png,Grateful Trader,Underdog Tactics,"Play this card during Step 7 of the pre-battle
sequence.

Choose one item of Wargear from the Trading
Post, up to a value of 3D6x10 credits with

a Rarity of 10 or less. For the duration of this
game, you may equip one of your fighters with
the item. If you win the battle, that fighter may
Keep the item.",,,
../TacticsCards/UNDERDOG/Hard Training.png,Hard Training,Underdog Tactics,"During Step 7 of the pre-battle sequence, tuck
this card under the Fighter card of one of your
fighters, but do not reveal it to your opponent.
When the fighter activates for the first time,
reveal this card. You may immediately give this
fighter one Primary skill and one Secondary skill
of your choice. These skills last until the end of
the battle.",,,
../TacticsCards/UNDERDOG/Miraculous Recovery.png,Miraculous Recovery,Underdog Tactics,"Play this card during Step 7 of the pre-battle
sequence.

Choose one of your fighters who is in |
recovery. The fighter makes a sudden
recovery and is no longer in Recovery. You
may immediately swap this fighter for |
another fighter in your crew. |",,,
../TacticsCards/UNDERDOG/Old Wound.png,Old Wound,Underdog Tactics,"| Play this card during Step 7 of the pre-battle
sequence.

Choose one of your opponent's fighters. |
This fighter begins the game with a Flesh
Wound.",,,
../TacticsCards/UNDERDOG/Paid in Full.png,Paid in Full,Underdog Tactics,"| Play this card during Step 3 of the post-
battle sequence.

For each friendly fighter who was taken Out |
of Action, add D6x10 credits to your gang's
Stash.",,,
../TacticsCards/UNDERDOG/Secret Stash.png,Secret Stash,Underdog Tactics,"| Play this card during Step 3 of the post-
battle sequence.

If at least one of your fighters survived the |
battle without going Out of Action, add
3D6x10 credits to your gang’s Stash.",,,
../TacticsCards/UNDERDOG/Sudden Death.png,Sudden Death,Underdog Tactics,"| During Step 7 of the pre-battle sequence,
tuck this card under the Fighter card of one
of your fighters, but do not reveal it to your
opponent. |
Should this fighter take and enemy
Champion or Leader Out of Action, your
gang gains +6 Reputation.",,,
../TacticsCards/UNDERDOG/Survivalist.png,Survivalist,Underdog Tactics,"During Step 7 of the pre-battle sequence, tuck
this card under the Fighter card of one of your
fighters, but do not reveal it to your opponent.
If, at the end of the battle, this fighter has not
gone Out of Action or succumbed to their
injuries, they gain D6 Experience points.",,,
../TacticsCards/UNDERDOG/Wandering Doc.png,Wandering Doc,Underdog Tactics,"| Play this card during Step 5 of the post-
battle sequence.

You may make one Medical Escort action
without having to pay the Doc's fee of

2D6x 10 credits from your gang's Stash.",,,
../TacticsCards/UNDERDOG/Welcome Stranger 1.png,Welcome Stranger,Underdog Tactics,"Play this card during Step 7 of the pre-battle
sequence.

Your gang may immediately hire a eG Hired
Gun worth up to 200 credits for free. ‘This
fighter is added to your crew prior to deployment
If no suitable model is available, discard this card
and draw another.

Note that this card is included twice in this deck,
potentially allowing two Hired Guns to be fielde",,,
../TacticsCards/UNDERDOG/Welcome Stranger 2.png,Welcome Stranger,Underdog Tactics,"Play this card during Step 7 of the pre-battle
sequence.

Your gang may immediately hire a eG Hired
Gun worth up to 200 credits for free. ‘This
fighter is added to your crew prior to deployment
If no suitable model is available, discard this card
and draw another.

Note that this card is included twice in this deck,
potentially allowing two Hired Guns to be fielde",,,
../TacticsCards/VAN SAAR/ Bodyguard.png,| Bodyguard,Yan Saar Tactics,"Play this gang tactic at the start of the
Deployment step of the pre-battle sequence,
before any fighters have been deployed.

One fighter with the Gang Fighter (X) belonging
to your gang that is not part of your starting crew
may be added to your starting crew. Nominate

a Leader or Champion within your crew. For the
duration of this battle, the chosen Gang Fighter
(X) follows the rules for Exotic Beasts, as if they
were owned by the chosen Leader and Champion",,,
../TacticsCards/VAN SAAR/Ablative Mesh.png,Ablative Mesh,Yan Saar Tactics,"Play this gang tactic when a friendly Van Saar
fighter suffers a hit from any weapon with

a Strength characteristic other than '~’.

Treat this hit as having been caused by a weapon
with the Knockback trait but do not resolve

the hit itself. Instead, the hit is discarded.",,,
../TacticsCards/VAN SAAR/Ammo Dump.png,Ammo Dump,Yan Saar Tactics,"Play this tactic at the start of the Deployment
step of the pre-battle sequence, before any
fighters have been deployed. Place an additional
Ammo crate anywhere on the battlefield. Any
fighter that activates whilst within 3"" of this
Ammo crate that is not Seriously Injured and
that has a weapon that is currently Out of
Ammo may immediately make a free Reload
(Simple) action. A fighter can make this action
even if they would normally be unable to do so,
e.g., if an Out of Ammo weapon has Scarce trait.",,,
../TacticsCards/VAN SAAR/Arachni-ropes.png,Arachni-ropes,Yan Saar Tactics,"Play this gang tactic at the start of the battle,
after both sides have deployed, but before the
first round.

For the duration of this battle, D6 friendly
fighters of your choice in your starting crew
count as being equipped with a grav chute
(make a note of this on the chosen fighters'
Fighter cards).",,,
../TacticsCards/VAN SAAR/Auto-Healer.png,Auto-Healer,Van Saar Tactics,"| Play this card at the start of any End phase.

|

Choose one Seriously Injured fighter. Rather

than rolling the Injury dice, you can choose ©
to have the fighter suffer a Flesh Wound and

become Pinned.

|

|",,,
../TacticsCards/VAN SAAR/Blood Cleanser.png,Blood Cleanser,Van Saar Tactics,"| Play at the start of any turn.

For the duration of the round, all friendly
models count their Toughnessas higher |
when affected by weapons with the Toxin

or Gas traits.",,,
../TacticsCards/VAN SAAR/Comm Burst.png,Comm Burst,Van Saar Tactics,"| Play at the start of any turn.

For this round, your gang's Leader can make
Rally actions for Broken fighters anywhere |
on the board. In addition, the range of
Leading by Example is increased to 18"" for
Leaders and 12"" for Champions.",,,
../TacticsCards/VAN SAAR/Cortical Stimulants.png,Cortical Stimulants,Van Saar Tactics,"Play at the start of the game, after |
deployment.

One fighter in your gang automatically |
passes Intelligence checks for the duration

of the battle.",,,
../TacticsCards/VAN SAAR/Data Mining.png,Data Mining,Yan Saar Tactics,"Play this gang tactic at the start of the battle,
after both sides have deployed, but before

the first round.

Your opponent must immediately reveal to you
their remaining, unplayed gang tactics. After
reading your opponent's gang tactics, choose one.
Your opponent must immediately discard

the chosen gang tactic and randomly select
another.",,,
../TacticsCards/VAN SAAR/Defensive Protocols.png,Defensive Protocols,Yan Saar Tactics,"Play this gang tactic when a Leader or Champion
belonging to your gang is hit by a ranged attack,
before the hit is resolved.

You may choose to transfer the hit and all of its
effects onto any friendly fighter with the Gang
Fighter (X) special rule that is within 2"" of

the Leader or Champion that was hit.",,,
../TacticsCards/VAN SAAR/Enhanced Auspexes.png,Enhanced Auspexes,Van Saar Tactics,"| Play instead of activating a fighter.

For the remainder of the round, friendly
fighters may fire through line of sight |
blocking terrain such as doors and

barricades, but NOT through any
impassable terrain. These shots suffer a -2
penalty to hit and the target's armour save

is increased by 1.",,,
../TacticsCards/VAN SAAR/Enhanced Cyberteknika.png,Enhanced Cyberteknika,Yan Saar Tactics,"Play this gang tactic at the start of Deployment
step of the pre-battle sequence, before any
fighters have been deployed. For the duration

of this battle, any fighters in your gang equipped
with a piece of Cyberteknika may treat that piece
as being of the next level up. E.g. fighter
equipped with a piece of Alpha Cyberteknika
counts as being equipped with the Gamma level
equivalent for the duration of this battle.
Fighters equipped with Omega level
Cyberteknika gain no benefit.",,,
../TacticsCards/VAN SAAR/Experimental Rig.png,Experimental Rig,Van Saar Tactics,"Play at the start of the game, after both sides
have deployed.

Choose a weapon possessed by a friendly
fighter. For the duration of the game, this
weapon increases its Long range by 6"" and its
Strength by 1, but loses the Plentiful trait if it
has it, and gains the Scarce trait if it doesn't
have it.",,,
../TacticsCards/VAN SAAR/Feigned Nobility.png,Feigned Nobility,Yan Saar Tactics,"Play this tactic at the start of Deployment step of
the pre-battle sequence, before deploying any
fighters. You may recruit either a House Agent
or a Dramatis Personae for this battle. They're
taken in addition to your starting crew. If you
don't have a model, you may discard this tactic
and select another. If this fighter is taken OoA,
every friendly fighter suffers a -2 modifier to
their Cool for the rest of this battle. If this is a
campaign battle, your gang loses 5 Rep and the
gang that takes this fighter OoA gains 3 Rep.",,,
../TacticsCards/VAN SAAR/Hyper Auto-Loader.png,| Hyper Auto-Loader,Van Saar Tactics,"Play when a fighter makes a ranged attack.

If the fighter is using a weapon with the Rapid
Fire trait, they may roll 2 extra Firepower dice.
After working out the effects of the shot, their
ranged weapon automatically counts as having
failed an Ammo check, regardless of the results
of the Firepower dice.",,,
../TacticsCards/VAN SAAR/Longshot.png,| Longshot,Yan Saar Tactics,"Play this gang tactic when a friendly Van Saar
fighter makes a Shoot (Basic) action, before
rolling any dice.

For the duration of this action, this fighter's BS
is 2+. In addition, for the duration of this action,
this fighter ignores all negative modifiers that
may apply to their hit rolls. However, after
resolving the attack, the weapon is immediately
Out of Ammo.",,,
../TacticsCards/VAN SAAR/Medical Intervention.png,Medical Intervention,Yan Saar Tactics,"Play this gang tactic during any End phase,
before making any Recovery tests.

Choose one Seriously Injured friendly Van Saar
fighter. Do not make a Recovery test for this
fighter. Instead, this fighter immediately
recovers, exactly as if a Flesh Wound result had
been rolled for them.",,,
../TacticsCards/VAN SAAR/Medical Protocols.png,Medical Protocols,Van Saar Tactics,"| Play at the start of any End phase.

For the duration of this End phase, when
any fighter assists a friendly fighter's |
Recovery test, roll an extra Injury dice, then
choose one to keep.",,,
../TacticsCards/VAN SAAR/Mesh Underlay.png,Mesh Underlay,Van Saar Tactics,"| Play when a fighter is hit by a ranged attack.
For the remainder of the battle, the chosen
fighter's armour saves are not modified by |
AP when hit by a ranged attack.",,,
../TacticsCards/VAN SAAR/Overcharge.png,Overcharge,Van Saar Tactics,"Play when a fighter makes a ranged attack. |
For the duration of the fighter's activation, _
one of their Las or Plasma ranged weapons |
increases its Strength by 2.",,,
../TacticsCards/VAN SAAR/Pneumatic Injectors.png,Pneumatic [njectors,Van Saar Tactics,"Play when a fighter makes a melee attack.
For the duration of the fighter's activation,
one of their melee weapons increases its
Strength by 2.",,,
../TacticsCards/VAN SAAR/Power Up.png,Power Up,Yan Saar Tactics,"Play this gang tactic when afriendly Van
Saar fighter makes an attack using any form

of 'las' weapon. |
For the duration of this action, the Strength
characteristic of the weapon used is doubled",,,
../TacticsCards/VAN SAAR/Rad-clouds.png,Rad-clouds,Yan Saar Tactics,"Play this gang tactic at the start of the battle,
after both sides have deployed, but before the
first round. Place D3 markers anywhere on the
battlefield, more than 6"" away from an enemy
fighter. Roll a D6 for any fighter, friend or foe,
that is not from House Van Saar that ends their
activation within 3"" of the centre of one of these
markers. On a 5 or 6, that fighter immediately
suffers a Flesh Wound. At the start of each End
phase, roll a D6 for each marker. On a 1,

the marker is removed.",,,
../TacticsCards/VAN SAAR/Rapid Fire.png,Rapid Fire,Van Saar Tactics,"| Play this card when activating a fighter.
This fighter can perform a free Shoot (Basic)
action during its activation. This free action |
is in addition to its two normal actions.",,,
../TacticsCards/VAN SAAR/Security Override.png,Security Override,Yan Saar Tactics,"If your gang is the attacker, play this tactic during
the Priority phase of any round, after Roll for
Priority, but before Ready Fighters. If your gang
is not the attacker, discard this tactic and select
another. Every closed door on the battlefield
immediately opens. Every locked door
immediately unlocks and opens. Every door
terminal on the battlefield immediately ceases

to function (and may be removed). If there are
fewer than three doors on the battlefield, you
may discard this tactic and select another.",,,
../TacticsCards/VAN SAAR/Shut-in.png,Shut-in,Yan Saar Tactics,"If you are the defender, play this tactic during
the Priority phase of any round, after Roll for
Priority, but before Ready Fighters. If you aren't
the defender, discard this tactic and select another
Open doors on the battlefield immediately close.
Doors with a terminal become locked. Closed
doors without a terminal also become locked but
can only be opened by force, either by targeting
with attacks or by performing a Force Door
(Basic) action. If there are fewer than three doors
you may discard this tactic and select another.",,,
../TacticsCards/VAN SAAR/Tracer Fire.png,Tracer Fire,Yan Saar Tactics,"Play this gang tactic during the Priority phase of
any round, after Roll for Priority, but before
Ready Fighters.

For the duration of this round, any friendly
fighter that performs a Shoot (Basic) or Shoot
(Double) action as part of a Group Activation
may apply a +1 modifier to their Ballistic Skill
for the duration of their activation.",,,
../TacticsCards/VAN SAAR/Unexpected Allies.png,Unexpected Allies,Yan Saar Tactics,"Play this tactic at the start of the Deployment
step of the pre-battle sequence, before any
fighters have been deployed. Your gang may
immediately recruit up to three Subteks. They're
recruited for free but will leave the gang at the
end of this battle. Each Subtek has either a lasgu
or two laspistols. These fighters aren't counted
towards your maximum crew size - they're taken
in addition to your starting crew. If you don't
have models available, you may discard this tactic
and select another.",,,
../TacticsCards/VAN SAAR/Warforge.png,Warforge,Van Saar Tactics,"| Play at the start of the game, after both sides
have deployed.

For the duration of this battle, all friendly
models add a +1 modifier to any Ammo
checks they are required to take.",,,
../TacticsCards/VAN SAAR/Weakened Physiology.png,Weakened Physiology,Yan Saar Tactics,"Play this gang tactic during any End phase,
before your opponent makes any Recovery tests.
Choose one Seriously Injured fighter belonging
to the enemy gang. Your opponent must roll one
extra Injury dice when making a Recovery test for
this fighter. In addition, you may choose which
Injury dice result is resolved and which are
discarded.",,,
../TacticsCards/VAN SAAR/Weapon Drill.png,Weapon Drill,Yan Saar Tactics,"Play this gang tactic at the start of the battle,
after both sides have deployed, but before

the first round.

For the duration of this battle, you may re-roll
any rolls of a natural 1 made when making

an Ammo check.",,,
../TacticsCards/VAN SAAR VEHICLES/Auspex Bafflers.png,Auspex Bafflers,Van Saar Vehicle Tactics,"Play this gang tactic at the start of the battle
before the first roll for Priority.

Select a friendly vehicle. For the duration of this
battle, they do not gain the Revealed condition
for moving or firing a weapon. At the end of each
of the vehicle's activations, roll a D6. On a result
of a 1, the auspex bafflers stop working and have
no further effect.",,,
../TacticsCards/VAN SAAR VEHICLES/Auto-righting Stabilisers.png,Auto-righting Stabilisers,Van Saar Vehicle Tactics,"Play this gang tactic at the start of the battle
before the first roll for Priority. Select D3
friendly fighters subject to the Mounted
condition.

For the duration of the battle, they treat their
Initiative characteristic as 2+ when performing
the Stand Up (Basic) action.",,,
../TacticsCards/VAN SAAR VEHICLES/Automantic Kill-switch.png,Automantic Kill-switch,Van Saar Vehicle Tactics,"Play this gang tactic instead of activating

a friendly model.

Select a Mobile enemy vehicle. Change its Status
to Stationary and Stalled.",,,
../TacticsCards/VAN SAAR VEHICLES/Automantic Override.png,Automantic Override,Van Saar Vehicle Tactics,"Play this gang tactic instead of activating

a friendly model.

Select a weapon with the Crew Operated trait
mounted on an enemy vehicle. The enemy
vehicle suffers an automatic hit in the Side from
the selected weapon.",,,
../TacticsCards/VAN SAAR VEHICLES/Automated Repair.png,Automated Repair,Van Saar Vehicle Tactics,"Play this gang tactic at the start of the battle
before the first roll for Priority.

Select a friendly vehicle. For the duration of the
battle, roll a D6 for the vehicle during the
Recovery and Restart step of the End phase; on
a 5+ the vehicle regains 1 Hull Point lost earlier
in the battle.",,,
../TacticsCards/VAN SAAR VEHICLES/Custom Upgrade.png,Custom Upgrade,Van Saar Vehicle Tactics,"Play this gang tactic at the start of the battle
before the first roll for Priority.

A friendly vehicle of your choice may be
equipped with an Upgrade that costs 30 credits
or less for free for the duration of this battle.",,,
../TacticsCards/VAN SAAR VEHICLES/Energy Dispersion Field.png,Energy Dispersion Field,Van Saar Vehicle Tactics,"Play this gang tactic when a friendly vehicle has
been wounded before rolling to save.

For the duration of this attack, the vehicle gains
a 4+ field armour save.",,,
../TacticsCards/VAN SAAR VEHICLES/Holo-projector.png,Holo-projector,Van Saar Vehicle Tactics,"Play this gang tactic when a friendly fighter
subject to the Mounted condition is declared the
target of a shooting attack before rolling to hit.
The target of the attack may immediately move
up to D6"". If they are no longer a valid target for
the shooting attack, the action is wasted.",,,
../TacticsCards/VAN SAAR VEHICLES/Hydraulic Repulsion Bar.png,Hydraulic Repulsion Bar,Van Saar Vehicle Tactics,"Play this gang tactic at the start of the battle
before the first roll for Priority.

Select a friendly vehicle. The vehicle takes no
damage from the first collision that it is involved
in.",,,
../TacticsCards/VAN SAAR VEHICLES/Power to the Engines.png,Power to the Engines,Van Saar Vehicle Tactics,"Play this gang tactic when activating a friendly
fighter subject to the Mounted condition before
performing any actions.

For the duration of this activation, the fighter's
Movement characteristic is increased by 2"".",,,
../TacticsCards/VAN SAAR VEHICLES/Rad Vents.png,Rad Vents,Van Saar Vehicle Tactics,"Play this gang tactic when activating a friendly
vehicle before performing any actions.

For the duration of this activation, any fighter
(friend or foe) who comes within 1"" of this
vehicle at any point during its activation must
test as if they had been hit by a weapon with
the Rad-phage trait.",,,
../TacticsCards/VAN SAAR VEHICLES/Rad-rounds.png,Rad-rounds,Van Saar Vehicle Tactics,"Play this gang tactic when activating a friendly
vehicle before performing any actions.

For the duration of this activation, all of the
vehicle's weapons with the Crew Operated
trait also gain the Rad-phage trait.",,,
../TacticsCards/VAN SAAR VEHICLES/Ram Run.png,Ram Run,Van Saar Vehicle Tactics,"Play this gang tactic when activating a friendly
fighter subject to the Mounted condition before
performing any actions.

For the duration of its activation, any Ride-by
attacks performed by the fighter are resolved at
$4, AP-1, D2 with the Knockback trait.",,,
../TacticsCards/VAN SAAR VEHICLES/Redirect Power.png,Redirect Power,Van Saar Vehicle Tactics,"Play this gang tactic when activating a friendly
vehicle before performing any actions.

For the duration of its activation, the vehicle
cannot move; however, the Strength of any of its
'las' weapons with the Crew Operated trait is
increased by 2.",,,
../TacticsCards/VAN SAAR VEHICLES/Refined Fuel Coils.png,Refined Fuel Coils,Van Saar Vehicle Tactics,"Play this gang tactic at the start of the battle
before the first roll for Priority.

Select D3 friendly fighters subject to the
Mounted condition. They may each perform
a free Move (Simple) action, but cannot move
further than 6"".",,,
../TacticsCards/VAN SAAR VEHICLES/Reinforced Superstructure.png,Reinforced Superstructure,Van Saar Vehicle Tactics,"Play this gang tactic when a friendly vehicle is
Wrecked before rolling on the Lasting Damage
table.

Roll twice on the Lasting Damage table and
choose which result to apply.",,,
../TacticsCards/VAN SAAR VEHICLES/Targeting Relay.png,Targeting Relay,Van Saar Vehicle Tactics,"Play this gang tactic when activating a friendly
vehicle before performing an action.

Select an enemy model within 12"" of the vehicle.
For the remainder of the round, friendly models
apply a +1 modifier to hit the enemy model with
shooting attacks.",,,
../TacticsCards/VAN SAAR VEHICLES/Targeting Scramblers.png,Targeting Scramblers,Van Saar Vehicle Tactics,"Play this gang tactic when activating a friendly
model before performing any actions.

For the duration of this activation, the model
may perform the Jam (Basic) action.

Jam (Basic): Select an enemy vehicle within 12"".
For the remainder of the round, they suffer a -1
modifier to all hit rolls.",,,
../TacticsCards/ZONE MORTALIS/Ambush Alley.png,Ambush Alley,Zone Mortalis Tactics,"Play this gang tactic when an enemy fighter
performs the Operate Door (Simple), Access
Terminal (Basic) or Force Door (Basic) action.
After the enemy fighter completes the action,
choose a friendly fighter with line of sight to that
enemy fighter. The friendly fighter may
immediately perform a free Shoot (Basic) action.
If the enemy fighter is still Standing and Active,
they may perform a second action (if they have
not done so already).",,,
../TacticsCards/ZONE MORTALIS/Call the Beast.png,Call the Beast,Zone Mortalis Tactics,"| 1
Play this gang tactic when an enemy fighter |
performs a Move (Simple) action. |
After the enemy fighter completes their |
“movement, nominate a Vent anywhere on —
the battlefield. For the remainder of this |
battle, this Vent counts as a Beast's Lair as
described in the Necromunda Rulebook.
|",,,
../TacticsCards/ZONE MORTALIS/Cometh the Harvest Lord!.png,Cometh the Harvest Lord!,Zone Mortalis Tactics (Corpse Grinder,"Play this gang tactic when a friendly fighter |
activates within 1"" of a closed Door.

The fighter may perform a free Fight (Basic)
action against one enemy fighter within 1""
of the other side of the Door.",,,
../TacticsCards/ZONE MORTALIS/Emergency Repulsors.png,Emergency Repulsors,Zone Mortalis Tactics,"Play this gang tactic when a friendly fighter falls
or jumps down from a ledge, but before working
out the effects of the fall or jump.
Place a 5"" Blast marker anywhere on the
battlefield and leave it in place for the remainder
of this round. Fighters falling or jumping down
one this marker take no damage and are not
inned.",,,
../TacticsCards/ZONE MORTALIS/Fighting Reatreat.png,Fighting Retreat,Zone Mortalis Tactics (Orlock),"Play this gang tactic when your gang fails

a Bottle test.

For the remainder of this battle, all fighters _

in your gang may treat the Operate Door |

(Simple) action as a free action once during _

their activation.
|",,,
../TacticsCards/ZONE MORTALIS/From Below.png,From Below,Zone Mortalis Tactics,"Play this gang tactic after rolling for
Reinforcements but before placing reinforcement
fighters on the battlefield.

Friendly fighters arriving via the Reinforcement
rules can be deployed in the same manner as
fighters with the Infiltrate skill, as long as they
are deployed within 2"" of a Pipe or Vent.",,,
../TacticsCards/ZONE MORTALIS/Hidden Swarm.png,Hidden Swarm,Zone Mortalis Tactics (Genestealer Cu,"Play this gang tactic during the End phase of any
round, before deploying any Reinforcements.
Your gang may immediately deploy up to D3
Reinforcements from those fighters in your
Reinforcement deck within 3"" of a friendly
Leader or Champion. These fighters must be
placed within 1"" of a Vent and at least 1"" from
any enemy fighter. No additional Reinforcements
can arrive this round. If a fighter cannot be
placed in this manner, the fighter is deployed as
normal instead.",,,
../TacticsCards/ZONE MORTALIS/Hidden Vent.png,Hidden Vent,Zone Mortalis Tactics,"Play this gang tactic when a friendly fighter |
performs Move (Simple) action.

During their movement, this fighter may
pass through Impassable terrain, provided
they end their movement with no part of
their base within the Impassable terrain.",,,
../TacticsCards/ZONE MORTALIS/Hunter in the Dark.png,Hunter in the Dark,Zone Mortalis Tactics (Venators),"Play this tactic during the Priority phase of any
round, after Roll for Priority, but before Ready
Fighters. Choose a 12""x12"" section of the
battlefield. Fighters within and moving into it
this round immediately gain Hidden, as if affecte
by Pitch Black rules. It can be lost as described in
Pitch Black rules or if the fighter moves outside
this section. A fighter who loses it can't gain it
again this round. During the End phase of this
round, all fighters discard Hidden markers
caused by this tactic and it's discarded.",,,
../TacticsCards/ZONE MORTALIS/Improvised Cover.png,Improvised Cover,Zone Mortalis Tactics,"Play this gang tactic instead of activating

a fighter.

You may immediately place a barricade
anywhere within 2"" of one of your fighters.",,,
../TacticsCards/ZONE MORTALIS/Klaxon.png,| Klaxon,Zone Mortalis Tactics (Enforcers),"Play this gang tactic during the Priority phase of
any round, after Roll for Priority, but before
Ready Fighters.

For the duration of this round, enemy fighters
may not make, or be part of, Group Activations
unless they can draw line of sight to a model in
their crew with the Gang Leader special rule.",,,
../TacticsCards/ZONE MORTALIS/Knock! Knock!.png,Knock! Knock!,Zone Mortalis Tactics (Goliath),"Play this gang tactic instead of activating
a fighter.

Choose a Door within 2"" of a friendly
fighter. Remove this Door from the
battlefield.",,,
../TacticsCards/ZONE MORTALIS/Lockown.png,| Lockdown,Zone Mortalis Tactics,"Play this gang tactic at the start of any
Action phase.

All doors on the battlefield close if they are
open, and then become locked, as detailed
in the Necromunda Rulebook.",,,
../TacticsCards/ZONE MORTALIS/Long Shadows.png,Long Shadows,Zone Mortalis Tactics (Delaque),"Play this gang tactic during the Priority phase of
any round, after Roll for Priority, but before
Ready Fighters.

For he duration of this round, enemy fighters
must make an Intelligence check if they wish

to perform a ranged attack targeting any of

your fighters that are both at Long range and

in cover.",,,
../TacticsCards/ZONE MORTALIS/Lucky Ricochet.png,Lucky Ricochet,Zone Mortalis Tactics,"Play this gang tactic when a friendly fighter hits
with a ranged attack, and their target was within
2"" of a piece of Impassable terrain.

After working out the effects of the hit, and if the
hit fighter has not been removed from play. roll

a D6 to see if that hit fighter s hit by a Stray Shot
from the same weapon.",,,
../TacticsCards/ZONE MORTALIS/Rat Warren.png,Rat Warren,Zone Mortalis Tactics,"Play this gang tactic after your opponent activates
one of their fighters.
If the fighter they have just activated does not
have line of sight to any friendly fighters, they
must make an Intelligence check. If this check is
failed, you may place that fighter anywhere
within 6"" of their current location. You may not
piece that fighter within 3"" of any of your
ighters.",,,
"../TacticsCards/ZONE MORTALIS/Rise Up, Brothers and Sisters!.png","Rise Up, Brothers and Sisters!",Zone Mortalis Tactics (Chaos Helots),"Play this gang tactic at the start of any
Action phase.

Unul the End phase of this round, all
fighters in your crew gain the Spring Up
skill.",,,
../TacticsCards/ZONE MORTALIS/Sparky... SMASH!.png,Sparky... SMASH!,Zone Mortalis Tactics (Slave Ogryns),"Play this gang tactic when a friendly fighter
activates within 1"" of a closed Door.

Remove the Door from the battlefield. Any
fighter, friend or foe, that was within 2"" of

the other side of the Door must pass

an Initiative check or become Prone and Pinned.
This fighter's activation then ends.",,,
../TacticsCards/ZONE MORTALIS/Stairs Trap.png,Stairs Trap,Zone Mortalis Tactics (Van Saar),"Play this gang tactic instead of activating a fighter
Choose a set of Stairs anywhere on the battlefield
All fighters on the chosen Stairs immediately fall
(place them within 2"" of the foot of the Stairs in
an order chosen by the player whose gang tactic
this is). The fighters are then Pinned and suffer
damage from falling as normal.",,,
../TacticsCards/ZONE MORTALIS/Trip Wire.png,Trip Wire,Zone Mortalis Tactics,"Play this gang tactic when an enemy fighter
ascends or descends a ladder or Stairs.
Once the enemy fighter completes their
Move action, they become Pinned.",,,
../TacticsCards/ZONE MORTALIS/Underhive Gloom.png,Underhive Gloom,Zone Mortalis Tactics,"Play this gang tactic at the start of the battle,
after both crews have been deployed.

For the duration of this battle, the hit rolls

for ranged attacks made through open doorways
or against fighters on a different level to the
attacker suffer an additional -2 modifier to the to
hit roll.",,,
../TacticsCards/ZONE MORTALIS/Unwashed Horde.png,Unwashed Horde,Zone Mortalis Tactics (Cawdor),"Play this gang tactic at the start of the first round
of the battle, before Priority is rolled. Your gang
may immediately deploy D3 Cawdor (Juve)
fighters. These fighters are recruited for free but
will leave the gang at the end of this battle. Each
fighter is equipped with a reclaimed autopistol
and a fighting knife. These fighters must be
pieced within 1"" of a Vent and have at least 1""
rom any other fighter: If you do not have models
available to represent these fighters, you may
discard this gang tactic and select another.",,,
../TacticsCards/ZONE MORTALIS/Wall Breach.png,Wall Breach,Zone Mortalis Tactics,"Play this gang tactic when a friendly fighter |
makes a ranged attack. |
|The fighter can choose targets that are out |
_of their line of sight, provided they are not
using a weapon with the Template or |
‘Blast CX"") traits. Attacks against these

targets suffer a -2 modifier to their hit roll.",,,
../TacticsCards/ZONE MORTALIS/Wall Walking.png,Wall Walking,Zone Mortalis Tactics (Escher),"Play this gang tactic at the start of any
Action phase.

Unul the End phase of this round, all
fighters in your gang gain the Clamber skill.",,,
