file;title_en;type_en;text_en;title_fr;type_fr;text_fr
../TacticsCards/ASH WASTE NOMADS/Ambush Masters.png;Ambush Masters;Ash Waste Nomads Tactics;"Play this gang tactic at the start of the battle, afte
both sides have deployed, but before first round.
Your gang may immediately recruit and place in
your deployment zone D3 Ash Waste Nomads
Dust Runners. These fighters are recruited for
free but will leave your gang at the end of this
battle. Each Dust Runner has up to 20 credits
worth of equipment. If you do not have the
models available to represent these fighters, you
may discard this gang tactic and select another.";Maîtres de l’embuscade;Clans nomades;Jouez cette tactique de gang au début de la bataille, après les deux camps se sont déployés, avant le premier tour. Votre gang peut immédiatement recruter et placer dans votre zone de déploiement D3 Ash Waste Nomads Dust runners. Ces combattants sont gratuits mais quitteront le gang à la fin de la bataille. Chaque Dust Runner a jusqu'à 20 crédits d’équipement.
../TacticsCards/ASH WASTE NOMADS/Ash Quake!.png;Ash Quake!;Ash Waste Nomads Tactics;"Play this gang tactic at the start of any round
before rolling for Initiative.

All fighters on the Battlefield Surface must pass
an Initiative test or become Prone and Pinned.
Any Ash Waste Nomads fighter gets +2 to this
test.";Séisme de cendres !;Clans nomades;Jouez cette tactique de gang au début de n'importe quel tour avant de lancer le jet d’Initiative. Tous les combattants sur la surface du champ de bataille doivent réussir un test d'initiative ou devenez couché et cloué. Tout combattant Ash Waste Nomads obtient +2 à ce test.
../TacticsCards/ASH WASTE NOMADS/Bait and Switch.png;Bait and Switch;Ash Waste Nomads Tactics;"Play this gang tactic at the start of any round,
before players have rolled for Initiative.

Select two friendly fighters on the battlefield,
neither of which is Engaged. Swap the position
of the two fighters.";Appât et diversion;Clans nomades;Jouez cette tactique de gang au début de n'importe quel tour, avant que les joueurs n’aient lancés le jet d’Initiative. Sélectionnez deux combattants amis sur le champ de bataille, aucun ne doit être engagé. Échanger la position des deux combattants.
../TacticsCards/ASH WASTE NOMADS/Beseech the Great Spirits.png;Beseech the Great Spirits;Ash Waste Nomads Tactics;"Great Spirits Play this gen vecnc during any
End phase, before making Recovery tests.

You may re-roll any Recovery tests you make this
round, but must keep the second result even if it
is worse.";Implorez les Grands Esprits;Clans nomades;Jouez cette tactique pendant n'importe quel phase finale, avant de faire des tests de récupération. Vous pouvez relancer tous les tests de récupération que vous effectuez à ce tour, mais vous devez conserver le deuxième résultat même s’il c'est pire.
../TacticsCards/ASH WASTE NOMADS/Blessed by the Storm.png;Blessed by the Storm;Ash Waste Nomads Tactics;"Play this gang tactic at the start of the battle,
after both sides have deployed, but before the
first round.

For the duration of this round, if the Visibility
CX"") rule is not active for this battle, apply the
Visibility (24"") rule. Otherwise, either increase
os pete a? the value of X"" by 6"" toa minimum
of 6"".";Bénis par la tempête;Clans nomades;"Jouez cette tactique de gang au début de la bataille, après que les deux camps se soient déployés, mais avant le premier tour. Pendant la durée de ce tour, si la règle visibilité (« X ») n'est pas active pour cette bataille, appliquez la règle de visibilité (24""). Sinon, augmentez ou diminuez la valeur de X"" de 6"" à un minimum de 6""."
../TacticsCards/ASH WASTE NOMADS/Fade to Ash.png;Fade to Ash;Ash Waste Nomads Tactics;"Play this gang tactic during any End phase,
before your opponent makes any Recovery tests.
The battle ends as if your gang had retreated
from the battlefield. Friendly fighters who are
Seriously Injured automatically recover and
there is no chance for any fighters to be
Captured.";Retour aux cendres;Clans nomades;Jouez cette tactique de gang pendant n'importe quelle phase de fin, avant que votre adversaire n'effectue un test de récupération. La bataille se termine comme si votre gang s'était retiré du champ de bataille. Les gangers et alliés qui sont blessés graves récupèrent automatiquement, aucun d’entre eux ne peut être capturé.
../TacticsCards/ASH WASTE NOMADS/Ghosts on the Ash.png;Ghosts on the Ash;Ash Waste Nomads Tactics;"Play this gang tactic at the beginning of any
round, before rolling for Initiative.

For the duration of this round, friendly Ash
Waste Nomads fighters treat the Battlefield
Surface as open terrain.";Fantômes des cendres;Clans nomades;Jouez cette tactique de gang au début de n'importe quel tour, avant de lancer le jet d’Initiative. Pendant toute la durée de ce tour, les combattants des Ash Waste Nomads considère le champ de bataille comme terrain ouvert.
../TacticsCards/ASH WASTE NOMADS/Master Sniper.png;Master Sniper;Ash Waste Nomads Tactics;"Play this gang tactic when activating a friendly
fighter.

For the duration of this activation, increase the
Long range of the fighter's weapons without
either the Melee or Grenade trait by 6"".";Maître tireur d'élite;Clans nomades;Jouez cette tactique de gang lors de l'activation d’un combattant. Pendant la durée de cette activation, augmentez la longue portée des armes du combattant sans le trait Mêlée ou Grenade de 6 ».
../TacticsCards/ASH WASTE NOMADS/Mined!.png;Mined!;Ash Waste Nomads Tactics;"Play this gang tactic after an enemy vehicle has
completed its activation.

The enemy vehicle must immediately take a Loss
of Control test.";Miné !;Clans nomades;Jouez à cette tactique de gang après qu'un véhicule ennemi ait terminé son activation. Le véhicule ennemi doit immédiatement faire un test de perte de contrôle.
../TacticsCards/ASH WASTE NOMADS/Now You See Me….png;Now You See Me...;Ash Waste Nomads Tactics;"Play this gang tactic at the start of a friendly
fighter's activation.

Remove the fighter from the battlefield and set it
up again within 9"" of its initial position and more
than 1"" away from any enemy model.";Maintenant vous me voyez...;Clans nomades;"Jouez cette tactique de gang à l’activation d’un combattant allié retirez le combattant du champ de bataille et placez-le à nouveau à moins de 9"" de sa position initiale et plus à plus de 1"" de toute figurine ennemie."
../TacticsCards/ASH WASTE NOMADS/Numbers without End.png;Numbers without End;Ash Waste Nomads Tactics;"Play this gang tactic during any End phase,
before your opponent makes any Recovery tests.
You may return to play D3 sendy Gangers /
/Juves that have been taken Out of Action but
did not suffer a Memorable Death result on the
Lasting Injury table by placing them in your
gang’s deployment zone. These fighters retain
any injuries suffered for going Out of Action
but discard any Flesh Wounds.";Sans fin;Clans nomades;Jouez cette tactique de gang pendant n'importe quelle phase de fin, avant que votre adversaire n'effectue un test de récupération. Vous pouvez faire revenir à D3 Gangers /Juves qui ont été mis hors de combat sans subir de résultat de mort mémorable en les plaçant dans la zone de déploiement du gang. Ces combattants conservent toute séquelle subie suite à une mise hors combat mais retire toutes les blessures légères.
../TacticsCards/ASH WASTE NOMADS/Overcharge!.png;Overcharge!;Ash Waste Nomads Tactics;"Play this gang tactic when a friendly fighter
makes a ranged attack before rolling the dice.
For the duration of this attack, the Shock trait
activates on a Hit roll of 5+ instead of 6+.";Surcharge !;Clans nomades;Jouez à cette tactique de gang lorsqu'un combattant amical effectue une attaque à distance avant de lancer les dés. Pendant toute la durée de cette attaque, le trait Choc s'active sur un jet de Touche de 5+ au lieu de 6+.
../TacticsCards/ASH WASTE NOMADS/Raiders without Equal.png;Raiders without Equal;Ash Waste Nomads Tactics;"Play this gang tactic during the Wrap-up phase
of the post-battle sequence.

Add D3x10 credits to your gang's Stash for each
enemy vehicle that was Wrecked during the battl";Pillards sans égal;Clans nomades;Jouez cette tactique de gang pendant la phase de wrap-up durant la séquence d’après-bataille. Ajoutez D3x10 crédits à la réserve de votre gang pour chaque véhicule ennemi qui a été détruit pendant la bataille
../TacticsCards/ASH WASTE NOMADS/Secret Paths.png;Secret Paths;Ash Waste Nomads Tactics;"Play this gang tactic during any Rolling Roads
phase of a Rolling Roads battle before checking
to see if models rejoin the battle.

For the duration of this round, friendly fighters
can attempt to rejoin the battle regardless of their
Movement characteristic. If the scenario being
played does not use the Rolling Roads rules, you
may discard this gang tactic and select another.";Chemins secrets;Clans nomades;Jouez cette tactique pendant la phase de rolling road d'une bataille Rolling Roads avant de faire le jet permettant de savoir si les figurines rejoignent la bataille. Pendant toute la durée de ce round, des combattants alliés peuvent tenter de rejoindre la bataille quel que soit leur caractéristique du mouvement. Si le scénario joué n'utilise pas les règles de Rolling Roads, vous pouvez abandonner cette tactique de gang et en choisir une autre.
../TacticsCards/ASH WASTE NOMADS/Spineroach Venom.png;Spineroach Venom;Ash Waste Nomads Tactics;"Play this gang tactic when a friendly fighter
makes a close combat attack before rolling the
dice.

For the duration of this attack, one of the
fighter's weapons with the Melee trait gains the
Toxin trait.";Venin de Spineroach;Clans nomades;Jouez à cette tactique de gang lorsqu'un combattant allié effectue une attaque de combat rapproché, avant de lancer le dés. Pendant toute la durée de cette attaque, l'une des armes du combattant avec le trait Mêlée gagnent le trait de toxine.
../TacticsCards/ASH WASTE NOMADS/Survival Suits.png;Survival Suits;Ash Waste Nomads Tactics;"Play this gang tactic at the start of the battle,
after both sides have deployed, but before the
first round.

For the duration of this battle, D3 friendly
fighters of your choice in your starting crew

are immune to the effects of the Rad-phage trait.";Combinaisons de survie;Clans nomades;Jouez cette tactique de gang au début de la bataille, après que les deux camps se soient déployés, mais avant le premier tour. Pendant toute la durée de cette bataille, D3 combattants allié de votre choix de votre équipe de départ sont immunisés contre les effets du trait Rad-phage.
../TacticsCards/ASH WASTE NOMADS/War of Attrition.png;War of Attrition;Ash Waste Nomads Tactics;"Play this gang tactic during the Wrap-up phase
of the post-battle sequence.

If your gang has fewer fighters taken Out of
Action than the opposing gang, your gang gains
D3 Reputation.";Guerre d'usure;Clans nomades;Jouez cette tactique de gang pendant la phase de wrap-up de la séquence d’après-bataille. Si votre gang a moins de combattants hors de combats que le gang adverse, votre gang gagne D3 Réputation.
../TacticsCards/ASH WASTE NOMADS/Will-o’-the-Wastes.png;Will-o'-the-Wastes;Ash Waste Nomads Tactics;"Play this gang tactic at the start of the battle,
after both sides have deployed, but before the
first round.

For the duration of this battle, D3 friendly
fighters of your choice in your starting crew gain
the Dodge skill.";Feu follet des Désolations;Clans nomades;Jouez cette tactique de gang au début de la bataille, après que les deux camps se sont déployés, mais avant le premier round. Pendant toute la durée de cette bataille, D3 combattants alliés de votre équipe de départ gagnent la compétence Esquive.
../TacticsCards/ASH WASTES/Always Carry a Spare.png;Always Carry a Spare;Ash Wastes Tactics;"Play this tactic when activating a friendly model
with a weapon that is Out of Ammo.

One of the model's weapons is automatically
reloaded at the cost of one action - no Ammo
check is required,";Ayez toujours une pièce de rechange;Désolations cendrées;Jouez cette tactique lors de l'activation d'un figurine alliée avec une arme à court de munitions. L'une des armes du modèle est automatiquement rechargé au prix d'une action - Aucun test de munitions n’est requis
../TacticsCards/ASH WASTES/Back to the Fray!.png;Back to the Fray!;Ash Wastes Tactics;"Play this tactic when checking to see if a friendly
model rejoins the fight in a Rolling Roads
scenario, before rolling the dice.

The model automatically passes the Intelligence
check to rejoin the battle.";Retour à la mêlée !;Désolations cendrées;Jouez cette tactique lorsque vous vérifiez si un figurine alliée rejoint le combat dans un Rolling Roads scénario, avant de lancer les dés. La figurine réussit automatiquement le test d'Intelligence pour rejoindre la bataille.
../TacticsCards/ASH WASTES/Belching Smoke.png;Belching Smoke;Ash Wastes Tactics;"Play this tactic at the start of around, before
rolling for Initiative.

Pick a friendly vehicle, all shooting attacks made
by it or targeting it suffer a -1 modifier to hit
rolls,";Fumée éructante;Désolations cendrées;Jouez cette tactique au début du round, avant lancer pour l’Initiative. Choisissez un véhicule allié, toutes les attaques de tir effectuées par lui ou en le ciblant subissent un malus de -1 pour toucher
../TacticsCards/ASH WASTES/Born to the Wastes.png;Born to the Wastes;Ash Wastes Tactics;"Play this tactic when activating a friendly model.
The model treats both difficult terrain and
dangerous terrain as open ground.";Né dans les Désolations;Désolations cendrées;Jouez cette tactique lors de l’activation d’une figurine alliée. La figurine traite à la fois les terrains difficiles et terrain dangereux comme terrain découvert.
../TacticsCards/ASH WASTES/Full Nitro.png;Full Nitro;Ash Wastes Tactics;"Play this tactic when activating a friendly vehicle.
For the duration of this activation, increase its
Movement characteristic by 2"".";Plein nitro;Désolations cendrées;"Jouez cette tactique lors de l’activation d’un véhicule allié. Pendant la durée de cette activation, augmentez sa caractéristique de mouvement de 2""."
../TacticsCards/ASH WASTES/Gunk Spill.png;Gunk Spill;Ash Wastes Tactics;"Play this tactic when an enemy vehicle moves
within 2"" of a friendly vehicle's rear arc.

The coe vehicle must immediately make

a Loss of Control test with a -2 modifier.";Déversement de crasse;Désolations cendrées;"Jouez cette tactique lorsqu'un véhicule ennemi se déplace à moins de 2"" de l'arc arrière d'un véhicule allié. Ce véhicule ennemi doit immédiatement faire un test de perte de contrôle avec un modificateur de -2."
../TacticsCards/ASH WASTES/Hidden in the Ash.png;Hidden in the Ash;Ash Wastes Tactics;"Play this tactic at the start of the battle before
deploying gangs.
D3 of your fighters gain the Infiltrate skill.";Caché dans les cendres;Désolations cendrées;Jouez cette tactique au début de la bataille avant déployer des gangs. D3 de vos combattants acquièrent la compétence Infiltration.
../TacticsCards/ASH WASTES/It'll Hold!.png;It'll Hold!;Ash Wastes Tactics;"Play this tactic when a friendly vehicle loses a HP
The vehicle loses one less HP.";Ça tiendra !;Désolations cendrées;Jouez cette tactique lorsqu'un véhicule allié perd un PV. Le véhicule perd un PV de moins.
../TacticsCards/ASH WASTES/Lightning Strike.png;Lightning Strike;Ash Wastes Tactics;"Play this tactic when a friendly fighter subject to
the Mounted condition makes a Ride By attack
before resolving Reaction attacks.

Any Reaction attacks have a -1 modifier to hit.";Coup de foudre;Désolations cendrées;Jouez cette tactique lorsqu'un combattant allié Monté effectue une attaque Ride By, avant de résoudre les attaques de réaction. Toutes les attaques de réaction ont un modificateur de -1 pour toucher.
../TacticsCards/ASH WASTES/Look Out Below!.png;Look Out Below!;Ash Wastes Tactics;"Play this tactic when a friendly fighter is jumping
from one vehicle to another.
Add 1 to the Agility test to make the jump.";Attention en dessous !;Désolations cendrées;Jouez cette tactique lorsqu'un combattant allié saute d'un véhicule à l'autre. Ajoutez 1 au test d'Agilité pour faire le saut.
../TacticsCards/ASH WASTES/Mad Mechanics.png;Mad Mechanics;Ash Wastes Tactics;"Play this tactic when a friendly vehicle is
Wrecked, before rolling on the Lasting Damage
table.

Roll twice on the Lasting Damage table and
choose which result to apply.";Mécanos déments;Désolations cendrées;Jouez cette tactique lorsqu'un véhicule allié est détruit, avant de lancer sur les dégâts durables tableau. Lancez deux fois sur le tableau des dégâts durables et choisissez le résultat à appliquer.
../TacticsCards/ASH WASTES/Mag Lock Handholds.png;Mag Lock Handholds;Ash Wastes Tactics;"Play this tactic at the start of the battle, after
gangs are deployed but before the first roll for
Initiative.

Select two friendly fighters, they both
automatically pass all Initiative checks to remain
on a vehicle when it moves.";Poignées magnétiques;Désolations cendrées;Jouez cette tactique au début de la bataille, après les gangs sont déployés mais avant le premier jet de Initiative. Choisissez deux combattants alliés, ils réussiront automatiquement tous les tests d'initiative pour rester sur un véhicule lorsqu'il se déplace.
../TacticsCards/ASH WASTES/Nitro Cells Overload!.png;Nitro Cells Overload!;Ash Wastes Tactics;"Play this tactic when a friendly vehicle is
Wrecked, before rolling on the Lasting Damage
table.

Place the 5"" Blast template so that its central
hole is entirely over the vehicle. All models
touched by the template take a Strength 4, AP -1,
Damage | hit.";Surcharge des cellules nitro !;Désolations cendrées;"Jouez cette tactique lorsqu'un véhicule allié est détruit, avant de lancer sur les dégâts durables tableau. Placez le gabarit Blast 5"" de manière à ce que sa partie centrale soit entièrement au-dessus du véhicule. Toutes les figurines touchées par le gabarit subissent une touche Force 4, AP -1"
../TacticsCards/ASH WASTES/One with the Road.png;One with the Road;Ash Wastes Tactics;"Play this tactic when a friendly vehicle needs to
make a Loss of Control test, before any dice are
rolled.

The vehicle automatically passes the Loss of
Control test.";Faire corps avec la route;Désolations cendrées;Jouez cette tactique lorsqu’un véhicule allié doit effectuer un test de Perte de contrôle, avant de lancer les dés. Le véhicule réussit automatiquement le test de Perte de contrôle.
../TacticsCards/ASH WASTES/Ramming Speed!.png;Ramming Speed!;Ash Wastes Tactics;"Play this tactic after a friendly vehicle has had

a head-on collision with an enemy vehicle, before
determining the Strength of the hit.

Increase the Strength, AP and Damage of the hit
suffered by the enemy vehicle by 1.";Vitesse d’éperonnage !;Désolations cendrées;Jouez cette tactique après qu'un véhicule allié ait eu une collision frontale avec un véhicule ennemi, avant déterminer la force du coup. Augmente la Force, les AP et les Dégâts du coup subi par le véhicule ennemi de 1.
../TacticsCards/ASH WASTES/Spring Back.png;Spring Back;Ash Wastes Tactics;"Play this card when activating a friendly fighter
with the Mounted condition who is Prone and
Pinned.

The fighter becomes Standing and Active at the
cost of one action - no Agility test is required.";Rétablissement;Désolations cendrées;Jouez cette carte lors de l'activation d'un combattant allié Montée qui est À Terre et Cloué. Le combattant devient Debout et Actif au coût d'une action - aucun test d'Agilité n'est requis.
../TacticsCards/ASH WASTES/Survival Gear.png;Survival Gear;Ash Wastes Tactics;"Play this tactic after gangs have deployed but
before the first round begins.
D3 fighters gain the benefits of a Respirator.";Équipement de survie;Désolations cendrées;Utilisez cette tactique après le déploiement des gangs, mais avant le début du premier tour. D3 combattants bénéficient des avantages d'un respirateur.
../TacticsCards/ASH WASTES/The Ash is in my Blood.png;The Ash is in my Blood;Ash Wastes Tactics;"Play this tactic at the start of the battle, after
gangs have deployed but before the first round
begins.

D3 models ignore the effects of the Battlefield
Surface.";La cendre coule dans mon sang;Désolations cendrées;Jouez cette tactique au début de la bataille, après les gangs soient déployés mais avant que le premier tour commence. D3 figurines ignorent les effets du champ de bataille.
../TacticsCards/CAWDOR/Apostates (redacted).png;Apostates;Cawdor Tactics;"Play at the start of the Deployment step of the Pre-
battle sequence, before deploying fighters. You may
recruit up to three Bonepickers for free. They'll leave
the gang after this battle. Each has a fighting knife
ana ah ee a reclaimed autopistol or a cleaver. They're
taken in addition to your starting crew and don't
count towards your max Crew sise. If, during

the End phase of any round, such Bonepicker isn't
within 6"" of a friendly Cawdor Champion er Leader,
it immediately goes OOA. If you lack models,

you may discard this card and select another.";Apostats;Cawdor;"Jouez au début de l’étape de Déploiement de la séquence Pré-bataille, avant de déployer les combattants. Vous pouvez recruter gratuitement jusqu’à trois Bonepickers. Ils quitteront le gang après cette bataille. Chacun possède un couteau de combat et un couperet et un pistolet automatique récupéré. Ils sont recrutés en plus de votre équipage de départ et ne comptent pas dans la taille maximale de votre équipe. Si, pendant la phase de Fin d’un round, l’un de ces Bonepickers n’est pas à 6"" ou moins d’un Champion ou Leader Cawdor allié, il est immédiatement mis Hors de combat."
../TacticsCards/CAWDOR/Blessed Visions.png;Blessed Visions;Cawdor Tactics;"| Play at the start of the game after both sides
have deployed.

For the duration of the game, the gang’s |
fighters may use their normal BS when
making Blind Fire ranged attacks or ranged
attack through Ductways.";Visions bénies;Cawdor;Jouer en début de partie après que les deux gangs soient déployés. Pendant toute la durée de la partie, les combattants alliés peuvent utiliser leur BS normal lorsque effectuer des attaques à distance Blind Fire ou à travers les conduits.
../TacticsCards/CAWDOR/Call the Faithful.png;Call the Faithful;Cawdor Tactics;"| Play this card after both sides have deployed.
You may add an extra D3 fighters to your
crew (potentially exceeding the normal crew |
size for the scenario). These fighters must

be chosen randomly from any fighters not
already included in your crew.";Appel aux fidèles;Cawdor;Jouez cette carte une fois que les deux camps se sont déployés. Vous pouvez ajouter un combattant D3 supplémentaire à votre équipe (dépassant potentiellement la taille pour le scénario). Ces combattants doivent être choisi au hasard parmi tous les combattants non déjà inclus dans votre équipage.
../TacticsCards/CAWDOR/Deadmen Walking.png;Deadmen Walking;Cawdor Tactics;"Play at the start of any End phase. |
If your gang is required to make a Bottle test |
during this End phase, it will |
automatically pass.";Morts en marche;Cawdor;Jouez au début d’une phase de Fin. Si votre gang doit faire un test de cran au cours de cette phase de fin, le test passe automatiquement.
../TacticsCards/CAWDOR/Divine Avatar (redacted).png;Divine Avatar;Cawdor Tactics;"Play at the start of the Deployment step of the
Pre-battle sequence, before any fighters have
been deployed. Choose a friendly House Cawdor
Champion or Leader. Until the end of this battle,
they gain the Terrifying special rule: Enemy
Fighters must make a Willpower check before
performing a Fight (Basic) or Shoot (Basic) action
that targets this fighter. If they fail, they can't perform
the action and their action ends. If, at any span, the
chosen fighter is Seriously Injured, this card has no
effect for the rest of the battle.";Avatar divin;Cawdor;Jouez au début de l'étape de déploiement de la Séquence pré-bataille, avant que les combattants n'aient été déployé. Choisissez un Champion ou Leader Cawdor. Jusqu'à la fin de cette bataille, ils gagnent la règle Terrifiant. Si, à un moment donné, le combattant choisi est gravement blessé, cette carte n'a plus d’effet pour le reste de la bataille.
../TacticsCards/CAWDOR/Divine Guidance.png;Divine Guidance;Cawdor Tactics;"Play this gang tactic when activating a friendly
House Cawdor fighter.

Until the end of the fighter's activation, this
fighter may re-roll dice rolls of a natural 1.";Guidance divine;Cawdor;Jouez cette tactique de gang lors de l'activation d'un combattant Cawdor allié. Jusqu'à la fin de l'activation du combattant, ce Le combattant peut relancer les jets de dés d’un 1 naturel.
../TacticsCards/CAWDOR/Divine Motivation.png;Divine Motivation;Cawdor Tactics;"Play at the start of the game after both sides have
deployed.

For the duration of the battle, the gang's Leader
adds 2 to the dice roll for any Cool checks they
are required to take. If the leader is taken Out of
Action, all friendly fighters must make an
immediate Cool check or become Broken.";Motivation divine;Cawdor;Jouez au début de la partie une fois que les deux équipes sont déployées. Pendant toute la durée de la bataille, le chef du gang ajoute 2 au jet de dés pour tous les tests de Cool. Si le leader est mis hors combat, tous les combattants alliés doivent faire un test de Cool ou devenir Broken.
../TacticsCards/CAWDOR/Effigy of the Damned.png;Effigy of the Damned;Cawdor Tactics;"Play at the start of any turn.

Choose a terrain feature at least 6"" in diameter or
a board tile. For the duration of this turn, any
models entering or beginning their turns in the
affected area must roll to see if they catch fire,
just as if they had been hit by a weapon with the
Blaze trait";Effigie des damnés;Cawdor;"Jouez au début d’un tour. Choisissez un élément de terrain d'au moins 6"" de diamètre ou une tuile de plateau. Pendant toute la durée de ce tour, les figurines entrant ou commençant leur tour dans le la zone affectée doivent jeter un dé pour voir si elle prennent feu, comme si elles avaient été touchées par une arme avec le Trait feu"
../TacticsCards/CAWDOR/Faith Through Fear.png;Faith Through Fear;Cawdor Tactics;"Play this card when a fighter fails a Cool |
check.

Instead of suffering the normal effects |
of failing a Cool check, the fighter
immediately charges the nearest enemy
model. If there are no enemy models in |
range, they become Pinned. |";La foi à travers la peur;Cawdor;Jouez cette carte lorsqu'un combattant échoue à un test de Cool. Au lieu de subir les effets normaux d'avoir échoué à un test de Cool, le combattant charge immédiatement l'ennemi le plus proche. S'il n'y a aucune figurine ennemie dans portée, ils deviennent Cloué.
../TacticsCards/CAWDOR/Faith Through Fire.png;Faith Through Fire;Cawdor Tactics;"| Play at the start of any round.

|

For the duration of this round, friendly

models with a Blaze marker on them may

move and take actions as normal - though
they still take damage as normal. In addition,

| all their melee attacks gain the Blaze trait.

|";La foi par le feu;Cawdor;Jouez au début d’un round. Pendant toute la durée de ce round, les figurines alliées portant un marqueur Blaze peuvent se déplacer et agir normalement. Elles subissent toutefois toujours les dégâts normalement. De plus, toutes leurs attaques de mêlée gagnent le trait Blaze.
../TacticsCards/CAWDOR/Faithful Masses.png;Faithful Masses;Cawdor Tactics;"Play this gang tactic during the Priority phase of
any round, after Roll for Priority, but before
Ready Fighters.

Until the end of this round, Faith dice are added
to the crew's Faith dice pool on a roll of a 4+,
rather than the usual roll of 5 or 6.";Masses de fidèles;Cawdor;Jouez cette tactique de gang pendant la phase de Priorité d’un tour, après le lancer de priorité, mais avant l’activation des combattants. Jusqu'à la fin de ce tour, les dés de Foi sont ajoutés à la réserve de l'équipe sur un résultat de 4+, plutôt que le résultat habituel de 5 ou 6.
../TacticsCards/CAWDOR/Faithful and Resolved.png;Faithful and Resolved;Cawdor Tactics;"Play this gang tactic when activating a friendly
fighter.

The fighter may immediately perform

a Universal Article of Faith; no Faith dice are
rolled and the Threshold test is automatically
passed.";Fidèles et résolus;Cawdor;"Jouez cette tactique de gang lors de l'activation d'un combattant allié. Le combattant peut immédiatement effectuer un article de foi; aucun dé de foi n'est lancé et le test est automatiquement réussi."
../TacticsCards/CAWDOR/Fire and Zeal.png;Fire and Zeal;Cawdor Tactics;"Play this gang tactic when activating a friendly
fighter.

Until the start of their next activation, this
fighter becomes subject to the Insane condition.
In addition, the fighter immediately makes

a free Shoot (Basic) action with an incendiary
charge; this attack is made even if the es is
not equipped with incendiary a ae e Blast
marker must be centred on this fighter and does
not scatter.";Feu et zèle;Cawdor;"Jouez cette tactique de gang lors de l'activation d'un combattant allié. Jusqu'au début de sa prochaine activation, ce le combattant devient soumis à la condition Insane. De plus, le combattant fait immédiatement une action Tir (Basique) gratuite avec une charge incendiaire; cette attaque est faite même si le combattant n’est pas équipé d’une charge incendiaire ; le marqueur Blast doit être centré sur ce combattant et ne dévie pas"
../TacticsCards/CAWDOR/Followers of the Path.png;Followers of the Path;Cawdor Tactics;"Play this gang tactic during the Priority phase of
any round, after Roll for Priority, but before
Ready Fighters.

Until the end of this round, you may apply a +1
modifier to any Threshold test made when
attempting to perform an Article of Faith.";Les adeptes du chemin;Cawdor;Jouez cette tactique pendant la phase de Priorité d’un tour, après le lancer de priorité, mais avant l’activation des combattants. Jusqu'à la fin de ce tour, vous pouvez appliquer un +1 modificateur à tout test effectué pour tenter d'exécuter un article de foi.
../TacticsCards/CAWDOR/For The Lost.png;for The Lost!;Cawdor Tactics;"| Play at the start of any round.

For every friendly model that has been taken
Out of Action in the battle so far, one chosen
Champion or Leader can add +1 to their
Strength and Attacks characteristic, to

a maximum of +3. These effects last until
the end of the round.";Pour les Perdus !;Cawdor;Jouez au début d’un tour. Pour chaque figurine alliée qui a été mise Hors de combat dans la bataille jusqu'à présent, un Champion ou le Leader peut ajouter +1 à sa caractéristique de Force et d'attaques, jusque’à un maximum de +3. Ces effets durent jusqu'à la fin du round.
../TacticsCards/CAWDOR/Keeper of Sacred Vermin.png;Keeper of Sacred Vermin;Cawdor Tactics;"Play this gang tactic when a friendly House
Cawdor fighter deploys a bomb delivery rat.
This fighter automatically passes their
Intelligence check and may choose the direction
in which the rat moves.";Gardien de la vermine sacrée;Cawdor;Jouez cette tactique lorsqu’un combattant Cawdor déploie un rat livreur de bombes. Ce combattant réussit automatiquement son test d’Intelligence et peut choisir la direction dans lequel le rat se déplace.
../TacticsCards/CAWDOR/Let It Burn!.png;Let It Burn!;Cawdor Tactics;"| Play at the start of any round.

For the duration of this round, all ranged
weapons used by friendly models gain |
the Blaze trait.";Que ça brûle !;Cawdor;Jouez au début d’un tour. Pendant toute la durée de ce tour, toutes les armes à distance utilisées par les figurines alliés gagnent le trait Blaze.
../TacticsCards/CAWDOR/Light of the Emperor.png;Light of the Emperor;Cawdor Tactics;"Play this gang tactic when activating a friendly
fighter.

Place a Divine Brazier (see page 107) within 1""
of the fighter, ensuring that its base is not
overlapping an obstacle or another fighter's base.
This fighter's activation then ends.";Lumière de l'Empereur;Cawdor;"Jouez cette tactique lors de l'activation d'un combattant allié. Placez un Brasero Divin (voir page 107) à moins de 1"" du combattant, en s'assurant que sa base ne chevauche pas un obstacle ou la base d'un autre combattant. L'activation de ce combattant prend alors fin."
../TacticsCards/CAWDOR/No Prisoners!.png;No Prisoners!;Cawdor Tactics;"| Play at the start of any End phase.

For the duration of the End phase, Seriously
Injured enemy models making Recovery |
tests must roll two Injury dice and pick the
worst result.";Pas de prisonniers !;Cawdor;Jouez au début d’une phase de fin. Pendant toute la durée de la phase de fin, Les figurines ennemies Gravement blessées effectuant un test de récupération doivent lancer deux dés de blessure et choisir le pire résultat.
../TacticsCards/CAWDOR/Preacher Amongst Us.png;Preacher Amongst Us;Cawdor Tactics;"Play this gang tactic at the start of

the Deployment step of the Pre-battle sequence,
before any fighters have been deployed.

Choose a friendly House Cawdor fighter that is
not a Champion or Leader. Until the end of this
battle, that fighter gains the Group Activation (1)
special rule.";Prédicateur parmi nous;Cawdor;Jouez cette tactique au début de l'étape de Déploiement de la séquence Pré-bataille, avant que des combattants aient été déployés. Choisissez un combattant Cawdor allié  qui n’est pas un champion ou un leader. Jusqu'à la fin de ça bataille, ce combattant gagne règle spéciale activation de groupe (1).
../TacticsCards/CAWDOR/Purification Through Blood.png;Purification Through Blood;Cawdor Tactics;"Play this gang tactic during the Priority phase of
any round, after Roll for Priority, but before
Ready Fighters.

Choose a friendly House Cawdor Champion or
Leader. Until the end of this round, friendly
fighters that are within 6"" of this fighter and can
draw line of sight to them improve both their
WS and A characteristics by 1.";Purification par le sang;Cawdor;"Jouez cette tactique de gang pendant la phase de Priorité d’un tour, après le lancer de priorité, mais avant l’activation des combattants. Choisissez un champion ou un leader Cawdor allié. Jusqu'à la fin de ce tour, les combattants alliés qui se trouvent à moins de 6"" de ce combattant et peuvent leur tracer une ligne de vue vers lui peuvent améliorer leur Caractéristiques WS et A de 1."
../TacticsCards/CAWDOR/Purity Through Fire.png;Purity Through Fire;Cawdor Tactics;"Play this gang tactic when a friendly House
Cawdor fighter makes a Shoot (Basic) or Fight
(Basic) action using a weapon with the Blaze trait
Until the end of the fighter's activation, hit
targets become subject to the Blaze condition on
a 2+, rather than the usual 4+.";La pureté par le feu;Cawdor;Jouez cette tactique de gang lorsqu’un combattant allié Cawdor effectue un Tir (Basique) ou un combat (Basique) utilisant une arme avec le trait Blaze. Jusqu'à la fin de l'activation du combattant, ses cibles deviennent soumises à la condition Blaze sur un 2+, plutôt que le 4+ habituel.
../TacticsCards/CAWDOR/Redemption.png;| Redemption;Cawdor Tactics;"| Play when a friendly fighter is taken Out of
Action.

Centre the 3” Blast marker on the fighter |
that has just been taken Out of Action. All
models under the marker count as being hit
by a frag grenade.";Rachat;Cawdor;"Jouez lorsqu'un combattant allié est retiré mis hors de combat. Centrez le marqueur Blast de 3"" sur le combattant qui vient d'être mis Hors de combat. Tout les figurines touchées par le gabarit comptent comme étant touchées par une grenade à fragmentation."
../TacticsCards/CAWDOR/Reformation.png;Reformation;Cawdor Tactics;"Play this gang tactic during the Priority phase of
any round, after Roll for Priority, but before
Ready Fighters.

Until the end of this round, friendly House
Cawdor fighters may perform Articles of Faith
chosen from a Path their gang does not follow.
If, however, your gang follows no particular
Path, discard this gang tactic and select another.";Réformation;Cawdor;Jouez cette tactique de gang pendant la phase de Priorité d’un tour, après le lancer de priorité, mais avant l’activation des combattants. Jusqu’à la fin de ce tour, les combattants Cawdor alliés peuvent accomplir des articles de foi choisi parmi un chemin que leur gang ne suit pas. Toutefois, si votre gang ne suit aucun Chemin, abandonnez cette tactique de gang et sélectionnez-en une autre.
../TacticsCards/CAWDOR/Righteous Day.png;Righteous Day;Cawdor Tactics;"Play at the start of any round.

For the duration of the round, all successful
wound rolls made against friendly fighter must
be re-rolled. However, friendly fighters not
engaged in melee must charge the nearest enemy
model if possible, or use their entire

activation to move as close to the enemy as
possible.";Jour de justice;Cawdor;Jouez au début d’un tour. Pendant toute la durée du round, tous les jets de blessure effectués et réussis contre un combattant allié doivent être relancé. Cependant, les combattants alliés non engagé en mêlée doivent charger l'ennemi le plus proche possible, ou utiliser l'intégralité de leur activation pour se rapprocher le plus possible de l’ennemi le plus proche.
../TacticsCards/CAWDOR/Rise Anew.png;Rise Anew;Cawdor Tactics;"Play this gang tactic when activating a Seriously
Injured friendly fighter.

This Fgh tes regains a single Wound and is no
longer Seriously Injured; instead the fighter
becomes Standing and Active. This fighter's
activation then ends.";Renaître;Cawdor;"Jouez cette tactique de gang lors de l'activation d'un Sérieusement combattant allié blessé. Ce Fgh tes regagne une seule Blessure et n'est pas plus gravement blessé; à la place le combattant devient Debout et Actif. Ce combattant l’activation se termine alors."
../TacticsCards/CAWDOR/Shielded by Faith.png;Shielded by Faith;Cawdor Tactics;"Play this gang tactic when a friendly House
Cawdor fighter is hit by a Blast weapon.

Roll a D6. On a 2+, the hit has no effect against
the chosen fighter. On a 1, they are affected as
normal but this gang tactic is not discarded.";Protégé par la foi;Cawdor;Jouez cette tactique de gang lorsqu'une maison amicale Le combattant Cawdor est touché par une arme Blast. Lancez un D6. Sur 2+, le coup n'a aucun effet contre le combattant choisi. Sur 1, ils sont affectés comme normal mais cette tactique de gang n’est pas écartée.
../TacticsCards/CAWDOR/Stirring Oration.png;Stirring Oration;Cawdor Tactics;"Play at the start of any round.

Choose one fen Leader or Champion model.
For the duration of the round, the Leading by
Example rule applies as long as the fighter can
draw line of sight to the chosen model. For this
round, the chosen Leader or Champion cannot
benefit from the effects of cover.";Harangue inspirante;Cawdor;Jouez au début d’un tour. Choisissez un modèle Fen Leader ou Champion. Pendant toute la durée du round, le leader par Un exemple de règle s'applique aussi longtemps que le combattant peut tracez une ligne de vue vers le modèle choisi. Pour cela tour, le Leader ou le Champion choisi ne peut pas bénéficier des effets de la garantie.
../TacticsCards/CAWDOR/The Emperor Protects (redacted).png;The Emperor Protects;Cawdor Tactics;"Play this card during the Priority phase of

any round, after Roll for Priority, but before
Ready Fighters.

Until the end of this round, all friendly House
Cawdor fighters gain a 5+ save roll that cannot
be modified in any way. However, if a fighter
attempts to use this save but the roll is failed, any
Injury dice that are subsequently rolled treat rolls
of Seriously Injured as Out of Action. A House
Cawdor fighter can choose not to make this save.";L'Empereur protège;Cawdor;Jouez cette carte pendant la phase de Priorité d’un round, après le jet de Priorité mais avant l’activation des combattants Prêts. Jusqu’à la fin de ce round, tous les combattants alliés de la Maison Cawdor gagnent une sauvegarde de 5+ qui ne peut être modifiée d’aucune manière. Toutefois, si un combattant tente d’utiliser cette sauvegarde et échoue, lancez un Dé de Blessure pour lui.
../TacticsCards/CAWDOR/The Price of Avarice.png;The Price of Avarice;Cawdor Tactics;"Play this gang tactic during the Priority phase of
any round, after Roll for Priority, but before
Ready Fighters.

Until the end of this round, any enemy fighters
that are within 4"" of a friendly House Cawdor
fighter must re-roll successful Ammo checks to
see if their weapon goes Out of Ammo (they do
not have to re-roll Ammo checks made as part
of the Reload action).";Le prix de l’avarice;Cawdor;"Jouez cette tactique de gang pendant la phase de Priorité de un tour, après le lancer de priorité, mais avant activation des combattants Prêts. Jusqu'à la fin de ce tour, tous les combattants ennemis qui se trouvent à moins de 4"" d'une maison Cawdor amicale le combattant doit relancer ses tests de munitions réussis pour voir si leur arme est à court de munitions (ils le font pas besoin de relancer les contrôles de munitions effectués dans le cadre de l'action Recharger)."
../TacticsCards/CAWDOR/Unyielding Zeal.png;Unyielding Zeal;Cawdor Tactics;"Play this gang tactic during the Priority phase of
any round, after Roll for Priority, but before
Ready Fighters.

Until the end of this round, every friendly House
Cawdor fighter currently on the battlefield gains
a +2 modifier to any Cool checks they are
required to make.";Un zèle inébranlable;Cawdor;Jouez cette tactique de gang pendant la phase de Priorité de un tour, après le lancer de priorité, mais avant activation des combattants Prêts. Jusqu'à la fin de ce tour, chaque Maison amie Le combattant Cawdor actuellement sur le champ de bataille gagne un modificateur de +2 à tous les contrôles de Cool qu'ils effectuent nécessaire de faire.
../TacticsCards/CAWDOR VEHICLES/Armoured by Faith.png;Armoured by Faith;Cawdor Vehicle Tactics;"Play this gang tactic after both gangs have
deployed before the first roll for Priority.
For the duration of the battle, D3 friendly
vehicles increase their Front Toughness by 1.";Armé par la foi;Véhicules Cawdor;Jouez cette tactique de gang une fois que les deux gangs ont déployé avant le premier lancer de Priorité. Pendant toute la durée de la bataille, D3 amical les véhicules augmentent leur endurance avant de 1.
../TacticsCards/CAWDOR VEHICLES/Beacon of Faith.png;Beacon of Faith;Cawdor Vehicle Tactics;"Play this gang tactic after both gangs have
deployed but before the first roll for Priority.
Select a friendly vehicle.

For the duration of this battle, while this vehicle
is not Wrecked, all friendly models within 9""
may apply a +1 modifier to all Cool checks.";Phare de la foi;Véhicules Cawdor;"Jouez cette tactique de gang une fois que les deux gangs ont déployé mais avant le premier jet de Priorité. Choisissez un véhicule convivial. Pendant toute la durée de cette bataille, alors que ce véhicule n'est pas détruit, toutes les figurines amies dans un rayon de 9"" peut appliquer un modificateur de +1 à tous les tests de Cool."
../TacticsCards/CAWDOR VEHICLES/Blessed Dodge.png;Blessed Dodge;Cawdor Vehicle Tactics;"Play this gang tactic when a friendly fighter fails
an Initiative check to avoid being run over by

a vehicle.

The fighter is considered to have passed the
Initiative check.";Esquive bénie;Véhicules Cawdor;Jouez cette tactique de gang lorsqu'un combattant allié échoue un test d’Initiative pour éviter de se faire écraser par un véhicule. Le combattant est considéré comme ayant réussi le Contrôle d'initiative.
../TacticsCards/CAWDOR VEHICLES/Cleansed by Fire.png;Cleansed by Fire;Cawdor Vehicle Tactics;"Play this gang tactic when activating a friendly
vehicle, before performing any actions.

The vehicle becomes subject to the Blaze
condition. Until the flames go out, any models
that either start their activation within 1"" or
move within 1"" of this vehicle during their
activation become subject to the Blaze condition
on a D6 roll of 3+.";Purifié par le feu;Véhicules Cawdor;"Jouez cette tactique de gang lors de l'activation d'un ami véhicule, avant d’effectuer toute action. Le véhicule devient sujet à l'incendie état. Jusqu'à ce que les flammes s'éteignent, tous les figurines qui démarrent son activation dans un délai de 1"" ou se déplacer à moins de 1"" de ce véhicule pendant leur l'activation devient soumise à la condition Blaze sur un jet de 3+ sur D6."
../TacticsCards/CAWDOR VEHICLES/Doused in Promethium.png;Doused in Promethium;Cawdor Vehicle Tactics;"Play this gang tactic when activating a fighter
subject to the Mounted condition before they
perform any actions.

For the duration of the fighter's activation, one
of their weapons with the Melee trait gains

the Blaze trait.";Arrosé de Prométhium;Véhicules Cawdor;Jouez cette tactique de gang lors de l'activation d'un combattant soumis à l'état monté avant d'être effectuer des actions. Pendant toute la durée d'activation du combattant, un de ses armes avec les gains du trait Mêlée le trait Blaze.
../TacticsCards/CAWDOR VEHICLES/Fateful Swerve.png;fateful Swerve;Cawdor Vehicle Tactics;"Play this gang tactic when a friendly vehicle
suffers a Penetrating Hit or Catastrophic Hit.
The vehicle suffers a Glancing Hit instead.";Ecart fatidique;Véhicules Cawdor;Jouez cette tactique de gang lorsqu'un véhicule allié subit un coup pénétrant ou un coup catastrophique. Le véhicule subit à la place un coup d'œil.
../TacticsCards/CAWDOR VEHICLES/Fury of Righteous Convictions.png;Fury of Righteous Convictions;Cawdor Vehicle Tactics;"Play this gang tactic when activating a friendly
fighter subject to the Mounted condition before
performing any actions.

For the duration of their activation, they gain +2
Strength and all of their weapons gain the
Reckless trait.";Fureur des convictions justes;Véhicules Cawdor;Jouez cette tactique de gang lors de l'activation d'un ami chasseur soumis à la condition Monté avant effectuer des actions. Pendant toute la durée de son activation, ils gagnent +2 Force et toutes ses armes gagnent le trait Imprudent.
../TacticsCards/CAWDOR VEHICLES/Incendiary Ram.png;Incendiary Ram;Cawdor Vehicle Tactics;"Play this gang tactic when a friendly vehicle has
a head-on collision during its activation, before
resolving the collision.

Place the 5"" Blast marker in the centre of the
vehicle's front hull. All models under the blast
marker, including the activated model, suffer

a $3, AP-1, D1 hit as if by a weapon with

the Blaze trait. Then resolve the collision
normally.";Bélier incendiaire;Véhicules Cawdor;"Jouez cette tactique de gang lorsqu'un véhicule allié a une collision frontale lors de son activation, avant résoudre la collision. Placez le marqueur Blast de 5"" au centre du coque avant du véhicule. Tous les figurines sous le feu des projecteurs marqueur, y compris la figurine activée, souffrent un $3, AP-1, D1 touché comme par une arme avec le trait Blaze. Puis résolvez la collision normalement."
../TacticsCards/CAWDOR VEHICLES/Joust.png;Joust;Cawdor Vehicle Tactics;"Play this gang tactic when a friendly fighter
subject to the Mounted condition causes
an enemy vehicle to become Wrecked.

The fighter gains an additional D3 XP.";Joute;Véhicules Cawdor;Jouez cette tactique de gang lorsqu'un combattant allié soumis à la condition de montage provoque un véhicule ennemi devient détruit. Le combattant gagne D3 XP supplémentaires.
../TacticsCards/CAWDOR VEHICLES/Judgement Due.png;Judgement Due;Cawdor Vehicle Tactics;"Play this gang tactic after both gangs have
deployed, before the first roll for Priority.
Select an enemy vehicle. If it is Wrecked

at the end of the battle, your gang's Leader
gains D3 XP.";Jugement dû;Véhicules Cawdor;Jouez cette tactique de gang une fois que les deux gangs ont déployés, avant le premier jet de Priorité. Choisissez un véhicule ennemi. S'il est détruit à la fin de la bataille, le chef de votre gang gagne D3 XP.
../TacticsCards/CAWDOR VEHICLES/Martyrdom.png;| Martyrdom;Cawdor Vehicle Tactics;"Play this gang tactic when a friendly fighter is
taken Out of Action by an enemy model before
rolling on the Lasting Injury table.

Do not roll on the Lasting Injury table - the
fighter automatically suffers the Memorable
Death result. For the remainder of the battle,
all friendly models apply a +1 modifier to any
rolls to wound the enemy model, and friendly
models earn an additional D3 XP if they take
the enemy model Out of Action.";Martyre;Véhicules Cawdor;Jouez cette tactique de gang lorsqu'un combattant allié est mis hors de combat par une figurine ennemie avant lancer sur la table des Blessures Durables. Ne lancez pas de jet sur le tableau des Blessures Durables - le le combattant subit automatiquement le Mémorable résultat de Mort. Pour le reste de la bataille, toutes les figurines amies appliquent un modificateur de +1 à une lance des jets pour blesser la figurine ennemie et amicale les figurines gagnent un D3 XP supplémentaire s'ils prennent le modèle ennemi Hors de combat.
../TacticsCards/CAWDOR VEHICLES/Prayer Wagon.png;Prayer Wagon;Cawdor Vehicle Tactics;"Play this gang tactic after both gangs have
deployed, before the first roll for Priority.

Select a friendly vehicle. For the duration of

the battle it rolls 3 dice to see if it generates Faith
dice.";Chariot de prière;Véhicules Cawdor;Jouez cette tactique de gang une fois que les deux gangs ont déployés, avant le premier jet de Priorité. Choisissez un véhicule convivial. Pour la durée de la bataille, il lance 3 dés pour voir s'il génère de la Foi dés.
../TacticsCards/CAWDOR VEHICLES/Pyroclastic Rain.png;Pyroclastic Rain;Cawdor Vehicle Tactics;"Play this gang tactic when activating a friendly
vehicle before performing any actions.

For the duration of this activation, any weapon
with the Blaze and Template traits may place the
template within 6"" instead of in contact with the
weapon so that the narrow end of the template is
closer to the attacking vehicle than the wide end.";Pluie pyroclastique;Véhicules Cawdor;"Jouez cette tactique de gang lors de l'activation d'un ami véhicule avant d’effectuer toute action. Pendant la durée de cette activation, toute arme avec les traits Blaze et Template peuvent placer le modèle à moins de 6"" au lieu d'être en contact avec le arme de sorte que l'extrémité étroite du gabarit soit plus proche du véhicule attaquant que l’extrémité large."
../TacticsCards/CAWDOR VEHICLES/Rearm!.png;Rearm!;Cawdor Vehicle Tactics;"Play this gang tactic after resolving an attack
from a weapon with the Lancebomb trait.
The next successful hit from this erpon will
use the Primed profile instead of the Spent
profile.";Réarmez !;Véhicules Cawdor;Jouez cette tactique de gang après avoir résolu une attaque d'une arme avec le trait Lancebomb. Le prochain succès de cet erpon sera utilisez le profil Primed au lieu du profil Spent profil.
../TacticsCards/CAWDOR VEHICLES/Scrap Dealers.png;Scrap Dealers;Cawdor Vehicle Tactics;"Play this gang tactic during the post-battle
sequence when making the Negotiate Repairs
post-battle action.

Reduce the cost of repairs by D6x10 credits to
a minimum of 5 credits.";Ferrailleurs;Véhicules Cawdor;Jouez cette tactique de gang pendant l'après-bataille séquence lors de la négociation des réparations action d'après-bataille. Réduisez le coût des réparations de D6x10 crédits pour un minimum de 5 crédits.
../TacticsCards/CAWDOR VEHICLES/Self Destruct.png;Self Destruct;Cawdor Vehicle Tactics;"Play this gang tactic at any point during

a friendly vehicle's activation.

All models, both friend and foe, within 5"" of
the vehicle suffer a S6, AP-1, D1 hit as if from
a weapon with the Blaze trait. The activated
vehicle is then Wrecked, add 1 to the roll on
the Lasting Damage table.";Autodestruction;Véhicules Cawdor;"Jouez cette tactique de gang à tout moment pendant l'activation d'un véhicule allié. Toutes les figurines, amies et ennemies, à moins de 5"" de le véhicule subit un impact S6, AP-1, D1 comme s'il provenait une arme avec le trait Blaze. L'activé le véhicule est alors détruit, ajoutez 1 au jet le tableau des dégâts durables."
../TacticsCards/CAWDOR VEHICLES/Weak Spot.png;Weak Spot;Cawdor Vehicle Tactics;"Play this gang tactic before rolling Damage dice.
Roll one additional Damage dice.";Point faible;Véhicules Cawdor;Jouez cette tactique de gang avant de lancer les dés de dégâts. Lancez un dé de dégâts supplémentaire.
../TacticsCards/CAWDOR VEHICLES/Where There’s Scrap....png;Where There’s Scrap...;Cawdor Vehicle Tactics;"Play this gang tactic during the post-battle
sequence during the Receive Rewards step.

Add D3x5 credits to your gang’s Stash for each
Wrecked enemy vehicle and enemy fighter
subject to the Mounted condition who was taken
Out of Action.";Là où il y a de la ferraille...;Véhicules Cawdor;Jouez cette tactique de gang pendant l'après-bataille séquence pendant l’étape Recevoir les récompenses. Ajoutez des crédits D3x5 à la réserve de votre gang pour chacun Véhicule ennemi détruit et chasseur ennemi soumis à la condition Monté qui a été emmené Hors de combat.
../TacticsCards/CORPSE GRINDERS/Blessed by Death.png;Blessed by Death;Corpse Grinders Tactics;"Play this card when a fighter in your gang

takes an enemy fighter Out of Action with

a weapon with a Melee trait.

Tuck this card under the fighter's card; for
the remainder of the battle, the fighter

| gains +1 WS.

|";Béni par la mort;Corspe grinders;"Jouez cette carte lorsqu'un combattant de votre gang met un combattant ennemi hors de combat avec une arme avec un trait Mêlée. Glissez cette carte sous la carte du combattant ; pour le reste de la bataille, le combattant gagne +1 CS."
../TacticsCards/CORPSE GRINDERS/Blood Surge.png;Blood Surge;Corpse Grinders Tactics;"Play this card when a Standing and Active

‘fighter in your gang is hit by a ranged attack.

|

|The fighter does not become Pinned. |

Instead they may immediately make a Move
(Simple) action. The fighter may perform

| this action even if they are not Ready.

|";Afflux de sang;Corspe grinders;Jouez cette carte lorsqu'un joueur permanent et actif « Un combattant de votre gang est touché par une attaque à distance. Le combattant n’est pas Bloqué. Au lieu de cela, ils peuvent immédiatement effectuer un mouvement action (Simple). Le combattant peut effectuer cette action même s'ils ne sont pas prêts.
../TacticsCards/CORPSE GRINDERS/Bountiful Feast.png;Bountiful Feast;Corpse Grinders Tactics;"| Play immediately after a fighter in your gang
performs a Coup de Grace (Simple) action.
Remove anumber of Flesh Wounds from |
the fighter equal to the Wounds
characteristic of the enemy fighter taken

Out of Action by the Coup de Grace.";Festin abondant;Corspe grinders;Jouez immédiatement après un combattant de votre gang effectue une action Coup de Grâce (Simple). Supprimez un certain nombre de Blessures Légères de le combattant égal aux blessures caractéristique de Blessures du combattant ennemi prise Hors de combat par le coup de grâce.
../TacticsCards/CORPSE GRINDERS/Frenzy.png;| Frenzy;Corpse Grinders Tactics;"Play this card instead of activating a fighter.
Choose a single Ready enemy fighter within 9""
and line of sight of one of your fighters. The
chosen fighter must make a Cool check. If they
fail, they lose their Ready marker and must
immediately make a Move (Simple) action,
moving as if subject to the Broken condition.";Frénésie;Corspe grinders;"Jouez cette carte au lieu d'activer un combattant. Choisissez un seul combattant ennemi prêt dans un rayon de 9"" et la ligne de mire d'un de vos combattants. Le Le combattant choisi doit faire un test de Cool. S'ils échouent, ils perdent leur marqueur Prêt et doivent effectuez immédiatement une action Déplacement (Simple), se déplaçant comme s’il était soumis à la condition Cassé."
../TacticsCards/CORPSE GRINDERS/Infamous Butcher.png;Infamous Butcher;Corpse Grinders Tactics;"| Play this card at the start of the Deployment
step of the pre-battle sequence, before any
fighters have been deployed.

For the duration of this battle, one Corpse
Grinder fighter of your choice gains the
Fearsome skill.";Boucher infâme;Corspe grinders;Jouez cette carte au début du déploiement étape de la séquence pré-bataille, avant tout des combattants ont été déployés. Pendant toute la durée de cette bataille, un Cadavre Le combattant Grinder de votre choix gagne le Compétence redoutable.
../TacticsCards/CORPSE GRINDERS/Reign of Blood.png;Reign of Blood;Corpse Grinders Tactics;"Play this card when a Leader or Champion in
your gang takes an enemy fighter Out of Action
with a weapon with the Melee trait.

Tuck this card under the fighter's card. When
this fighter makes a group activation, they may
include one more fighter than normal as part of
the group.";Règne du sang;Corspe grinders;Jouez cette carte lorsqu'un Leader ou un Champion votre gang met un combattant ennemi hors de combat avec une arme avec le trait Mêlée. Glissez cette carte sous la carte du combattant. Quand ce combattant effectue une activation de groupe, il peut inclure un combattant de plus que la normale dans le cadre de le groupe.
../TacticsCards/CORPSE GRINDERS/Rend and Tear.png;Rend and Tear!;Corpse Grinders Tactics;"| Play this card at the start of any Action
phase.

Until the End phase of this round, all |
weapons with the Melee trait used by
friendly fighters gain the Rending trait.";Lacérer et déchirer !;Corspe grinders;Jouez cette carte au début de une action phase. Jusqu'à la phase de Fin de ce tour, tous armes avec le trait Mêlée utilisées par les combattants alliés acquièrent le trait Déchirure.
../TacticsCards/CORPSE GRINDERS/Savage Brutality.png;Savage Brutality;Corpse Grinders Tactics;"Play when an enemy fighter is Seriously Injured
or taken Out of Action by a Melee attack.

All enemy fighters within 12"" that can draw line
of sight to the target must take Nerve tests. Any
fighters not within 3"" become Broken as normal
if they fail, but automatically rally in the End
phase of the round.";Brutalité sauvage;Corspe grinders;"Jouez lorsqu'un combattant ennemi est grièvement blessé ou mis hors de combat par une attaque de mêlée. Tous les combattants ennemis à moins de 12"" pouvant tracer une ligne de vue de la cible doit passer des tests nerveux. N'importe lequel les combattants qui ne sont pas à moins de 3"" deviennent Brisés comme d'habitude s'ils échouent, mais se rallient automatiquement à la fin phase du round."
../TacticsCards/CORPSE GRINDERS/Scent of Blood.png;Scent of Blood;Corpse Grinders Tactics;"| Play this card when a fighter in your gang is
taken Out of Action.
Choose a friendly Standing and Engaged |
fighter within 9"" and line of sight of the
fighter taken Out of Action. They may
immediately make a Fight (Basic) action,
even if they are not Ready.";Odeur du sang;Corspe grinders;"Jouez cette carte lorsqu'un combattant de votre gang est mis Hors de combat. Choisissez un statut convivial et engagé chasseur à moins de 9"" et en ligne de mire du combattant mis hors de combat. Ils peuvent effectuer immédiatement une action Combat (Basique), même s'ils ne sont pas prêts."
../TacticsCards/CORPSE GRINDERS/The Red Hunt.png;The Red Hunt;Corpse Grinders Tactics;"| Play this card during any Action phase, after
Fleeing the battlefield but before Activate
Fighters.

Each friendly fighter Engaged with an
enemy fighter can take a Reaction attack;
they do not need to make an Initiative check.";La chasse rouge;Corspe grinders;"Jouez cette carte pendant une phase d’Action, après après les tests de Déroute mais avant d'activer les combattants. Chaque combattant allié Engagé avec un le combattant ennemi peut effectuer une attaque de réaction ; ils n'ont pas besoin de faire un test d’Initiative."
../TacticsCards/CORPSE GRINDERS/Visions of Slaughter.png;Visions of Slaughter;Corpse Grinders Tactics;"| Play this card at the start of any Action phase.
|

Until the End phase of this round, fighters
from your gang treat the Charge action as __
(Basic) rather than (Double). However,

until the End phase of this turn, any fighter
from your gang that performs a Charge

| (Basic) action reduces their Weapon Skill
characteristic by -1.";Visions de massacre;Corspe grinders;Jouez cette carte au début de une phase d’Action. Jusqu'à la phase de Fin de ce tour, les combattants de votre gang, traitez l'action de Charge comme __ (Basique) plutôt que (Double). Cependant, jusqu'à la phase de fin de ce tour, un combattant de votre gang qui effectue une Charge L'action (de base) réduit leur compétence d'arme caractéristique par -1.
../TacticsCards/CORPSE GRINDERS/Whirlwind of Blows.png;Whirlwind of Blows;Corpse Grinders Tactics;"| Play this card when activating a fighter in
your gang that is Standing and Engaged.

For the duration of this fighter's |
activation, increase their Attacks
characteristic by 1 for each enemy fighter
they are Engaged with.";Tourbillon de coups;Corspe grinders;Jouez cette carte lors de l'activation d'un combattant dans votre gang qui est debout et engagé. Pour la durée de ce combattant activation, augmente ses attaques caractéristique de 1 pour chaque combattant ennemi avec lesquels ils sont fiancés.
../TacticsCards/DELAQUE/A Debt to Pay.png;A Debt to Pay;Delaque Tactics;"Play this gang tactic at the start of the battle, afte
both sides have deployed, but before the first
round. Choose one enemy Ganger or Juve. That
fighter owes a debt to your gang and is not about
to anger their creditors. For the duration of this
battle, that fighter must take a Willpower check
before they can make a Charge (Double) action
targeting an enemy Delaque fighter. If the check
is failed, the fighter cannot perform the action
and must declare another. If the check is passed,
the fighter may perform the action as normal.";Une dette à payer;Delaque;Jouez cette tactique de gang au début de la bataille, après les deux camps se sont déployés, mais avant le premier rond. Choisissez un Ganger ou une Juve ennemi. Cela Le combattant a une dette envers votre gang et n'est pas sur le point de pour irriter leurs créanciers. Pendant la durée de ce bataille, ce combattant doit passer un test de Volonté avant de pouvoir effectuer une action Charge (Double) visant un chasseur Delaque ennemi. Si le chèque est un échec, le combattant ne peut pas effectuer l'action et doit en déclarer un autre. Si le test est réussi, le combattant peut effectuer l'action normalement.
../TacticsCards/DELAQUE/Assassins.png;Assassins;Delaque Tactics;"Play instead of activating a fighter. |
For the remainder of this round, any ranged —
attacks made by a fighter that is outside of
the target's vision are gains +2 to hit.";Assassins;Delaque;Jouez au lieu d'activer un combattant. Pour le reste de ce tour, tout joueur à distance — attaques effectuées par un combattant qui se trouve à l'extérieur de la vision de la cible gagne +2 pour toucher.
../TacticsCards/DELAQUE/Blinding Revelations.png;Blinding Revelations;Delaque Tactics;"Play this gang tactic when a friendly Delaque
fighter is taken Out of Action by a close combat
attack or by a Coup De Grace (Simple) action.
Before the fighter is removed from play, place

a large 5"" Blast marker, centred on the fighter.
All fighters touched by the marker are hit as if by
a weapon with the Flash trait.";Des révélations aveuglantes;Delaque;"Jouez cette tactique de gang lorsqu'un Delaque allié le combattant est mis hors de combat par un combat rapproché attaque ou par une action Coup de Grâce (Simple). Avant que le combattant ne soit retiré du jeu, placez un grand marqueur Blast de 5"", centré sur le combattant. Tous les combattants touchés par le marqueur sont touchés comme par une arme avec le trait Flash."
../TacticsCards/DELAQUE/Cloying Darkness.png;Cloying Darkness;Delaque Tactics;"Play this gang tactic when an enemy fighter
performs a Fight (Basic) action.

Darkness swirls around the enemy fighter,
seeming to grasp at their weapons. Apply a -D3
modifier to the fighter's Hit roll.";Ténèbres suffocantes;Delaque;Jouez cette tactique de gang lorsqu’un combattant ennemi effectue une action Combat (Basique). Les ténèbres tourbillonnent autour du combattant ennemi et semblent s’agripper à ses armes. Appliquez un modificateur de -D3 au jet de Touche de ce combattant.
../TacticsCards/DELAQUE/Confusion (redacted).png;Confusion;Delaque Tactics;"Play this card at the start of the battle, after both
sides have deployed, but before the first round.
Choose a fighter from opponent's starting crew
that is on the battlefield and place a marker on
their card. Choose one Melee weapon they're
equipped with. During this battle, when they
wish to use that weapon, they must first make an
Intelligence check. If the check is passed, they
may use the weapon as normal. If the check is
failed, their WS is treated as 6+ when making
attacks with that wapon during this activation.";Confusion;Delaque;Jouez cette carte au début de la bataille, après les deux les équipes se sont déployées, mais avant le premier tour. Choisissez un combattant parmi l'équipage de départ de l'adversaire qui se trouve sur le champ de bataille et placez un marqueur dessus leur carte. Choisissez une arme de mêlée qu'ils utilisent équipé de. Durant cette bataille, quand ils souhaitent utiliser cette arme, ils doivent d'abord faire un test d’Intelligence. Si le test est réussi, ils peut utiliser l’arme normalement. Si le chèque est échoué, leur WS est traité comme 6+ lors de la création attaque avec cette arme pendant cette activation.
../TacticsCards/DELAQUE/Dancing Shadows.png;Dancing Shadows;Delaque Tactics;"| Play this card when an enemy fighter makes
a ranged attack.

The attacking enemy fighter must passan  _
Intelligence check. If they fail, the attack
automatically misses and their activation
ends.";Ombres dansantes;Delaque;Jouez cette carte lorsqu'un combattant ennemi fait une attaque à distance. Le combattant ennemi attaquant doit passeran _ test d’Intelligence. S'ils échouent, l'attaque manque automatiquement et son activation se termine.
../TacticsCards/DELAQUE/Darkness Descends.png;Darkness Descends;Delaque Tactics;"Play at the start of any round other than the first,
after rolling for Priority.

At a pre-planned signal, the lights go out and the
battlefield is plunged into darkness. For the
remainder of the battle, the Pitch Black scenario
rules are in effect. During each End phase, your
opponent may roll a d6. On a 6, the Pitch Black
rules are lifted and the lights come back on.";Les ténèbres tombent;Delaque;Jouez au début d’un tour autre que le premier, après avoir lancé le jet Priorité. A un signal programmé à l'avance, les lumières s'éteignent et le Le champ de bataille est plongé dans l'obscurité. Pour le reste de la bataille, le scénario Pitch Black les règles sont en vigueur. Durant chaque phase de fin, votre L'adversaire peut lancer un d6. Sur un 6, le Pitch Black les règles sont levées et les lumières se rallument.
../TacticsCards/DELAQUE/Deceit.png;Deceit;Delaque Tactics;"Play this gang tactic during the Priority phase of
any round, after Roll for Priority, but before
Ready Fighters.

You may immediately reverse the results of the
Priority roll. In other words, you may choose to
take Priority if your opponent won the roll, or
you may choose to give your opponent Priority if
you won the roll.";Tromperie;Delaque;Jouez cette tactique de gang pendant la phase de Priorité de un tour, après le lancer de priorité, mais avant activation des combattants Prêts. Vous pouvez immédiatement annuler les résultats du Rouleau prioritaire. En d'autres termes, vous pouvez choisir de prendre la priorité si votre adversaire a gagné le jet, ou vous pouvez choisir de donner la priorité à votre adversaire si vous avez gagné le rouleau.
../TacticsCards/DELAQUE/Dirt on You.png;Dirt on You;Delaque Tactics;"Play at the start of the game, after both gangs
have been deployed.

Your gang has some information that is making
the Leader of the enemy gang particularly
twitchy. For the duration of the battle, your
opponent's Leader suffers a -1 modifier to any
Cool checks they must make. If your opponent's
leader is not available for this battle, discard this
card.";Dossier compromettant;Delaque;Jouez au début du jeu, après les deux gangs ont été déployés. Votre gang a des informations qui font le chef du gang ennemi en particulier nerveux. Pendant toute la durée de la bataille, votre Le chef de l'adversaire subit un modificateur de -1 à tout Des chèques sympas qu’ils doivent faire. Si celui de votre adversaire le chef n'est pas disponible pour cette bataille, défaussez-le carte.
../TacticsCards/DELAQUE/Disquieting Susurration.png;Disquieting Susurration;Delaque Tactics;"Play this gang tactic when a friendly Delaque
fighter fails their Willpower check to perform
a Wyrd Power action.

You may immediately re-roll the failed
Willpower check. However, you must accept
the result of the second roll, even if it is worse
than the first.";Murmures inquiétants;Delaque;Jouez cette tactique de gang lorsqu'un Delaque allié le combattant échoue à son test de Volonté une action de Pouvoir Wyrd. Vous pouvez immédiatement relancer le jet raté. Vérification de la volonté. Cependant, vous devez accepter le résultat du deuxième lancer, même s'il est pire que le premier.
../TacticsCards/DELAQUE/Distrust.png;| Distrust;Delaque Tactics;"Play this gang tactic at the start of the battle,
after both sides have deployed, but before the
first round. Choose one enemy Ganger or

Juve. For the duration of this battle, fighters
belonging to both gangs treat that fighter as an
enemy fighter. Note that the opposing player still
treats this fighter as part of their crew, activating
them, performing actions and so forth, but in all
other regards the fighter is treated as an enemy
fighter and not as a part of the gang.";Méfiance;Delaque;Jouez cette tactique de gang au début de la bataille, après que les deux camps se soient déployés, mais avant le premier tour. Choisissez un Ganger ennemi ou La Juve. Pendant toute la durée de cette bataille, les combattants appartenant aux deux gangs traitent ce combattant comme un combattant ennemi. Notez que le joueur adverse traite ce combattant comme faisant partie de son équipage, activant eux, accomplissant des actions et ainsi de suite, mais dans tous à part ça, le combattant est traité comme un ennemi combattant et non en tant que membre du gang.
../TacticsCards/DELAQUE/Eyes in the Dark.png;Eyes in the Dark;Delaque Tactics;"Play at the start of any round, after rolling for
Priority.

For the duration of the round, all friendly
fighters are treated as having photo goggles.
Friendly fighters already equipped with photo
goggles may instead ignore cover when making
a Shoot (Basic) action targeting a Standing and
Active enemy fighter. Note that this does not
apply if the action would be (Simple) or
(Double) for any reason.";Des yeux dans le noir;Delaque;Jouez au début d’un tour, après avoir lancé Priorité. Pendant toute la durée du round, tous amicaux les combattants sont traités comme ayant des lunettes photo. Des combattants alliés déjà équipés de photo les lunettes peuvent à la place ignorer la couverture lors de la fabrication une action Tir (Basique) ciblant un Personnage Debout et Combattant ennemi actif. Notez que cela ne signifie pas s'applique si l'action serait (Simple) ou (Double) pour quelque raison que ce soit.
../TacticsCards/DELAQUE/Faceless.png;Faceless;Delaque Tactics;"| Play at the start of any round, after rolling
for Priority.

Choose two of your fighters anywhereon
the board. These fighters swap positions,
even if they are Engaged in melee. Leaders,
Champions, Brutes, Hired Guns, and
Seriously Injured fighters may not be moved
using this card.";Sans visage;Delaque;Jouez au début d’un tour, après avoir lancé pour Priorité. Choisissez deux de vos combattants n'importe où le conseil d'administration. Ces combattants échangent leurs positions, même s'ils sont engagés en mêlée. Dirigeants, Champions, brutes, mercenaires et Les combattants grièvement blessés ne peuvent pas être déplacés en utilisant cette carte.
../TacticsCards/DELAQUE/Faces in the Gloom.png;Faces in the Gloom;Delaque Tactics;"Play this gang tactic when an enemy fighter
performs a Shoot (Basic) action.

Faces loom from the darkness of the underhive,
making the fighter think they are surrounded by
enemies. Apply a -D3 modifier to the fighter's
Hit roll.";Visages dans la pénombre;Delaque;Jouez cette tactique de gang lorsqu'un combattant ennemi effectue une action Tir (Basique). Des visages surgissent des ténèbres du sous-monde, faisant croire au combattant qu'il est entouré de ennemis. Appliquez un modificateur de -D3 au combattant. Frappez le jet.
../TacticsCards/DELAQUE/Friend or Foe_.png;Friend or Foe?;Delaque Tactics;"Play at the start of any round, after rolling for
Priority.

Choose one of your fighters. For the duration of
the round, fighters on the enemy gang may not
target this fighter with any attacks. Additionally,
this fighter may move within 1"" of enemy
fighters, and vice versa. Should this fighter make
any attacks targeting an enemy fighter, this card
immediately expires.";Ami ou ennemi ?;Delaque;"Jouez au début d’un tour, après avoir lancé Priorité. Choisissez un de vos combattants. Pour la durée de le tour, les combattants du gang ennemi ne peuvent pas ciblez ce combattant avec une attaque. De plus, ce combattant peut se déplacer à moins de 1"" de l'ennemi combattants, et vice versa. Ce combattant devrait-il faire toute attaque ciblant un combattant ennemi, cette carte expire immédiatement."
../TacticsCards/DELAQUE/Ghostly.png;Ghostly;Delaque Tactics;"Play this card when activating a fighter.

Tuck this card under the fighter's card.

While it is there, all ranged attacks targeting

this fighter suffer an additional -1 modifier
to the hit roll. In each End phase, roll a D6.
On a 1, the card is discarded.";Fantomatique;Delaque;Jouez cette carte lors de l'activation d'un combattant. Glissez cette carte sous la carte du combattant. Tant qu'il est là, toutes les attaques à distance ciblant ce combattant subit un modificateur supplémentaire de -1 au jet de touche. Dans chaque phase de fin, lancez un D6. Sur un 1, la carte est défaussée.
../TacticsCards/DELAQUE/Labyrinth.png;| Labyrinth;Delaque Tactics;"| Play at the start of the game, after both

gangs have been deployed.

You may immediately move D6 obstacles up
to 3"" in any direction. Alternatively, you

may either add or remove D3 obstacles.";Labyrinthe;Delaque;"Jouez au début du jeu, après les deux des gangs ont été déployés. Vous pouvez immédiatement déplacer les obstacles D6 vers le haut. à 3"" dans une direction. Alternativement, vous peut ajouter ou supprimer des obstacles D3."
../TacticsCards/DELAQUE/Maddening Voices.png;Maddening Voices;Delaque Tactics;"Play this gang tactic when the opposing player
activates one of their fighters.

The activated fighter must immediately make a
Willpower check, applying a -1 modifier for each
of your Delaque fighters that is within 3"" of
them. If this check is failed, the activated fighter
immediately becomes subject to the Insane
condition (as described in the Necromunda
Rulebook).";Voix affolantes;Delaque;"Jouez cette tactique de gang lorsque le joueur adverse active l'un de leurs combattants. Le combattant activé doit immédiatement effectuer un Test de Volonté, appliquant un modificateur de -1 pour chacun de vos combattants Delaque qui se trouve à moins de 3"" de eux. Si ce test échoue, le combattant activé devient immédiatement soumis au fou état (tel que décrit dans le Necromunda Livret de règles)."
../TacticsCards/DELAQUE/Mass Infiltration.png;Mass Infiltration;Delaque Tactics;"| Play this card during deployment.

Choose D3 fighters in your crew. For the
duration of this battle, these fighters gain |
the Infiltrate skill";Infiltration massive;Delaque;Jouez cette carte pendant le déploiement. Choisissez des combattants D3 dans votre équipage. Pour le durée de cette bataille, ces combattants gagnent la compétence Infiltration
../TacticsCards/DELAQUE/Over Here....png;Over Here...;Delaque Tactics;"Play when an enemy model makesa Move |
(Simple) action.

Instead of moving normally, the chosen |
enemy fighter moves D6"" in a direction
chosen by you, stopping if they come into
contact with any terrain. |";Par ici...;Delaque;"Jouez lorsqu'une figurine ennemie effectue un mouvement action (Simple). Au lieu de se déplacer normalement, le le combattant ennemi se déplace de D6"" dans une direction choisis par vous, s'arrêtant s'ils entrent contact avec un terrain."
../TacticsCards/DELAQUE/Perfect Disguises.png;Perfect Disguises;Delaque Tactics;"Play during the pre-battle sequence, during Step
Five: Choose Crews.

If the scenario uses the Random Selection (X)
method for choosing crews, you may add D3 to
the number shown in brackets.";Déguisements parfaits;Delaque;Jouez pendant la séquence pré-bataille, pendant l'étape Cinq : Choisissez les équipages. Si le scénario utilise la sélection aléatoire (X) méthode de choix des équipages, vous pouvez ajouter D3 à le numéro indiqué entre parenthèses.
../TacticsCards/DELAQUE/Shadowfast.png;Shad owfast;Delaque Tactics;"Play this gang tactic when a friendly Delaque
fighter takes an enemy fighter Out of Action with
an attack as part of a Charge (Double) action.

If the fighter is no longer Engaged, they may
immediately make a free Move (Simple) action.
If the fighter is Engaged, they may immediately
make a free Fight (Basic) action instead.";Rapide comme l’ombre;Delaque;Jouez cette tactique de gang lorsqu'un Delaque allié Un combattant met un combattant ennemi hors de combat avec une attaque dans le cadre d’une action Charge (Double). Si le combattant n'est plus Engagé, il peut effectuez immédiatement une action de Déplacement (Simple) gratuite. Si le combattant est Engagé, il peut immédiatement effectuez plutôt une action Combat (Basique) gratuite.
../TacticsCards/DELAQUE/Shape Shifting.png;Shape Shifting;Delaque Tactics;"Play this gang tactic when a friendly Delaque
fighter becomes Seriously Injured.

Immediately remove the Seriously Injured fighter
from the battlefield and replace them with
another member of the gang that is not currently
on the battlefield (i.e., a fighter that is not part of
your starting crew). Do not make a Lasting Injury
roll against the Seriously Injured fighter. Instead,
they go straight into Recovery as if a roll of 31-45,
Grievous Injury, had been made against them.";Métamorphose;Delaque;Jouez cette tactique de gang lorsqu'un Delaque allié le combattant est grièvement blessé. Retirez immédiatement le combattant grièvement blessé. du champ de bataille et les remplacer par un autre membre du gang qui n'est pas actuellement sur le champ de bataille (c'est-à-dire un combattant qui ne fait pas partie votre équipage de départ). Ne faites pas de blessure durable lancez un jet contre le combattant gravement blessé. Au lieu de cela, ils vont directement en récupération comme s'il s'agissait d'un jet de 31-45, Des blessures graves avaient été infligées à eux.
../TacticsCards/DELAQUE/Shifting Shadows.png;Shifting Shadows;Delaque Tactics;"Play this gang tactic when activating a friendly
Delaque fighter.

The activated pphtes may immediately be
removed from the battlefield and replaced
anywhere within 4"" of its previous location.";Ombres changeantes;Delaque;"Jouez cette tactique de gang lors de l'activation d'un combattant allié Delaque. Les pages activées peuvent être immédiatement retiré du champ de bataille et remplacé n'importe où à moins de 4"" de son emplacement précédent."
../TacticsCards/DELAQUE/Shooting at Shadows.png;Shooting at Shadows;Delaque Tactics;"Play this gang tactic when a friendly Delaque
fighter is hit by an enemy ranged attack.

Roll a D6. On a 2+, the hit has no effect against
the chosen fighter. On a 1, they are affected as
normal but this gang tactic is not discarded.";Tirer dans les ombres;Delaque;Jouez cette tactique de gang lorsqu'un Delaque allié le combattant est touché par une attaque à distance ennemie. Lancez un D6. Sur 2+, le coup n'a aucun effet contre le combattant choisi. Sur 1, ils sont affectés comme normal mais cette tactique de gang n’est pas écartée.
../TacticsCards/DELAQUE/Sightblind Traps.png;Sightblind Traps;Delaque Tactics;"Play this gang tactic instead of activating a fighter
Place a Sightblind trap marker anywhere within
2"" of one of your fighters. When triggered roll

a D6, on a 4+ it is a Real Trap as detailed in the
rules for Hidden Traps.";Pièges aveuglants;Delaque;"Jouez cette tactique de gang au lieu d'activer un combattant Placez un marqueur de piège pour les aveugles n'importe où à l'intérieur 2"" d'un de vos combattants. Lorsqu'il est déclenché, lancez un jet un D6, sur un 4+ c'est un vrai piège comme détaillé dans le règles pour les pièges cachés."
../TacticsCards/DELAQUE/Snakes in the Dark.png;Snakes in the Dark;Delaque Tactics;"Play this gang tactic at the start of the
Deployment step of the pre-battle sequence,
before any fighters have been deployed. If the
scenario requires you to deploy your gang first,
you may redeploy any number of your fighters
after your opponent has deployed their gang.

In other words, you may remove any number of
your fighters from the battlefield and deploy
them again. Redeployed fighters must follow the
deployment rules as determined by the scenario.";Serpents dans le noir;Delaque;Jouez cette tactique de gang au début du Étape de déploiement de la séquence pré-bataille, avant que des combattants aient été déployés. Si le le scénario vous oblige à déployer votre gang en premier, vous pouvez redéployer un nombre de vos combattants après que votre adversaire a déployé son gang. En d'autres termes, vous pouvez supprimer un nombre de vos combattants du champ de bataille et déployez-les eux encore. Les combattants redéployés doivent suivre les règles de déploiement déterminées par le scénario.
../TacticsCards/DELAQUE/Vanish.png;Vanish;Delaque Tactics;"| Play during any End phase, immediately
after failing a Bottle test.

Remove all friendly models from the board, |
even if they are Engaged in melee. The game
then ends.";Disparaître;Delaque;Jouez pendant une phase de Fin, immédiatement après avoir échoué à un test de bouteille. Supprimez toutes les figurines amies du plateau, même s'ils sont engagés en mêlée. Le jeu puis se termine.
../TacticsCards/DELAQUE/Web Traps.png;Web Traps;Delaque Tactics;"Play this gang tactic instead of activating a fighter
Place a Web trap marker anywhere within 2"" of
one of your penters: When triggered roll a D6,
on a 4+ it is a Real Trap as detailed in the rules
for Hidden Traps.";Pièges à toile;Delaque;"Jouez cette tactique de gang au lieu d'activer un combattant Placez un marqueur de piège Web n'importe où à moins de 2"" de l'un de vos penters : Lorsqu'il est déclenché, lancez un D6, sur 4+ c'est un Vrai Piège comme détaillé dans les règles pour les pièges cachés."
../TacticsCards/DELAQUE/Whispered Threats.png;Whispered Threats;Delaque Tactics;"Play this gang tactic when the enemy gang makes
its first Bottle test of the battle.

The enemy player must make this Bottle test on
21D6, rather than the usual D6.";Menaces chuchotées;Delaque;Jouez cette tactique de gang lorsque le gang ennemi fait son premier test de bouteille de la bataille. Le joueur ennemi doit faire ce test de Bouteille sur 21D6, plutôt que le D6 habituel.
../TacticsCards/DELAQUE/Whisperer.png;Whisperer;Delaque Tactics;"Play this gang tactic at the start of the battle,
after both sides have deployed, but before

the first round.

Choose a friendly Delaque fighter in your
starting crew. Until the end of this battle, that
fighter gains the Psychoteric Mastery and Non-
Sanctioned es special rules and knows one
Psychoteric Whisper of your choice. This does
not affect their Credits cost.";Chuchoteur;Delaque;Jouez cette tactique de gang au début de la bataille, après que les deux camps se soient déployés, mais avant le premier tour. Choisissez un combattant Delaque allié dans votre équipage de départ. Jusqu'à la fin de cette bataille, cela Le combattant acquiert la maîtrise psychotérique et le non- Sanctionné avec des règles spéciales et en connaît un Murmure psychotérique de votre choix. Cela fait n’affecte pas le coût de leurs crédits.
../TacticsCards/ENFORCERS/Ankle Holster.png;Ankle Holster;Enforcers Tactics;"Play this card when activating a fighter.

Tuck this card under the fighter's card. While it
is there, the fighter may use their stub gun to
make Shoot (Simple) actions as well as or in
place of making Shoot (Basic) actions with

any other ranged weapon. If the Ammo symbol
is rolled on the Firepower dice, the card is
discarded.";Étui de cheville;Enforcers;Jouez cette carte lors de l'activation d'un combattant. Glissez cette carte sous la carte du combattant. Pendant qu'il est là, le combattant peut utiliser son pistolet pour faire des actions de tir (simples) ainsi que ou dans lieu de réalisation d'actions Shoot (Basic) avec toute autre arme à distance. Si le symbole Munitions est lancé sur les dés de puissance de feu, la carte est rejeté.
../TacticsCards/ENFORCERS/Appropriate Force.png;Appropriate Force;Enforcers Tactics;"Play this card when activating a fighter.

If this fighter makes a Fight (Basic) action, they
gain one additional attack. This attack must be
made with a weapon with the Melee trait and
cannot be made with a weapon with the Sidearm
trait. Roll for this attack separately and, if it hits,
is resolved at +1 Damage.";Force appropriée;Enforcers;Jouez cette carte lors de l'activation d'un combattant. Si ce combattant effectue une action Combat (Basique), il gagnez une attaque supplémentaire. Cette attaque doit être fabriqué avec une arme avec le trait Mêlée et ne peut pas être fabriqué avec une arme avec l'arme de poing trait. Lancez les dés pour cette attaque séparément et, si elle réussit, est résolu à +1 Dégâts.
../TacticsCards/ENFORCERS/Big Red Key.png;Big Red Key;Enforcers Tactics;"Play at the start of any round. |
For the duration of this round, any Force |
Door (Basic) actions taken by friendly |
fighters automatically succeed.";Grosse clé rouge;Enforcers;Jouez au début d’un tour. Pendant la durée de ce tour, une Force Actions de porte (de base) prises par un ami les combattants réussissent automatiquement.
../TacticsCards/ENFORCERS/Crackdown.png;| Crackdown;Enforcers Tactics;"| Play at the start of any round.

Untul the End phase of this round, all
weapons with the Melee trait used by |
friendly fighters gain the Concussion trait.";Répression;Enforcers;Jouez au début d’un tour. Jusqu'à la phase de Fin de ce tour, tous armes avec le trait Mêlée utilisées par les combattants alliés acquièrent le trait Commotion cérébrale.
../TacticsCards/ENFORCERS/Don_t Trip.png;Don't Trip!;Enforcers Tactics;"Play this card when an enemy fighter that has
used a Move (Simple) action to climb finishes
the action.

The enemy fighter must immediately pass an
Initiative check. If they fail, they will fall and are
placed back where they started. If the enemy
fighter climbed pane a ladder or stairs, they gain
a+2 modifier to the Initiative check.";Ne trébuchez pas !;Enforcers;Jouez cette carte lorsqu'un combattant ennemi qui a utilisé une action de déplacement (simple) pour gravir les arrivées l'action. Le combattant ennemi doit immédiatement passer un Contrôle d'initiative. S'ils échouent, ils tomberont et seront replacés là où ils ont commencé. Si l'ennemi Le combattant a grimpé par une échelle ou un escalier, il gagne un modificateur de +2 au test d’Initiative.
../TacticsCards/ENFORCERS/Excellent Reconnaissance.png;Excellent Reconnaissance;Enforcers Tactics;"| Play this card at the start of the Deployment
step of the Pre-battle sequence, before any
fighters have been deployed.

For the duration of this battle, one Palanite
fighter of your choice (1.e., a fighter that is
not a Subjugator) gains the Infiltrate skill.";Reconnaissance excellente;Enforcers;Jouez cette carte au début du déploiement étape de la séquence pré-combat, avant tout des combattants ont été déployés. Pendant toute la durée de cette bataille, un Palanite combattant de votre choix (1.e., un combattant qui est pas un Subjugator) acquiert la compétence Infiltration.
../TacticsCards/ENFORCERS/Extra Vest.png;Extra Vest;Enforcers Tactics;"| Play this card immediately after a fighter |
fails a save roll.

Roll a D6. On the roll of a 6, the save rollis |
passed. On any other result, the failed save
roll stands.";Gilet supplémentaire;Enforcers;Jouez cette carte immédiatement après un combattant échoue à un jet de sauvegarde. Lancez un D6. Sur le résultat d'un 6, le jet de sauvegarde est passé. Sur tout autre résultat, la sauvegarde a échoué supports à rouleaux.
../TacticsCards/ENFORCERS/Informant.png;, Informant;Enforcers Tactics;"| Play during the pre-battle sequence, during
Step 8. Deployment.

Nominate one fighter from your opponent's |
starting crew. You may remove this fighter
and redeploy them as you wish, following
the normal deployment rules for the scenario
being played.";Informateur;Enforcers;Jouez pendant la séquence d'avant-bataille, pendant Étape 8. Déploiement. Nommez un combattant parmi les équipage de départ. Vous pouvez supprimer ce combattant et redéployez-les à votre guise, en suivant les règles de déploiement normales pour le scénario étant joué.
../TacticsCards/ENFORCERS/Jaded Veteran.png;Jaded Veteran;Enforcers Tactics;"| Play this card at the start of the Deployment
step of the pre-battle sequence, before any
fighters have been deployed.

For the duration of this battle, one fighter of
your choice cannot be subject to the Broken
condition.";Vétéran blasé;Enforcers;Jouez cette carte au début du déploiement étape de la séquence pré-bataille, avant tout des combattants ont été déployés. Pendant toute la durée de cette bataille, un combattant de votre choix ne peut pas être soumis au Brisé état.
../TacticsCards/ENFORCERS/Lockdown.png;| Lockdown;Enforcers Tactics;"Play at the start of any round.

Every open door on the board that does not have
a door terminal closes. Every closed door on the
board that does not have a door terminal
becomes locked and can only be opened with
force, either by targeting them with attacks or by
performing a Force Door (Basic) action against
them.

Doors with terminals are unaffected by this card.";Confinement;Enforcers;Jouez au début d’un tour. Chaque porte ouverte sur le plateau qui n'a pas un terminal de porte se ferme. Chaque porte fermée sur le carte qui n'a pas de terminal de porte se verrouille et ne peut être ouvert qu'avec force, soit en les ciblant avec des attaques, soit en effectuer une action Forcer la porte (de base) contre eux. Les portes avec terminaux ne sont pas concernées par cette carte.
../TacticsCards/ENFORCERS/Shock and Awe.png;Shock and Awe;Enforcers Tactics;"Play at the start of any round. |
For the duration of this round, D3+1 |
fighters of the controlling player's choice |
gain the Fearsome skill.";Choc et crainte;Enforcers;Jouez au début d’un tour. Pour la durée de ce tour, D3+1 combattants au choix du joueur qui contrôle obtenez la compétence Redoutable.
../TacticsCards/ENFORCERS/Stop and Search.png;Stop and Search;Enforcers Tactics;"| Play immediately after a fighter in your gang
performs a Coup de Grace (Simple) or
Restrain (Simple) action.

The Enforcer rifles through the pockets of
their victim. Immediately add D6x10 credits
to the gang's Stash.";Contrôle et fouille;Enforcers;Jouez immédiatement après un combattant de votre gang effectue un Coup de Grâce (Simple) ou Restreindre l’action (Simple). L'Enforcer fouille dans les poches de leur victime. Ajoutez immédiatement des crédits D6x10 à la cachette du gang.
../TacticsCards/ESCHER/A New Strain.png;A New Strain;Escher Tactics;"Play immediately before rolling to wound |
with a Gas weapon.

Add 2 to the result of the dice roll to |
determine whether the target succumbs to
the gas.";Une nouvelle souche;Escher;Jouez immédiatement avant de lancer pour blesser avec une arme à gaz. Ajoutez 2 au résultat du lancer de dés à déterminer si la cible succombe à le gaz.
../TacticsCards/ESCHER/Blade Traps.png;Blade Traps;Escher Tactics;"Play this gang tactic instead of activating

a fighter.

Place a Blade Cage marker anywhere within |

2"" of one of your fighters. When triggered, |

roll a D6. On a 4+, it is a Real Trap as |

detailed in the rules for Hidden Trapson
page 100 of House of Blades.";Pièges à lames;Escher;"Jouez cette tactique de gang au lieu d'activer un combattant. Placez un marqueur Blade Cage n’importe où dans 2"" d'un de vos combattants. Lorsqu'il est déclenché, lancez un D6. Sur 4+, c'est un vrai piège car détaillé dans les règles de Hidden Trapson page 100 de la Maison des Lames."
../TacticsCards/ESCHER/Chemical Reign.png;Chemical Reign;Escher Tactics;"Play this gang tactic when activating a fighter.
The active fighter can choose to apply a single
Chem-alchemy effect to one of their weapons
that has either the Gas and /or Toxin traits.";Règne chimique;Escher;Jouez cette tactique de gang lors de l'activation d'un combattant. Le combattant actif peut choisir d'appliquer un seul Effet chimio-alchimique sur l'une de ses armes qui possède soit les traits Gaz et/ou Toxine.
../TacticsCards/ESCHER/Counter-Charge.png;Counter-Charge;Escher Tactics;"Play this card when an enemy fighter makes a
Charge action, after they move but before they
make their attacks.

Pick a Readied fighter from your gang. They can
make a Standard Move (adding D3"" to the
distance they can move, as though they were
charging) towards the enemy fighter who
charged. The counter-charging fighter cannot
make any attacks, but they can make Reaction
attacks and grant assists /interference as normal.";Contre-charge;Escher;"Jouez cette carte lorsqu'un combattant ennemi fait un action de Charge, après leur déplacement mais avant qu'ils lancer ses attaques. Choisissez un combattant Readyed dans votre gang. Ils peuvent effectuer un mouvement standard (en ajoutant D3"" au distance qu'ils peuvent parcourir, comme s'ils étaient chargeant) vers le combattant ennemi qui chargé. Le combattant qui contre-charge ne peut pas faire des attaques, mais ils peuvent faire une réaction attaque et accorde des aides/interférences comme d’habitude."
../TacticsCards/ESCHER/Dance of Death.png;Dance of Death;Escher Tactics;"Play this gang tactic at the start of the
Action phase.

For the duration of the round, all friendly
Escher fighters gain the Acrobatic skill.";Danse de la mort;Escher;Jouez cette tactique de gang au début du Phase d'action. Pendant toute la durée du round, tous amicaux Les combattants Escher acquièrent la compétence Acrobatique.
../TacticsCards/ESCHER/Death and the Maiden.png;Death and the Maiden;Escher Tactics;"Play this gang tactic when a friendly fighter |
suffers a Memorable Death result on the
Lasting Injury table. |
Roll 2D6. If the result is equal to or lower
than the fighter's Toughness

characteristic, add a Death- maiden to your
gang. The new Death-maiden comes with |
no advancements or equipment. |";La mort et la jeune fille;Escher;Jouez cette tactique de gang lorsqu'un combattant allié subit un résultat de Mort Mémorable sur le tableau des Blessures Durables. Lancez 2D6. Si le résultat est égal ou inférieur que la robustesse du combattant caractéristique, ajoutez une Fille de la Mort à votre bande. La nouvelle Death-maiden est livrée avec aucun avancement ni équipement.
../TacticsCards/ESCHER/Free Fall.png;Free Fall;Escher Tactics;"Play this gang tactic at the start of |
the battle, after both sides have deployed, |
but before the first round.
For the duration of the game, fighters in |
your crew gain the Catfall skill. |";Chute libre;Escher;Jouez cette tactique de gang au début de la bataille, une fois les deux camps déployés, mais avant le premier tour. Pendant toute la durée du jeu, les combattants de votre équipage acquiert la compétence Catfall.
../TacticsCards/ESCHER/Gas Trap.png;Gas Trap;Escher Tactics;"Play this at the start of the battle when setting up
your gang. Pick any of your fighters to carry the
trap, and put this card under their card. Once
during the game, the fighter, as long as they are
Active, can Set Gas Trap (Double) - Place a Gas
Trap marker within 1"" of the fighter. Then they
can move up to D6"". If the fighter goes Out of
Action before making this action, roll a D6. On a
1, the trap triggered (centred on the fighter's base)
On a 2-3, place a Gas Trap marker where the
fighter stood. On a 4+, discard this card.";Piège à gaz;Escher;"Jouez ceci au début de la bataille lors de la mise en place votre gang. Choisissez l'un de vos combattants pour porter le piège et placez cette carte sous sa carte. Une fois pendant le jeu, le combattant, tant qu'il est Actif, peut définir un piège à gaz (double) - Placer un gaz Marqueur Piège à 1"" ou moins du combattant. Ensuite, il peut avancer jusqu'à D6"". Si le combattant sort de Action Avant d'effectuer cette action, lancez 1D6. Sur un 1, le piège déclenché (centré sur le socle du combattant) Sur 2-3, placez un marqueur Piège à Gaz à l'endroit où se trouve le le combattant se leva. Sur 4+, défaussez cette carte."
../TacticsCards/ESCHER/Gifts of the Matron.png;Gifts of the Matron;Escher Tactics;"Play this gang tactic when activating

a fighter.

The fighter can choose to apply a single
Chem-alchemy Stimm effect to themselves.";Dons de la Matrone;Escher;Jouez cette tactique de gang lors de l'activation un combattant. Le combattant peut choisir d'appliquer un seul Effet Stimm chimio-alchimique sur eux-mêmes.
../TacticsCards/ESCHER/Hit and Run.png;Hit and Run;Escher Tactics;"Play this gang tactic at the start of the End
phase.

Choose three of your fighters. These
fighters may make a free Move (Simple)
action or a Retreat (Basic) action.";Frappe et fuite;Escher;Jouez cette tactique de gang au début de la Fin phase. Choisissez trois de vos combattants. Ces les combattants peuvent effectuer un mouvement gratuit (simple) ou une action Retraite (Basique).
../TacticsCards/ESCHER/Kill Count.png;Kill Count;Escher Tactics;"Play this tactic at the start of the Action phase.
Choose a number between | and 6. If this
number of enemy fighters are Seriously Injured
or taken OOA as a result of attacks made by your
fighters this round (fighters fleeing the battle as
a result of failing a Bottle test don't count) then
your gang’s Leader earns XP equal to the number
chosen if she's part of your crew for this battle.
If your crew doesn't include a fighter with the
Leader (Escher) special rule, you may discard
this gang tactic and select another.";Décompte des victimes;Escher;Jouez cette tactique au début de la phase d'action. Choisissez un numéro entre et 6. Si cela nombre de combattants ennemis sont grièvement blessés ou mis Hors de combat à la suite d'attaques lancées par votre combattants ce tour (combattants fuyant la bataille comme le résultat d'un échec à un test de bouteille ne compte pas), alors le chef de votre gang gagne un XP égal au nombre choisie si elle fait partie de votre équipage pour cette bataille. Si votre équipage ne comprend pas de chasseur avec le Règle spéciale du Leader (Escher), vous pouvez vous défausser cette tactique de gang et en choisir une autre.
../TacticsCards/ESCHER/Mistress of Death.png;Mistress of Death;Escher Tactics;"Play this gang tactic when a friendly |
Death-maiden takes an enemy fighter Out
of Action. |
The Death-maiden's activation immediately
ends, but she immediately becomes |
Standing and Active, and can be activated _
again this round.";Maîtresse de la mort;Escher;Jouez cette tactique de gang lors d'un match amical La jeune fille de la mort élimine un combattant ennemi d’Action. L'activation immédiate de la Fille de la Mort se termine, mais elle devient immédiatement Debout et Actif, et peut être activé _ encore ce tour.
../TacticsCards/ESCHER/Not so Easy....png;Not so Easy...;Escher Tactics;"| Play at the start of any round after the
opposing gang has bottled out.

When making Nerve tests for opposing |
fighters to see if they flee, subtract 2 from
the result if they are within 3"" of a fighter
from this gang.";Pas si facile...;Escher;"Jouez au début d’un tour après le le gang adverse s'est embouteillé. Lors des tests nerveux pour s'opposer combattants pour voir s'ils fuient, soustrayez 2 de le résultat s'ils sont à moins de 3"" d'un combattant de ce gang."
../TacticsCards/ESCHER/Predatory Phyrr.png;Predatory Phyrr;Escher Tactics;"Play this gang tactic of the Action phase.
For the duration of the round, enemy
fighters become subject to the Horrors in
the Dark special rule as detailed in the
Necromunda Rulebook.";Phyrr prédateur;Escher;Jouez cette tactique de gang de la phase Action. Pendant toute la durée du round, l'ennemi les combattants deviennent sujets aux Horreurs dans la règle spéciale Ténèbres comme détaillée dans le Livre de règles de Necromunda.
../TacticsCards/ESCHER/Put Them Down!.png;Put Them Down!;Escher Tactics;"| Play at the end of any Action phase.

Any Seriously Injured enemy fighters that
are within 2” of an Active fighter from this _
gang are immediately taken Out of Action.";Abattez-les !;Escher;"Jouez à la fin de une phase d’Action. Tout combattant ennemi gravement blessé qui sont à moins de 2"" d'un combattant actif de ce _ le gang est immédiatement mis hors de combat."
../TacticsCards/ESCHER/Queen of the Hive.png;Queen of the Hive;Escher Tactics;"Play this gang tactic at the start of the Action
phase. For the duration of this round, enemy
fighters must pass a Willpower check if they wish
to target a fighter in your crew with the Leader
(Escher) special rule with a Shoot or Fight (Basic)
action. If this check is failed they may choose

a different target, ignoring the fighter with the
Leader (E.) special rule for the purposes of the
Target Priority rule. If your crew doesn't

include a fighter with the Leader (E.) special
rule, you may discard this tactic and select anothe!";Reine de la Ruche;Escher;Jouez cette tactique de gang au début de l'action phase. Pendant toute la durée de ce tour, l'ennemi les combattants doivent réussir un test de Volonté s'ils le souhaitent cibler un combattant de votre équipage avec le Leader (Escher) règle spéciale avec un Tir ou un Combat (Basique) actions. Si cette vérification échoue, ils peuvent choisir une cible différente, ignorant le combattant avec le Règle spéciale Leader (E.) aux fins de la Règle de priorité cible. Si votre équipage ne le fait pas inclure un combattant avec le spécial Leader (E.) En règle générale, vous pouvez abandonner cette tactique et en sélectionner une autre !
../TacticsCards/ESCHER/Rain of Blades.png;Rain of Blades;Escher Tactics;"| 1
Play this gang tactic when activating |
_a fighter. |
|The fighter can immediately make a Charge |
(Double) action. This charge is a free action
-and does not count against their normal |
allotment of actions this activation.
|

|";Pluie de lames;Escher;1 Jouez cette tactique de gang lors de l'activation _un combattant. Le combattant peut immédiatement effectuer une Charge (Double)action. Cette charge est une action gratuite -et ne compte pas dans leur normale attribution d'actions cette activation.
../TacticsCards/ESCHER/Running Battle.png;Running Battle;Escher Tactics;"Play this gang tactic when activating a fighter.
The active fighter may make a Run and Gun
(Double) action as if they had the Hip Shooting
skill. If the fighter is part of a Group Activation
then all fighters involved in the Group Activation
may make a Run and Gun (Double) action.";Combat mobile;Escher;Jouez cette tactique de gang lors de l'activation d'un combattant. Le combattant actif peut effectuer un Run and Gun (Double) action comme s'ils avaient le Hip Shooting compétence. Si le combattant fait partie d'une activation de groupe puis tous les combattants impliqués dans l'activation du groupe peut effectuer une action Run and Gun (Double).
../TacticsCards/ESCHER/Scrag.png;Scrag;Escher Tactics;"| Play this card after one of your fighters puts
an enemy out of action in close combat.
Enemy fighters must make a Nerve testif
they are within 9"" rather than 3"" (they must
still be visible). In addition, subtract 2 from
the result of any Nerve tests made for
fighters within 3"".";Buter;Escher;"Jouez cette carte après qu'un de vos combattants ait mis un ennemi hors de combat au corps à corps. Les combattants ennemis doivent faire un témoignage Nerve ils sont à moins de 9"" plutôt que de 3"" (ils doivent être toujours visible). De plus, soustrayez 2 de le résultat de tout test nerveux effectué pour combattants à moins de 3""."
../TacticsCards/ESCHER/Search and Scrag.png;Search and Scrag;Escher Tactics;"Play this gang tactic when an enemy fighter fails
a Nerve test.

After the enemy fighter has completed their Run
for Cover (Double) action, any of your fighters
within 12"" of them may make a Move (Simple)
action. They must end this free move closer to
the Broken fighter.";Trouver et buter;Escher;"Jouez cette tactique de gang lorsqu'un combattant ennemi échoue un test nerveux. Une fois que le combattant ennemi a terminé sa course pour l'action Couverture (Double), n'importe lequel de vos combattants à moins de 12"" d'eux peut effectuer un mouvement (simple) actions. Ils doivent mettre un terme à ce libre rapprochement le combattant brisé."
../TacticsCards/ESCHER/Shivver Prophesy.png;Shivver Prophesy;Escher Tactics;"Play this gang tactic at the start of the End |
phase.

Roll 2D6. If the result is equal to orlower |
than the current game round, play one more
full round. The game then ends and victory
conditions and rewards are worked out as
normal. |";Prophétie Shivver;Escher;Jouez cette tactique de gang au début de la Fin phase. Lancez 2D6. Si le résultat est égal ou inférieur que le tour de jeu en cours, jouez un de plus tour complet. Le jeu se termine alors et la victoire les conditions et les récompenses sont élaborées comme normal.
../TacticsCards/ESCHER/Side by Side.png;Side by Side;Escher Tactics;"Play instead of activating a fighter. |
Untul the end of this round, any assists that |
are granted by fighters from this gang grant |
a +2 bonus to the hit roll (instead of +1).";Côte à côte;Escher;Jouez au lieu d'activer un combattant. Jusqu'à la fin de ce tour, toutes les passes décisives sont accordées par les combattants de cette subvention de gang un bonus de +2 au jet de touche (au lieu de +1).
../TacticsCards/ESCHER/Siren Howls.png;Siren Howls;Escher Tactics;"| Play at the start of any End phase.

Untul the start of the next End phase, add 1
to the result of any Bottle tests made for the |
enemy gang. In addition, Broken enemy
fighters cannot rally.";La sirène hurle;Escher;Jouez au début de une phase de Fin. Jusqu'au début de la prochaine phase de fin, ajoutez 1 au résultat de tous les tests de bouteilles effectués pour le bande ennemie. De plus, Ennemi brisé les combattants ne peuvent pas se rallier.
../TacticsCards/ESCHER/Sisterhood of Violence.png;Sisterhood of Violence;Escher Tactics;"Play this gang tactic when an enemy fighter |
is taken Out of Action as a result of an
attack made by a friendly fighter. |
After completing the current fighter's
activation, immediately activate a friendly
fighter within 12"" of the fighter who just
activated. |";Sororité de la violence;Escher;"Jouez cette tactique de gang lorsqu'un combattant ennemi est mis Hors de combat à la suite d'un attaque effectuée par un combattant allié. Après avoir terminé le cours de combattant actuel activation, activez immédiatement un combattant allié à moins de 12"" du combattant qui vient de activé."
../TacticsCards/ESCHER/Stealthy Advance.png;Stealthy Advance;Escher Tactics;"| Play this card after both gangs have been
set up at the start of the battle, before the
first round begins.

Up to half of the fighters in your crew
(rounding up) can immediately make a
Standard Move.";Progression furtive;Escher;Jouez cette carte une fois que les deux gangs ont été mis en place au début de la bataille, avant le le premier tour commence. Jusqu'à la moitié des combattants de votre équipage (arrondir) peut immédiatement faire un Mouvement standard.
../TacticsCards/ESCHER/Swift Redeployment.png;Swift Redeployment;Escher Tactics;"| Play this card instead of activating a fighter.
Roll a D3. All of your fighters can
immediately move that many inches, even if |
they have already been activated this round.";Redéploiement rapide;Escher;Jouez cette carte au lieu d'activer un combattant. Lancez un D3. Tous vos combattants peuvent déplacez immédiatement autant de centimètres, même si ils ont déjà été activés ce tour-ci.
../TacticsCards/ESCHER/Three-Point Landing.png;Three-Point Landing;Escher Tactics;"Sector Mechanicus only. |
Play when a fighter falls. |
The fighter is not Pinned by the fall and
does not suffer a hit. If they still have any
actions to take, they can take them. |";Atterrissage en trois points;Escher;Secteur Mechanicus uniquement. Jouez quand un combattant tombe. Le combattant n'est pas coincé par la chute et ne subit pas de coup. S'ils en ont encore actions à entreprendre, ils peuvent les entreprendre.
../TacticsCards/ESCHER/Tunnel Runners.png;Tunnel Runners;Escher Tactics;"Zone Mortalis only. |
Play at the start of any round. |
For the duration of the round, all friendly
fighters can move through pitfalls and
ductways as though they were clear terrain. |
They cannot end their turn on them. |";Coureurs de tunnels;Escher;Zone Mortalis uniquement. Jouez au début d’un tour. Pendant toute la durée du round, tous amicaux les combattants peuvent traverser des pièges et conduits comme s'il s'agissait d'un terrain dégagé. Ils ne peuvent pas mettre fin à leur tour contre eux.
../TacticsCards/ESCHER/Ultra-Violence.png;Ultra-Violence;Escher Tactics;"| Play instead of activating a fighter.

For the remainder of the round, all weapons
with the Melee trait gain Parry - if they did
not already have it - and increase their AP

by -1.";Ultra-violence;Escher;Jouez au lieu d'activer un combattant. Pour le reste du round, toutes les armes avec le trait Mêlée, gagnez la parade - s'ils l'ont fait ne l'ont pas déjà - et augmentent leur AP par -1.
../TacticsCards/ESCHER/Unexpected Help.png;Unexpected Help;Escher Tactics;"Play this gang tactic at the start of the End |
phase.
Choose a fighter in your gang who was not |
included as part of your crew for this |
scenario. This fighter immediately arrives |
using the rules for Reinforcements.";Aide inattendue;Escher;Jouez cette tactique de gang au début de la Fin phase. Choisissez un combattant dans votre gang qui ne l'était pas inclus dans votre équipage pour cela scénario. Ce combattant arrive immédiatement en utilisant les règles des renforts.
../TacticsCards/ESCHER/Wyld Hunt.png;Wyld Hunt;Escher Tactics;"Play this tactic at the start of the Deployment step
of the pre-battle sequence, before any fighters
have been deployed. Your gang may immediately
recruit a Wyld Runner and two Phelynx. These
fighters are recruited for free but will leave

the gang at the end of this battle. Wyld Runner

is armed with a whip and thr. knives. These are
not counted towards your max. crew size - they're
taken in addition to your starting crew. If you do
not have models to represent them, you may
discard this gang tactic and select another.";Chasse sauvage;Escher;Jouez cette tactique au début de l'étape de déploiement de la séquence pré-bataille, avant tout combattant ont été déployés. Votre gang peut immédiatement recrutez un Wyld Runner et deux Phelynx. Ces les combattants sont recrutés gratuitement mais partiront le gang à la fin de cette bataille. Coureur sauvage est armé d'un fouet et d'un thr. couteaux. Ce sont ne compte pas dans votre maximum. taille de l'équipage - ils sont recrutés en plus de votre équipage de départ. Si tu fais pas de modèles pour les représenter, vous pouvez abandonnez cette tactique de gang et sélectionnez-en une autre.
../TacticsCards/ESCHER VEHICLES/Ash Waste Hitchhiker.png;Ash Waste Hitchhiker;Escher Vehicle Tactics;"Play this gang tactic when a friendly fighter has
failed an Initiative check to jump onto or off

a vehicle.

The Initiative check can be re-rolled.";Auto-stoppeur des Désolations Cendrées;Véhicules Escher;Jouez cette tactique de gang lorsqu'un combattant allié a vous avez échoué à un test d’Initiative pour sauter sur ou hors un véhicule. Le test d’Initiative peut être relancé.
../TacticsCards/ESCHER VEHICLES/Biker Bounty.png;Biker Bounty;Escher Vehicle Tactics;"Play this gang tactic during the post-battle
sequence when receiving scenario rewards.

Add D3x5 credits to your oe Stash for each
enemy fighter subject to the Mounted condition
taken Out of Action during this battle.";Prime de motard;Véhicules Escher;Jouez cette tactique de gang pendant l'après-bataille séquence lors de la réception des récompenses du scénario. Ajoutez des crédits D3x5 à votre réserve d'origine pour chacun chasseur ennemi soumis à la condition Monté mis hors de combat au cours de cette bataille.
../TacticsCards/ESCHER VEHICLES/Chem Exhausts.png;Chem Exhausts;Escher Vehicle Tactics;"Play this gang tactic when activating a friendly
Mobile vehicle before performing any actions.
Once the vehicle's activation has finished, any
fighters that were within 1"" of the vehicle at
any point during its activation suffer

an automatic hit as if they were hit by a weapon
with the Toxin and Gas traits.";Échappements chimiques;Véhicules Escher;"Jouez cette tactique de gang lors de l'activation d'un ami Véhicule mobile avant d'effectuer toute action. Une fois l'activation du véhicule terminée, tout combattants qui se trouvaient à moins de 1"" du véhicule à un moment pendant son activation souffre un coup automatique comme s'ils étaient touchés par une arme avec les traits Toxine et Gaz."
../TacticsCards/ESCHER VEHICLES/Chemical Fuel Wizardry.png;Chemical Fuel Wizardry;Escher Vehicle Tactics;"Play this gang tactic at the beginning of the battle
before the first roll for Initiative.

For the duration of the battle, a friendly vehicle
increases its Movement characteristic by 2"". In
addition, at the end of each of its activations roll
a D6; on a roll of 1 the vehicle loses 1 Hull Point.";Sorcellerie du carburant chimique;Véhicules Escher;"Jouez cette tactique de gang au début de la bataille avant le premier jet d’Initiative. Pendant toute la durée de la bataille, un véhicule allié augmente sa caractéristique de Mouvement de 2"". de plus, à la fin de chacune de ses activations lancez un D6 ; sur un résultat de 1, le véhicule perd 1 point de coque."
../TacticsCards/ESCHER VEHICLES/Corrosive Gas.png;Corrosive Gas;Escher Vehicle Tactics;"Play this gang tactic at the beginning of the battle
before the first roll for Initiative.

For the duration of the battle, D3 weapons with
the Gas trait add 1 to any rolls to damage vehicles";Gaz corrosif;Véhicules Escher;Jouez cette tactique de gang au début de la bataille avant le premier jet d’Initiative. Pendant toute la durée de la bataille, les armes D3 avec le trait Gaz ajoute 1 à tous les jets pour endommager les véhicules
../TacticsCards/ESCHER VEHICLES/Death or Glory.png;Death or Glory;Escher Vehicle Tactics;"Play this gang tactic when a friendly Standing
and Active fighter is moved as a result of a
vehicle impact, before making an Initiative check
to dodge.

The fighter may immediately make a single

close combat attack against the vehicle. They
automatically fail the Initiative check to dodge
unless the vehicle is Wrecked as a result of this
attack.";Mort ou gloire;Véhicules Escher;Jouez cette tactique de gang lorsqu'un statut amical et le combattant actif est déplacé suite à un impact du véhicule, avant d'effectuer un contrôle d'Initiative esquiver. Le combattant peut immédiatement faire un seul attaque de combat rapproché contre le véhicule. Ils échoue automatiquement au test d’Initiative pour esquiver sauf si le véhicule est détruit à la suite de cela attaque.
../TacticsCards/ESCHER VEHICLES/Full Throttle!.png;| Full Throttle!;Escher Vehicle Tactics;"Play this tactic card during the Action phase
instead of activating a model.

A friendly vehicle that does not have a Ready
marker may immediately activate. During this
activation the vehicle may only perform one
action and it must be a Move (Simple) action.
After the vehicle has finished its activation, make
a Loss of Control test for the vehicle.";Plein gaz !;Véhicules Escher;Jouez cette carte tactique pendant la phase d'action au lieu d'activer un modèle. Un véhicule sympathique qui n'a pas de Ready Le marqueur peut s’activer immédiatement. Pendant ce temps activation, le véhicule ne peut effectuer qu'une seule et il doit s'agir d'une action de déplacement (simple). Une fois que le véhicule a terminé son activation, effectuez un test de perte de contrôle du véhicule.
../TacticsCards/ESCHER VEHICLES/IT’S GONNA BLOW!!!.png;IT’S GONNA BLOW!!!;Escher Vehicle Tactics;"Play this gang tactic after a friendly vehicle is
Wrecked, before rolling on the Lasting Damage
table.

The vehicle explodes; all models within D6"" take
a S6, AP-1, D1 hit and the vehicle is then
removed from the battlefield. When rolling on
the Lasting Damage table for the vehicle, add 1
to the result.";Ça va exploser ! ! !;Véhicules Escher;"Jouez cette tactique de gang après qu'un véhicule allié soit arrivé. Naufragé, avant de lancer sur les dégâts durables tableau. Le véhicule explose ; tous les figurines dans D6"" prennent un S6, AP-1, D1 touché et le véhicule est alors retiré du champ de bataille. En roulant au tableau des dommages durables du véhicule, ajoutez 1 au résultat."
../TacticsCards/ESCHER VEHICLES/Jink!.png;Jink!;Escher Vehicle Tactics;"Play this gang tactic after a friendly fighter
subject to the Mounted condition is hit by

a ranged attack, before rolling to avoid being
Pinned.

The fighter makes an immediate Initiative
check. If the check is passed then the fighter
is not hit by the attack.";Embardée !;Véhicules Escher;Jouez cette tactique de gang après un combattant allié soumis à la condition Monté est touché par une attaque à distance, avant de lancer pour éviter d'être Bloqué. Le combattant prend une initiative immédiate test. Si le test est réussi, alors le combattant n'est pas touché par l'attaque.
../TacticsCards/ESCHER VEHICLES/Jumping the Gun.png;Jumping the Gun;Escher Vehicle Tactics;"Play this gang tactic at the beginning of the battle
before the first roll for Initiative.

D3 friendly fighters subject to the Mounted
condition may immediately make a Move
(Simple) action.";Départ précipité;Véhicules Escher;Jouez cette tactique de gang au début de la bataille avant le premier jet d’Initiative. D3 combattants alliés soumis aux Montés La condition peut immédiatement effectuer un mouvement action (Simple).
../TacticsCards/ESCHER VEHICLES/Race Away.png;Race Away;Escher Vehicle Tactics;"Play this gang tactic after a friendly fighter
subject to the Mounted condition has made

a Fight (Basic) action, but before Reaction
attacks are made.

The fighter may immediately perform a free
Retreat (Basic) action. Reaction attacks can only
be made if the fighter is still Engaged with the
enemy fighter.";Décrochage rapide;Véhicules Escher;Jouez cette tactique de gang après un combattant allié soumis à l'état monté a fait une action Combat (Basique), mais avant Réaction des attaques sont lancées. Le combattant peut immédiatement effectuer un action de Retraite (Basique). Les attaques de réaction ne peuvent être effectué si le combattant est toujours engagé avec le combattant ennemi.
../TacticsCards/ESCHER VEHICLES/Reckless Driving.png;Reckless Driving;Escher Vehicle Tactics;"Play this gang tactic when activating a friendly
vehicle before performing any actions.

For the duration of this activation, when
performing a Move (Simple) action, the vehicle
may make an extra pivot of up to 90 degrees at
any point before, during or after its move.";Conduite imprudente;Véhicules Escher;Jouez cette tactique de gang lors de l'activation d'un ami véhicule avant d’effectuer toute action. Pendant la durée de cette activation, lorsque effectuant une action de déplacement (simple), le véhicule peut effectuer un pivot supplémentaire allant jusqu'à 90 degrés à à tout moment avant, pendant ou après son déplacement.
../TacticsCards/ESCHER VEHICLES/Roaring Charge.png;Roaring Charge;Escher Vehicle Tactics;"Play this gang tactic when activating a friendly
fighter subject to the Mounted condition, before
performing any actions.

For the duration of this activation, if the fighter
performs a Charge (Double) action they may add
an additional D6"" to the distance moved.";Charge rugissante;Véhicules Escher;"Jouez cette tactique de gang lors de l'activation d'un combattant allié soumis à la condition Monté, avant effectuer des actions. Pendant la durée de cette activation, si le combattant effectue une action de Charge (Double) qu'ils peuvent ajouter un D6"" supplémentaire à la distance parcourue."
../TacticsCards/ESCHER VEHICLES/Steel Blur.png;Steel Blur;Escher Vehicle Tactics;"Play this gang tactic when activating a friendly
fighter subject to the Mounted condition before
performing any actions.

For the duration of this activation, Reaction
attacks cannot be made against any Ride By
attacks made by this fighter.";Flou d’acier;Véhicules Escher;Jouez cette tactique de gang lors de l'activation d'un ami chasseur soumis à la condition Monté avant effectuer des actions. Pendant la durée de cette activation, Réaction les attaques ne peuvent pas être lancées contre un Ride By attaques effectuées par ce combattant.
../TacticsCards/ESCHER VEHICLES/The Last Ride.png;The Last Ride;Escher Vehicle Tactics;"Play this card when a friendly fighter subject to
the Mounted condition is taken Out of Action
before removing them from the battlefield.

The fighter immediately changes its Status to
Standing and may perform one action. The
fighter is then removed from the battlefield. If
they are taken Out of Action during this action
(for example, due to Reaction attacks) do not roll
an additional time on the Lasting Injury table,
though the enemy model will gain XP as normal
for taking them Out of Action.";La dernière chevauchée;Véhicules Escher;Jouez cette carte lorsqu'un combattant allié soumis à la condition Montée est mise Hors de combat avant de les retirer du champ de bataille. Le combattant change immédiatement son statut en Debout et peut effectuer une action. Le Le combattant est alors retiré du champ de bataille. Si ils sont mis hors de combat pendant cette action (par exemple, en raison d'attaques de réaction) ne lancez pas un temps supplémentaire sur le tableau des Blessures Durables, bien que la figurine ennemie gagnera de l'XP comme d'habitude pour les avoir mis hors de combat.
../TacticsCards/ESCHER VEHICLES/Wheels Down.png;Wheels Down;Escher Vehicle Tactics;"Play this gang tactic when a friendly fighter
subject to the Mounted condition falls, before
resolving any hits for falling.

The fighter takes no damage from the fall and is
not placed Prone.";Roues au sol;Véhicules Escher;Jouez cette tactique de gang lorsqu'un combattant allié sous réserve que l'état Monté tombe, avant résoudre tous les coups en cas de chute. Le combattant ne subit aucun dégât de la chute et est pas placé à plat ventre.
../TacticsCards/ESCHER VEHICLES/White Line Fury.png;White Line Fury;Escher Vehicle Tactics;"Play this gang tactic when activating a friendly
vehicle before performing any actions.

For the duration of this activation, the vehicle
treats the Move & Shoot action as a Simple
action instead of a Basic action.";Fureur de la ligne blanche;Véhicules Escher;Jouez cette tactique de gang lors de l'activation d'un ami véhicule avant d’effectuer toute action. Pendant la durée de cette activation, le véhicule traite l'action Move & Shoot comme une simple action au lieu d’une action de base.
../TacticsCards/ESCHER VEHICLES/Wreckin' Crew.png;Wreckin' Crew;Escher Vehicle Tactics;"Play this gang tactic during the post-battle
sequence when receiving scenario rewards.

If any enemy vehicles were Wrecked then add 1
to your gang's Reputation.";Équipe de démolition;Véhicules Escher;Jouez cette tactique de gang pendant l'après-bataille séquence lors de la réception des récompenses du scénario. Si des véhicules ennemis ont été détruits, ajoutez 1 à la réputation de votre gang.
../TacticsCards/GENERIC CARDS/A Good Day.png;A Good Day;Conspiracy;"Play at the start of the game after both sides have
set up.

Choose a Champion or Leader model in your
crew. Tuck this card under that fighter's card.
For the duration of the game, Cool checks for
other fighters from your gang have a +2

modifier if ee within 3"" of the chosen
Champion or Leader.";Une bonne journée;Conspiration;"Jouez au début du jeu une fois que les deux équipes ont mis en place. Choisissez un modèle Champion ou Leader dans votre équipage. Placez cette carte sous la carte de ce combattant. Pendant toute la durée du jeu, Cool vérifie les autres combattants de votre gang ont un +2 modificateur si ee à moins de 3"" du choix Champion ou Leader."
../TacticsCards/GENERIC CARDS/A Present for You!.png;A Present for You!;Gang Tactics;"Play this card when your opponent activates one
of their fighters, even if the fighter was activated
as part of a Group Activation. Centre the 3"" Blas
marker on the fighter who has just activated, then
roll the Scatter dice and a D6 to see where the
marker moves to. If a Hit is rolled on the Scatter
dice, the marker remains where it is. Roll a D6 on
the table below to determine what kind of
Traits(s) the blast has: [1-2 Concussion,3-4 Flash
5-6 Fear, Gas]. Any fighters under the marker
immediately suffer a hit with the Trait(s) listed.";Un cadeau pour vous !;Générique ;"Jouez cette carte lorsque votre adversaire en active une de leurs combattants, même si le combattant a été activé dans le cadre d’une Activation de Groupe. Centrez les Blas 3"" marqueur sur le combattant qui vient de s'activer, puis lancez les dés Scatter et un D6 pour voir où se trouve le le marqueur se déplace vers. Si un Hit est obtenu sur le Scatter dés, le marqueur reste là où il se trouve. Lancez un D6 sur le tableau ci-dessous pour déterminer quel type de Caractéristiques de l'explosion : [1-2 commotion cérébrale, 3-4 flash 5-6 Peur, Gaz]. Tous les combattants sous le marqueur subit immédiatement un coup avec le(s) trait(s) répertorié(s)."
../TacticsCards/GENERIC CARDS/Adrenaline Surge.png;Adrenaline Surge;Gang Tactics;"Play when activating a fighter.
The fighter can make one additional action
this turn.";Montée d'adrénaline;Générique;Jouez lors de l'activation d'un combattant. Le combattant peut effectuer une action supplémentaire ce tour.
../TacticsCards/GENERIC CARDS/Ancient Vox Box.png;Ancient Vox Box;Gang Tactics;"Play when activating a fighter. When this card is
played, decide how many times the activating
fighter will turn the crank (1-3 times). Roll that
many D6, add and consult table below (effects
last until the end of the current Round):

1-4; All fighters within 12"" reduce their Cool checks
by -2. 5-8: All fighters within 12"" add 1 to their
Movement. 9-12: No fighter within 18"" may be the
target of Gang Tactics or Skills. 13+: All fighters
(including the activating fighter) within 12"" must
make a Nerve test or become Broken.";Antique boîte vox;Générique;"Jouez lors de l'activation d'un combattant. Quand cette carte est joué, décidez combien de fois l'activation le combattant tournera la manivelle (1 à 3 fois). Lancez autant de D6, additionnez-les et consultez le tableau ci-dessous (effets jusqu'à la fin du cycle en cours) : 1-4 ; Tous les combattants à moins de 12"" réduisent leurs tests de Cool. par -2. 5-8 : Tous les combattants à moins de 12"" ajoutent 1 à leur Mouvement. 9-12 : Aucun combattant à moins de 18"" ne peut être le cible des tactiques ou des compétences de gang. 13+ : Tous les combattants (y compris le combattant qui l'active) dans un rayon de 12"" doit faire un test nerveux ou devenez brisé."
../TacticsCards/GENERIC CARDS/Authority Breakdown.png;Authority Breakdown;Gang Tactics;"| Play this card during any Action phase, after
Fleeing the Battlefield but before Activate
Fighters.

For the duration of this round, the range of
Leading by Example for your opponent's
Leader is decreased to 3"". If your opponent's
leader is not available for this battle, discard
this card.";Effondrement de l’autorité;Générique;"Jouez cette carte pendant une phase d’Action, après après les tests de Déroute mais avant d'activer les combattants. Pendant la durée de ce tour, la gamme de Montrer l'exemple à votre adversaire Le Leader est diminué à 3"". Si le Leader de votre adversaire le chef n'est pas disponible pour cette bataille, défaussez-vous cette carte."
../TacticsCards/GENERIC CARDS/Bait and Switch.png;Bait and Switch;Gang Tactics;"| Play this card instead of activating a fighter.
Take a Ready marker from any of your
fighters and place it on a fighter who has |
already activated this round.";Appât et diversion;Générique;Jouez cette tactique de gang au début d’un round, avant que les joueurs n’aient effectué le jet d’Initiative. Choisissez deux combattants alliés sur le champ de bataille qui ne sont pas Engagés. Échangez leurs positions.
../TacticsCards/GENERIC CARDS/Battle Madness.png;Battle Madness;Gang Tactics;"Play instead of activating a fighter.

Choose a Broken Fighter from either gang. They
immediately make a ranged attack against the
closest fighter they can see, friend or foe. If they
are in base contact with another fighter, they
make close combat attacks instead.";Folie guerrière;Générique;Jouez au lieu d'activer un combattant. Choisissez un combattant brisé de l’un ou l’autre gang. Ils lancer immédiatement une attaque à distance contre le combattant le plus proche qu'ils puissent voir, ami ou ennemi. S'ils sont en contact socle à socle avec un autre combattant, ils effectuez plutôt des attaques de combat rapproché.
../TacticsCards/GENERIC CARDS/Beast Lure.png;Beast Lure;Gang Tactics;"A fighter can spend an action to play this card.
Place the Beast's Lair marker within 3"" of this
fighter. Then, uae can move up to D6"". If they
end the action within 6"" of the lair, there is a
chance they will be attacked as normal.";Appât à bête;Générique;"Un combattant peut dépenser une action pour jouer cette carte. Placez le marqueur Beast's Lair à moins de 3"" de ce marqueur. combattant. Ensuite, les Émirats arabes unis peuvent passer en D6"". S'ils terminez l'action à moins de 6"" du repaire, il y a un Il y a de fortes chances qu'ils soient attaqués normalement."
../TacticsCards/GENERIC CARDS/Beast Repellent .png;Beast Repellent;Gang Tactics;"Play this card when activating a fighter. |
For the duration of this fighter's |
activation, they do not risk rousing the Beast,
regardless of how close they are to the

Beast's Lair.";Répulsif à bêtes;Générique;Jouez cette carte lors de l'activation d'un combattant. Pour la durée de ce combattant activation, ils ne risquent pas de réveiller la Bête, quelle que soit leur proximité avec le Le repaire de la bête.
../TacticsCards/GENERIC CARDS/Blackout.png;| Blackout;Gang Tactics;"Play this card at the start of any round.

For the duration of this round, ranged attacks
have an additional -1 modifier if made against
targets between 6"" and 12"" away, or a -2
modifier if made against targets more than 12""
away. Attackers using an infra-scope or photo
-goggles, or targeting a fighter with a Blaze
marker, ignore these penalties.";Black-out;Générique;"Jouez cette carte au début d’un tour. Pendant toute la durée de ce tour, les attaques à distance avoir un modificateur supplémentaire de -1 s'il est effectué contre cibles entre 6"" et 12"", soit un -2 modificateur si effectué contre des cibles de plus de 12"" loin. Agresseurs utilisant un infra-scope ou une photo -des lunettes, ou cibler un combattant avec un Blaze marqueur, ignorez ces pénalités."
../TacticsCards/GENERIC CARDS/Blade for Every Occasion.png;Blade for Every Occasion;Gang Tactics;"| Play this card when activating a fighter.
Tuck this card under the fighter's card.
Untul the end of the battle, this fighter has _
an additional axe.";Une lame pour chaque occasion;Générique;Jouez cette carte lors de l'activation d'un combattant. Glissez cette carte sous la carte du combattant. Jusqu'à la fin de la bataille, ce combattant a _ une hache supplémentaire.
../TacticsCards/GENERIC CARDS/Blazing Fury.png;Blazing Fury;Gang Tactics;"| Play this card when activating a fighter.

For the duration of this fighter’s turn, the
Shoot action is treated as Simple rather than |
Basic.";Fureur flamboyante;Générique;Jouez cette carte lors de l'activation d'un combattant. Pendant toute la durée du round de ce combattant, le L'action de tir est traitée comme simple plutôt que Basique.
../TacticsCards/GENERIC CARDS/Blood Debt.png;Blood Debt;Gang Tactics;"Play this card when one of your fighters is

taken Out of Action by an enemy fighter's attack.
For the rest of the battle, add 1 to the result

of any hit rolls for fighters from your gang

when they target the attacker. Tuck this card
under the attacker's Fighter card as a reminder.";Dette de sang;Générique;Jouez cette carte lorsqu'un de vos combattants est mis hors de combat par l'attaque d'un combattant ennemi. Pour le reste de la bataille, ajoutez 1 au résultat de tous les jets de touche des combattants de votre gang lorsqu'ils ciblent l'attaquant. Rentrez cette carte sous la carte Combattant de l'attaquant pour rappel.
../TacticsCards/GENERIC CARDS/Blood Fury.png;Blood Fury;Gang Tactics;"| Play when one of your fighters loses

a Wound.

Tuck this card under the fighter's card; |
for the rest of the battle, that fighter has the
Berserker skill.";Fureur de sang;Générique;"Jouez quand un de vos combattants perd une blessure. Glissez cette carte sous la carte du combattant ; pour le reste de la bataille, ce combattant a le Compétence Berserker."
../TacticsCards/GENERIC CARDS/Blood Surge.png;Blood Surge;Gang Tactics;"‘Play this card when activating a fighter.

|

For the duration of the round, the fighter is

treated as if they had used a stimm-slug stash,
However, during the End phase, they do not
need to check for a stimm overload.

|

|";Afflux de sang;Générique;« Jouez cette carte lorsque vous activez un combattant. Pendant toute la durée du round, le combattant est traités comme s'ils avaient utilisé une cachette de limaces stimm, Cependant, pendant la phase Fin, ils ne il faut vérifier s'il y a une surcharge de stimulation.
../TacticsCards/GENERIC CARDS/Blood-drenched Champion.png;Blood-drenched Champion;Gang Tactics;"| Play this card instead of activating a fighter.
An enemy fighter of your choice that is
visible to your leader must pass a Nerve test,
subtracting 2 from the result, or become
Broken.";Champion couvert de sang;Générique;Jouez cette carte au lieu d'activer un combattant. Un combattant ennemi de votre choix qui est visible par votre leader doit réussir un test de nerf, en soustrayant 2 du résultat, ou devenir Cassé.
../TacticsCards/GENERIC CARDS/Born to Slaughter.png;Born to Slaughter;Gang Tactics;"| Play this card immediately after it has been
drawn during step 7 of the pre-battle
sequence.

Nominate one fighter from your starting
crew. For the duration of this battle, that
fighter gains +1 to their Weapon Skill and
Cool but -1 to their Ballistic Skill and
Willpower.";Né pour le massacre;Générique;Jouez cette carte immédiatement après qu'elle ait été tiré lors de l'étape 7 de la pré-bataille séquence. Nommez un combattant de votre départ équipage. Pendant toute la durée de cette bataille, cela le combattant gagne +1 à sa compétence d'arme et Cool mais -1 à leur compétence balistique et Volonté.
../TacticsCards/GENERIC CARDS/Breach and Clear.png;Breach and Clear;Gang Tactics;"| Play after a friendly fighter makes an
Operate Door (Simple) action or successful
Force Door (Basic) action.

The fighter may immediately make a free
Shoot (Basic) action.";Percée et nettoyage;Générique;Jouez après qu'un combattant allié ait fait un Action Faire fonctionner la porte (simple) ou réussite Action de forcer la porte (de base). Le combattant peut immédiatement effectuer un coup franc Action de Tir (Basique).
../TacticsCards/GENERIC CARDS/Bullet Magnet.png;Bullet Magnet;Gang Tactics;"| Play this card when a fighter fires a weapon
with the Rapid Fire trait.

Add 1 to the number of hits rolled on each —
Firepower dice.";Aimant à balles;Générique;Jouez cette carte lorsqu'un combattant tire avec une arme avec le trait Rapid Fire. Ajoutez 1 au nombre de coups portés sur chacun — Dés de puissance de feu.
../TacticsCards/GENERIC CARDS/Burst of Courage.png;Burst of Courage;Gang Tactics;"| Play this card when making a Cool check for
a fighter.

The fighter automatically passes the check, |
and any more Cool checks they are required
to make until the end of the round.";Élan de courage;Générique;Jouez cette carte lorsque vous effectuez un test de Cool pour un combattant. Le combattant réussit automatiquement le contrôle, et tous les autres chèques cool dont ils ont besoin à faire jusqu'à la fin du round.
../TacticsCards/GENERIC CARDS/Chain Attacks.png;Chain Attacks;Gang Tactics;"| Play when a fighter takes an enemy Out of
Action with a Melee attack.

The activating fighter can move up to D6"" _—
and make a Fight Basic action. Their
activation then immediately ends.";Attaques en chaîne;Générique;"Jouez quand un combattant fait sortir un ennemi de Action avec une attaque de mêlée. Le combattant qui l'active peut se déplacer jusqu'à D6"" _— et effectuez une action Combat Basic. Leur l’activation se termine alors immédiatement."
../TacticsCards/GENERIC CARDS/Click.png;«Click!;Gang Tactics;"Play this card after an enemy fighter
completes an attack with a ranged weapon.
The weapon immediately runs Out of Ammo,
as if it had failed an Ammo check.";« Clic ! »;Générique;Jouez cette carte après un combattant ennemi termine une attaque avec une arme à distance. L'arme est immédiatement à court de munitions, comme s'il avait échoué à un contrôle de munitions.
../TacticsCards/GENERIC CARDS/Close to Retirement.png;Close to Retirement;Gang Tactics;"| Play at the start of any round.

Untul the End phase of this round, your
opponent's Leader suffers a-2 modifier to _
any Cool checks they must make. If your
opponent's Leader is not available for this
battle, discard this card.";Près de la retraite;Générique;Jouez au début d’un tour. Jusqu'à la phase de Fin de ce tour, votre le chef de l'adversaire subit un modificateur de -2 à _ tous les contrôles Cool qu'ils doivent effectuer. Si votre le chef de l'adversaire n'est pas disponible pour cela bataille, défaussez cette carte.
../TacticsCards/GENERIC CARDS/Combat Drugs.png;Combat Drugs;Gang Tactics;"| Play when a fighter makes a melee attack.

|

For the duration of this turn, the fighter
gains D3 additional attacks. However, should
the fighter gain the full 3 additional attacks,
they will automatically suffer

aFlesh Wound at the end of their
activation.";Drogues de combat;Générique;Jouez lorsqu'un combattant effectue une attaque au corps à corps. Pendant toute la durée de ce tour, le combattant gagne D3 attaques supplémentaires. Il faudrait cependant le combattant gagne les 3 attaques supplémentaires complètes, ils souffriront automatiquement aBlessure Légère à la fin de leur activation.
../TacticsCards/GENERIC CARDS/Counter-Assault .png;Counter-Assault;Gang Tactics;"| Play this card when one of your fighters
makes a Reaction attack.

The fighter’s Reaction attacks are made at
+1 to Hit. In addition, they automatically
pass the Initiative check required to make
Reaction attacks against disengaging enemy.";Contre-assaut;Générique;Jouez cette carte lorsqu'un de vos combattants effectue une attaque de réaction. Les attaques de réaction du combattant sont effectuées à +1 pour toucher. De plus, ils automatiquement réussir le test d’Initiative requis pour faire Attaques de réaction contre un ennemi en désengagement.
../TacticsCards/GENERIC CARDS/Crossfire.png;| Crossfire;Gang Tactics;"| Play this card when a fighter makes a ranged
attack against a target who has already been
shot at by a friendly fighter.

The hit roll succeeds automatically.";Feux croisés;Générique;Jouez cette carte lorsqu'un combattant effectue une attaque à distance. attaque contre une cible qui a déjà été abattu par un combattant allié. Le jet de touche réussit automatiquement.
../TacticsCards/GENERIC CARDS/Cut Their Supply.png;Cut Their Supply;Gang Tactics;"Play at the start of the game after both sides |
have deployed.

Choose a weapon possessed by an enemy |
fighter. For the duration of the game, this
weapon loses the Plentiful trait if it has it,
and gains the Scarce trait if it doesn't have it.";Couper leur ravitaillement;Générique;Jouer au début du jeu après les deux côtés ont déployé. Choisissez une arme possédée par un ennemi combattant. Pendant toute la durée du jeu, ceci l'arme perd le trait Abondant si elle le possède, et gagne le trait Rare s'il ne l'a pas.
../TacticsCards/GENERIC CARDS/Dangerous Footing.png;Dangerous Footing;Gang Tactics;"Play when your opponent activates a fighter.
Immediately eae a Pitfall Crater marker
beneath the ese The fighter must take an
Initiative test. If the test is passed, the fighter
makes a Move action to safety and their
activation continues. If the Initiative test is
failed, the fighter falls into the crater and is
immediately taken Out of Action. The pitfall
Crater remains in place for the duration of the
battle.";Terrain dangereux;Générique;Jouez lorsque votre adversaire active un combattant. Immédiatement, trouvez un marqueur Pitfall Crater sous l'ese Le combattant doit prendre un test d’Initiative. Si le test est réussi, le combattant effectue une action de déplacement vers la sécurité et leur l'activation continue. Si le test d’Initiative est échoué, le combattant tombe dans le cratère et est immédiatement mis hors de combat. Le piège Le cratère reste en place pendant toute la durée du bataille.
../TacticsCards/GENERIC CARDS/Deadlock.png;| Deadlock;Gang Tactics;"Zone Mortalis only. |
Play this card at the start of any round. |
Choose a closed door anywhere on

the board. For the duration of this round,
the door cannot be opened in any way. |";Impasse;Générique;Zone Mortalis uniquement. Jouez cette carte au début d’un tour. Choisissez une porte fermée n'importe où sur le conseil d'administration. Pendant toute la durée de ce tour, la porte ne peut en aucun cas être ouverte.
../TacticsCards/GENERIC CARDS/Death Trap.png;Death Trap;Gang Tactics;"Zone Mortalis only.

Play this card when an enemy fighter makes an
Operate Door action to either open or close

a door.

The fighter must test to see if they are struck by
the door, as described on page 31, as if they were
standing in a doorway when the door is

closed.";Piège mortel;Générique;Zone Mortalis uniquement. Jouez cette carte lorsqu'un combattant ennemi fait un Actionner l'action de la porte pour l'ouvrir ou la fermer une porte. Le combattant doit tester pour voir s'il est touché par la porte, comme décrit à la page 31, comme s'ils étaient debout dans l'embrasure d'une porte lorsque la porte est fermé.
../TacticsCards/GENERIC CARDS/Dedicated to Duty.png;Dedicated to Duty;Gang Tactics;"Play during the End phase, before you make
a Bottle test.

Your gang automatically passes their

Bottle test.";Dévoué au devoir;Générique;Jouez pendant la phase de fin, avant de faire un test en bouteille. Votre gang réussit automatiquement son Test en bouteille.
../TacticsCards/GENERIC CARDS/Desperate Effort.png;Desperate Effort;Gang Tactics;"| Play when it is your turn to activate a
fighter, but none of your fighters have
Ready markers.

Pick one of your fighters and activate them
as though they had a Ready marker. At
the end of the action, they are Pinned.";Effort désespéré;Générique;Jouez quand c'est votre tour d'activer un combattant, mais aucun de vos combattants n'a Marqueurs prêts. Choisissez un de vos combattants et activez-le comme s'ils avaient un marqueur Prêt. À à la fin de l’action, ils sont Bloqués.
../TacticsCards/GENERIC CARDS/Disorienting Shadows.png;Disorienting Shadows;Gang Tactics;"| Play at the start of any round, after rolling
for Priority.

Nominate D3 fighters on the enemy gang. |
For the duration of this round, they suffer

-1 to their Ballistic Skill and Movement
characteristics.";Ombres désorientantes;Générique;Jouez au début d’un tour, après avoir lancé pour Priorité. Nommez des combattants D3 dans le gang ennemi. Pendant toute la durée de ce tour, ils souffrent -1 à leur compétence balistique et à leur mouvement caractéristiques.
../TacticsCards/GENERIC CARDS/Distraction.png;| Distraction;Gang Tactics;"| Play when your opponent activates a fighter.
The opposite player must make a Willpower
check for the fighter. If the checkis failed,
the fighter can only make one action this
turn, instead of two.";Distraction;Générique;Jouez lorsque votre adversaire active un combattant. Le joueur adverse doit faire une Volonté vérifiez le combattant. Si la vérification échoue, le combattant ne peut faire qu'une seule action ici tour, au lieu de deux.
../TacticsCards/GENERIC CARDS/Double Fisted.png;| Double- fisted;Gang Tactics;"| Play when a fighter makes a ranged attack.
For the duration of the ranged attack, the
fighter can attack with two |
ranged weapons, resolving a full attack with
each, one after the other.

Both must be made against the same target.";À double poing;Générique;Jouez lorsqu'un combattant effectue une attaque à distance. Pendant toute la durée de l'attaque à distance, le combattant peut attaquer avec deux armes à distance, résolvant une attaque complète avec chacun, l'un après l'autre. Les deux doivent être lancés contre la même cible.
../TacticsCards/GENERIC CARDS/Double Time.png;| Double Time;Gang Tactics;"| Play this card when activating a fighter.

This fighter can perform a free Move
(Simple) action during its activation. This _
free action is in addition to its two normal
actions.";Au pas de course;Générique;Jouez cette carte lors de l'activation d'un combattant. Ce combattant peut effectuer un mouvement gratuit action (Simple) lors de son activation. Ce _ l'action libre s'ajoute à ses deux actions normales actions.
../TacticsCards/GENERIC CARDS/Duck and Cover.png;Duck and Cover;Gang Tactics;"| Play this card when activating a fighter.

This turn, the fighter may make two Fire
(Basic) actions, provided they use the same _
Basic or Pistol weapon for both. After
resolving these actions, the fighter may move
| DBE";À couvert !;Générique;Jouez cette carte lors de l'activation d'un combattant. Ce tour-ci, le combattant peut effectuer deux tirs Actions (de base), à condition qu'elles utilisent le même _ Arme de base ou pistolet pour les deux. Après en résolvant ces actions, le combattant peut se déplacer DBE
../TacticsCards/GENERIC CARDS/Eager for Battle.png;Eager for Battle;Gang Tactics;"| Play this card during the End phase, before
drawing any cards to determine which
fighters become available as

Reinforcements. |
Ad D3 to the number of Reinforcements
you receive this turn. The enemy player
deploys these extra Reinforcements on a 1-4,
instead of the usual 1-2.";Avide de bataille;Générique;Jouez cette carte pendant la phase de fin, avant tirer des cartes pour déterminer laquelle les combattants deviennent disponibles en tant que Renforts. Ad D3 au nombre de Renforts vous recevez ce tour. Le joueur ennemi déploie ces Renforts supplémentaires sur un 1-4, au lieu du 1-2 habituel.
../TacticsCards/GENERIC CARDS/Emergency Seal.png;Emergency Seal;Gang Tactics;"Zone Mortalis only. |
Play instead of activating a fighter. |
Ductways cannot be used for the duration

of this round - they are treated as not being
on the board at all. |";Sceau d'urgence;Générique;Zone Mortalis uniquement. Jouez au lieu d'activer un combattant. Les conduits ne peuvent pas être utilisés pendant toute la durée de ce tour - ils sont traités comme n'étant pas sur le tableau du tout.
../TacticsCards/GENERIC CARDS/Fall Back.png;Fall Back;Gang Tactics;"| Play this card when activating a fighter.

This fighter may immediately make

a Retreat (Basic) action without havingto
make an Initiative check. Additionally, each
enemy fighter that was Engaging them is
unable to make any Reaction attacks.";Repli;Générique;Jouez cette carte lors de l'activation d'un combattant. Ce combattant peut immédiatement faire une action Retraite (Basique) sans avoir à effectuez un test d’Initiative. De plus, chacun le combattant ennemi qui les engageait est incapable de faire des attaques de réaction.
../TacticsCards/GENERIC CARDS/Fear of Betrayal.png;Fear of Betrayal;Gang Tactics;"Play this card instead of activating a fighter.
An enemy fighter of your choice with a Ready
marker must pass a Cool check or immediately
make a Shoot (Basic) action against the closest
visible fighter from their own gang, as if they
were an enemy fighter. They then lose their
Ready marker.";Peur de la trahison;Générique;Jouez cette carte au lieu d'activer un combattant. Un combattant ennemi de votre choix avec un Prêt Le marqueur doit réussir un test de Sang-froid ou immédiatement effectuez une action Tir (Basique) contre le plus proche combattant visible de leur propre gang, comme s'ils étaient un combattant ennemi. Ils perdent alors leur Marqueur prêt.
../TacticsCards/GENERIC CARDS/Fearsome Reputation.png;Fearsome Reputation;Gang Tactics;"Play after one of your fighters puts an enemy
Out of Action.

For the rest of the game, any nerve checks |
made for enemy fighters within 8"" of them
have a -2 modifier.";Réputation redoutable;Générique;"Jouez après qu'un de vos combattants ait mis un ennemi Hors de combat. Pour le reste de la bataille, toute test de Nerve conçu pour les combattants ennemis à moins de 8"" d'eux avoir un modificateur de -2."
../TacticsCards/GENERIC CARDS/Fire Discipline.png;Fire Discipline;Gang Tactics;"| Play this card at the start of the battle, after
setting up your gang.

For the duration of the battle, ranged attacks.
made by your fighters only trigger an Ammo
check if the Firepower dice rolls an Ammo
symbol and the hit roll is a success.";Discipline de tir;Générique;Jouez cette carte au début de la bataille, après créer votre gang. Pendant toute la durée de la bataille, attaques à distance. fabriqués par vos combattants ne déclenchent qu'une munition vérifiez si le dé de puissance de feu lance une munition symbole et le jet de touche est un succès.
../TacticsCards/GENERIC CARDS/Forward Planning.png;Forward Planning;Gang Tactics;"Play at the start of the game, after both |
gangs have been deployed.

Choose up to three fighters. These fighters |
may immediately make a free Move (Simple)
action.";Planification avancée;Générique;Jouez au début du jeu, après les deux des gangs ont été déployés. Choisissez jusqu'à trois combattants. Ces combattants peut immédiatement effectuer un coup gratuit (simple) actions.
../TacticsCards/GENERIC CARDS/Frag Trap.png;| Frag Trap;Gang Tactics;"Play at the start of the battle, when setting up
your gang. Pick any of your fighters to carry the
trap, and put this card under their Fighter card.
Once during the game, the fighter, as long as they
are Active, can Set Frag Trap (Double) - Place a
Frag Trap marker within 1"" of the fighter. Then
they can move up to D6"", If the fighter goes Out
of Action before making this action, roll a D6.
On a 1, the trap triggered (centred on the
fighter's base). On a 2-3, place a marker where
the fighter stood. On a 4+, discard this card.";Piège à fragments;Générique;"Jouez au début de la bataille, lors de la mise en place votre gang. Choisissez l'un de vos combattants pour porter le piège et placez cette carte sous sa carte Combattant. Une fois pendant le jeu, le combattant, à condition qu'il sont actifs, peuvent poser un piège à fragmentation (double) - Placez un Marqueur Frag Trap à 1"" ou moins du combattant. Puis ils peuvent avancer jusqu'à D6"", si le combattant sort d’Action avant d’effectuer cette action, lancez un D6. Sur un 1, le piège se déclenche (centré sur le base de combattant). Sur un 2-3, placez un marqueur à l'endroit le combattant se leva. Sur 4+, défaussez cette carte."
../TacticsCards/GENERIC CARDS/Got Your Back.png;Got Your Back;Gang Tactics;"| Play at the start of any round.

Untul the End phase of this round, fighters
in your gang can provide assists even if they |
are Engaged with any other fighters from

the same gang as the target of the attack.
Only one fighter can provide an assist this
way for each close combat attack.";Je te couvre;Générique;Jouez au début d’un tour. Jusqu'à la phase de Fin de ce tour, les combattants membres de votre gang peuvent fournir de l'aide même s'ils sont engagés avec d'autres combattants de le même gang que la cible de l’attaque. Un seul combattant peut fournir une assistance manière pour chaque attaque de combat rapproché.
../TacticsCards/GENERIC CARDS/Grenade Bouquet .png;Grenade Bouquet;Gang Tactics;"Play this card when a fighter makes an attack
with a grenade that has a Blast trait.

The fighter may immediately make three attacks
with this type of grenade, rather than the usual
one. Each of these attacks counts as a miss and so
will automatically scatter. Once all three attacks
are resolved, the fighter will automatically fail
the Ammo check and run out of grenades of that
type.";Bouquet de grenades;Générique;Jouez cette carte lorsqu'un combattant effectue une attaque avec une grenade qui a un trait Explosion. Le combattant peut immédiatement effectuer trois attaques avec ce type de grenade, plutôt que l'habituel un. Chacune de ces attaques compte comme un échec et donc se dispersera automatiquement. Une fois les trois attaques sont résolus, le combattant échouera automatiquement Je vérifie les munitions et je suis à court de grenades. tapez.
../TacticsCards/GENERIC CARDS/Gripped by Fear.png;Gripped by Fear;Gang Tactics;"| Play at the start of any round, after rolling
for Priority.

Nominate D3 fighters on the enemy gang. |
For the duration of this round, they suffer

-1 to their Weapon Skill and Cool
characteristics.";Saisi par la peur;Générique;Jouez au début d’un tour, après avoir lancé pour Priorité. Nommez des combattants D3 dans le gang ennemi. Pendant toute la durée de ce tour, ils souffrent -1 à leur compétence d'arme et à leur cool caractéristiques.
../TacticsCards/GENERIC CARDS/Group Tactics.png;Group Tactics;Gang Tactics;"| Play this card when it is your turn, before
activating any fighters.
Instead of activating one fighter, activate up |
to three fighters (in the same way as making
a Group activation).";Tactiques de groupe;Générique;Jouez cette carte quand c'est votre tour, avant activer tous les combattants. Au lieu d'activer un combattant, activez-le à trois combattants (de la même manière que faire une activation de groupe).
../TacticsCards/GENERIC CARDS/Hard Stop.png;Hard Stop;Gang Tactics;"Play when one of your fighters becomes |
Engaged as part of an enemy Charge
(Double) action. |
Your fighter may immediately make a free
Fight (Basic) action, interrupting the
opposing fighter's activation. |";Arrêt brutal;Générique;Jouez quand l'un de vos combattants devient Engagé dans le cadre d'une charge ennemie (Double)action. Votre combattant peut immédiatement effectuer un Action de combat (de base), interrompant le activation du combattant adverse.
../TacticsCards/GENERIC CARDS/Having a Bad Day.png;Having a Bad Day;Gang Tactics;"| Play at the start of the game after both sides
have set up.

Choose a Champion or Leader model in |
your opponent's crew. For the duration of
the game, Cool checks for other fighters

from the opposing gang have a -2 modifier
while that fighter is within 3"" of the chosen
Champion or Leader.";Mauvais jour;Générique;"Jouer en début de partie après les deux côtés ont mis en place. Choisissez un modèle Champion ou Leader dans l'équipage de votre adversaire. Pour la durée de le jeu, des chèques sympas pour les autres combattants du gang adverse ont un modificateur de -2 alors que ce combattant est à moins de 3"" du choisi Champion ou Leader."
../TacticsCards/GENERIC CARDS/Healthy Paranoia.png;Healthy Paranoia;Gang Tactics;"Play when activating a fighter.
For the rest of the battle, the fighter have
360 vision arc.";Saine paranoïa;Générique;Jouez lors de l'activation d'un combattant. Pour le reste de la bataille, le combattant doit Arc de vision à 360°.
../TacticsCards/GENERIC CARDS/Hidden Blade.png;Hidden Blade;Gang Tactics;"Play when a fighter makes a Fight (Basic) |
action.

The fighter adds D3 to their Attacks |
characteristic for the duration of this action.";Lame cachée;Générique;Jouez quand un combattant effectue un combat (Basique) action. Le combattant ajoute D3 à ses attaques caractéristique pour la durée de cette action.
../TacticsCards/GENERIC CARDS/Hidden Passage.png;Hidden Passage;Gang Tactics;"Zone Mortalis only (see page 126). |
Play this card at the start of your turn, |
immediately before activating a fighter. |
Place an unused Ductway marker anywhere

on the board, following the normal rules for
placing a ductway. |";Passage caché;Générique;Zone Mortalis uniquement (voir page 126). Jouez cette carte au début de votre tour, immédiatement avant d'activer un combattant. Placez un marqueur de conduit inutilisé n'importe où sur le plateau, en suivant les règles normales pour placer un conduit.
../TacticsCards/GENERIC CARDS/History of Violence.png;History of Violence;Gang Tactics;"Play during the pre-battle sequence, during Step
Five: Choose Crews.

Nominate one fighter from your Orr ene e
starting crew. That fighter is unwilling to face
your gang in combat and so may not be selected
for this battle. Your opponent must immediately
discard that fighter and select another, following
the same crew selection method as already used.";Passé violent;Générique;Jouez pendant la séquence pré-bataille, pendant l'étape Cinq : Choisissez les équipages. Désignez un combattant de votre Orrène équipage de départ. Ce combattant ne veut pas affronter votre gang au combat et peut donc ne pas être sélectionné pour cette bataille. Votre adversaire doit immédiatement défaussez ce combattant et sélectionnez-en un autre, en suivant la même méthode de sélection de l’équipage que celle déjà utilisée.
../TacticsCards/GENERIC CARDS/Hive Tremors.png;Hive Tremors;Gang Tactics;"Play at the start of any round.

Every Active fighter on the table must make an
Initiative test - any who fail are Pinned. After all
fighters have tested, place D3 additional loot
caskets anywhere on the table not within 6"" of a
fighter. Finally, if the game uses a Zone
Mortalis scenario, place D3 spare ductways
across ana of your choice. If the Pa uses
a Sector Mechanicus scenario, remove D3
ladders of your choice.";Tremblements de la ruche;Générique;"Jouez au début d’un tour. Chaque combattant actif sur la table doit faire un test d’Initiative : tous ceux qui échouent sont Bloqués. Après tout les combattants ont testé, placez D3 de butin supplémentaire cercueils n'importe où sur la table, pas à moins de 6"" d'un combattant. Enfin, si le jeu utilise une Zone Scénario Mortalis, placer des gaines de rechange D3 à travers l'ana de votre choix. Si le Pa utilise un scénario Sector Mechanicus, supprimez D3 échelles de votre choix."
../TacticsCards/GENERIC CARDS/Just Add Nails.png;Just Add Nails;Gang Tactics;"Play when making an attack with a frag
grenade, before rolling to hit.

The grenade's Blast (3"") trait becomes
Blast (5"").";Ajoutez des clous;Générique;"Jouez en effectuant une attaque avec un frag grenade, avant de rouler pour frapper. Le trait Explosion (3"") de la grenade devient Explosion (5"")."
../TacticsCards/GENERIC CARDS/Keen Edge.png;Keen Edge;Gang Tactics;"Play at the start of the game after both sides have
deployed.

Choose a Melee weapon possessed by a friendly
fighter. For the duration of the game, increase
its AP by 1.

For Gee a weapon with an AP of -1 will
have an AP of -2.";Tranchant affûté;Générique;Jouez au début du jeu une fois que les deux équipes ont déployé. Choisissez une arme de mêlée possédée par un combattant allié. Pendant toute la durée du jeu, augmentez son AP de 1. Pour Gee, une arme avec un PA de -1 sera avoir un PA de -2.
../TacticsCards/GENERIC CARDS/Last Gasp.png;Last Gasp;Gang Tactics;"Play this card when one of your active fighters is
taken Out of Action.

Before the fighter is removed from play, they can
immediately make an attack. This is a close
combat attack if they are Engaged, otherwise it is
a ranged attack. If they are equipped with a
grenade that has the Blast trait, and the Blast
marker is centred on them, it will not scatter. As
soon as the attack has been resolved, the fighter
is removed from play.";Dernier souffle;Générique;Jouez cette carte lorsqu'un de vos combattants actifs est mis Hors de combat. Avant que le combattant ne soit retiré du jeu, il peut immédiatement lancer une attaque. C'est une clôture attaque de combat s'ils sont Engagés, sinon c'est une attaque à distance. S'ils sont équipés d'un grenade qui a le trait Blast, et le Blast Le marqueur est centré sur eux, il ne se dispersera pas. Comme dès que l'attaque est résolue, le combattant est retiré du jeu.
../TacticsCards/GENERIC CARDS/Last Round.png;Last Round;Gang Tactics;"Play this card when activating a fighter that has
one or more Out of Ammo markers on them.
Choose one of this fighter's ranged weapons
that is Out of Ammo. The fighter immediately
performs a Shoot (Basic) action with that
weapon that will hit automatically. Do not roll
an Ammo Dice - the weapon remains Out of
Ammo. Weapons with the Rapid Fire (X) trait
make only one shot.";Dernière cartouche;Générique;Jouez cette carte lorsque vous activez un combattant qui a un ou plusieurs marqueurs « Out of Ammo » dessus. Choisissez l'une des armes à distance de ce combattant c'est à court de munitions. Le combattant immédiatement effectue une action Tir (Basique) avec cela arme qui frappera automatiquement. Ne roule pas un dé de munitions - l'arme reste hors de Munitions. Armes avec le trait Rapid Fire (X) faire un seul coup.
../TacticsCards/GENERIC CARDS/Long Arm.png;Long Arm;Gang Tactics;"| Play at the start of any round.

Untul the End phase of this round, friendly
fighters count as having +1 Strength for |
the purposes of determining the Long range
of a grenade.";Bras long;Générique;Jouez au début d’un tour. Jusqu'à la phase de Fin de ce tour, les combattants alliés comptent comme ayant +1 en Force pour les buts de déterminer la distance à longue portée d'une grenade.
../TacticsCards/GENERIC CARDS/Look the Other Way.png;Look the Other Way;Gang Tactics;"Play this card when a sentry spots |
an attacker.

The sentry does not gain a Ready marker.
In addition, you may change the sentry's
facing as you wish.";Regarder ailleurs;Générique;Jouez cette carte lorsqu'une sentinelle repère un attaquant. La sentinelle ne gagne pas de marqueur Prêt. De plus, vous pouvez modifier la position de la sentinelle. face comme vous le souhaitez.
../TacticsCards/GENERIC CARDS/Loose Cannon.png;Loose Cannon;Gang Tactics;"| Play when activating a fighter.

|

Until the End phase of this round, the

fighter treats the Shoot action as (Simple)

rather than (Basic). However, until the End
phase of this round, the fighter suffers a -1

| to their Ballistic Skill.

|";Électron libre;Générique;Jouez lors de l'activation d'un combattant. Jusqu'à la phase de Fin de ce tour, le le combattant traite l'action Tirer comme (Simple) plutôt que (Basique). Cependant, jusqu'à la fin phase de ce tour, le combattant subit un -1 à leur compétence balistique.
../TacticsCards/GENERIC CARDS/Loud and Clear.png;Loud and Clear;Gang Tactics;"| Play during the pre-battle sequence, during
Step 8. Deployment.

Tuck this card under a fighter's card. Until
the end of the battle, this fighter has stun
grenades.";Fort et clair;Générique;Jouez pendant la séquence d'avant-bataille, pendant Étape 8. Déploiement. Glissez cette carte sous la carte d'un combattant. Jusqu'à la fin de la bataille, ce combattant a étourdi grenades.
../TacticsCards/GENERIC CARDS/Lucky Find.png;Lucky Find;Gang Tactics;"| Play this card when activating a fighter with
a weapon that is Out of Ammo.

One of the fighter's weapons is |
automatically reloaded at the cost of one
action - no Ammo check is required.";Trouvaille chanceuse;Générique;Jouez cette carte lors de l'activation d'un combattant avec une arme qui est à court de munitions. L'une des armes du combattant est rechargé automatiquement au prix d'un action - aucune vérification de munitions n'est requise.
../TacticsCards/GENERIC CARDS/Lucky Lho-stick Case.png;Lucky Lho-stick Case;Gang Tactics;"| Play this card when a friendly fighter fails an
armour save.

The fighter can re-roll the armour save, |
ignoring any negative modifiers (including
Armour Penetration).";Étui porte-bonheur à lho-sticks;Générique;Jouez cette carte lorsqu'un combattant allié échoue à un sauvegarde d'armure. Le combattant peut relancer la sauvegarde d'armure, en ignorant tous les modificateurs négatifs (y compris Pénétration d'Armure).
../TacticsCards/GENERIC CARDS/Lucky shot.png;Lucky Shot;Gang Tactics;"| Play this card after making either a hit roll,

a wound roll or an injury roll.

You may immediately re-roll all of the dice |
for the roll you have just made. You must
accept the result of the second roll, even if it
is Worse than the first.";Tir chanceux;Générique;Jouez cette carte après avoir effectué soit un jet de touche, un jet de blessure ou un jet de blessure. Vous pouvez immédiatement relancer tous les dés pour le rouleau que vous venez de réaliser. Vous devez accepter le résultat du deuxième lancer, même s'il est pire que le premier.
../TacticsCards/GENERIC CARDS/Machine Curse.png;Machine Curse;Gang Tactics;"| Play this card instead of activating a fighter.
Choose an enemy fighter. They must
immediately make an Ammo check of each
of their ranged weapons.";Malédiction des machines;Générique;Jouez cette carte au lieu d'activer un combattant. Choisissez un combattant ennemi. Ils doivent effectuez immédiatement une vérification des munitions de chacun de ses armes à distance.
../TacticsCards/GENERIC CARDS/Makeshift Armour.png;Makeshift Armour;Gang Tactics;"One of your fighters can spend an action to play
this card.

Tuck this card under the fighter's card; while it
is there, their armour save is treated as one point
better than it is. If any save roll for the fighter
is a 1 (before modifiers), discard this card after
resolving the attack(s).";Armure de fortune;Générique;"Un de vos combattants peut dépenser une action pour jouer cette carte. Glissez cette carte sous la carte du combattant ; pendant qu'il est-ce là, leur sauvegarde d'armure est traitée comme un point mieux qu'il ne l'est. S'il y a un jet de sauvegarde pour le combattant est un 1 (avant les modificateurs), défaussez cette carte après résoudre la ou les attaques."
../TacticsCards/GENERIC CARDS/Makeshift Cover.png;Makeshift Cover;Gang Tactics;"| Play this card at the start of any round.

Place D3 barricades or similar pieces of
terrain anywhere on the battlefield within 3"")
of one of your fighter.";Couverture de fortune;Générique;"Jouez cette carte au début d’un tour. Placez des barricades D3 ou des morceaux similaires de terrain n'importe où sur le champ de bataille dans un rayon de 3"") d'un de vos combattants."
../TacticsCards/GENERIC CARDS/Marked for Death.png;Marked for Death;Gang Tactics;"| Play this card instead of activating a fighter.
Choose an enemy fighter. For the rest of

the battle, add 1 to result of any hit rolls for |
fighters from your gang when they target
that fighter with a Melee weapon.";Marqué pour la mort;Générique;Jouez cette carte au lieu d'activer un combattant. Choisissez un combattant ennemi. Pour le reste de la bataille, ajoutez 1 au résultat de tous les jets de touche pour combattants de votre gang lorsqu'ils ciblent ce combattant avec une arme de mêlée.
../TacticsCards/GENERIC CARDS/Master Switch.png;Master Switch;Gang Tactics;"Zone Mortalis only. |
Play this card instead of activating a fighter. |
Every door on the board that does not have
a door terminal either opens or closes. They
must all do the same, i.¢., this card cannot be.
used to open some doors and close others. _";Interrupteur principal;Générique;Zone Mortalis uniquement. Jouez cette carte au lieu d'activer un combattant. Chaque porte du tableau qui n'a pas un terminal de porte s'ouvre ou se ferme. Ils doivent tous faire la même chose, c'est-à-dire, cette carte ne peut pas l'être. utilisé pour ouvrir certaines portes et en fermer d’autres. _
../TacticsCards/GENERIC CARDS/Melta Trap.png;Melta Trap;Gang Tactics;"Play this at the start of the battle, when setting up
your gang. Pick any of your fighters to carry the
trap, and put this card under their card. Once
during the game, the pignict, as long as they are
Active, can Set Melta Trap (Double) - place a
Melta Trap marker within 1"" of the fighter. Then
they can move up to D6"", If the fighter goes Out
of Action before making this action, roll a D6.
On a 1, the trap triggered (centred on the
fighter's base). On a 2-3, place a marker where
the fighter stood. On a 4+, discard this card.";Piège à fusion;Générique;"Jouez-le au début de la bataille, lors de la mise en place votre gang. Choisissez l'un de vos combattants pour porter le piège et placez cette carte sous sa carte. Une fois pendant le jeu, les pignict, pour autant qu'ils soient Actif, peut poser un piège à fusion (double) - placez un Marqueur Melta Trap à 1"" ou moins du combattant. Puis ils peuvent avancer jusqu'à D6"", si le combattant sort d’Action avant d’effectuer cette action, lancez un D6. Sur un 1, le piège se déclenche (centré sur le base de combattant). Sur un 2-3, placez un marqueur à l'endroit le combattant se leva. Sur 4+, défaussez cette carte."
../TacticsCards/GENERIC CARDS/Nerves of Steel.png;Nerves of Steel;Gang Tactics;"| Play when a fighter makes a ranged attack.
The fighter may ignore normal Target
Priority rules and may instead target any |
eligible enemy fighter they wish without
having to pass a Cool check.";Nerfs d’acier;Générique;Jouez lorsqu'un combattant effectue une attaque à distance. Le combattant peut ignorer la cible normale Règles de priorité et peut à la place cibler un combattant ennemi éligible qu'ils souhaitent sans devoir passer un contrôle Cool.
../TacticsCards/GENERIC CARDS/No Mercy for the Weak.png;No Mercy for the Weak;Gang Tactics;"| Play this card instead of activating a fighter.
For the remainder of the round, add | to the
result of any wound rolls for fightersfrom
your gang when they target fighters with
one or more Flesh Wounds.";Pas de pitié pour les faibles;Générique;Jouez cette carte au lieu d'activer un combattant. Pour le reste du round, ajoutez à la résultat de tout jet de blessure pour les combattants de votre gang quand ils ciblent les combattants avec une ou plusieurs blessures chair.
../TacticsCards/GENERIC CARDS/Opening Volley.png;Opening Volley;Gang Tactics;"| Play at the start of the game, after both

gangs have been deployed.

Choose up to three fighters. These fighters |
may immediately make a free Shoot (Basic)
action. Note that this does not apply if the
action would be (Simple) or (Double) for
any reason.";Volée d’ouverture;Générique;Jouez au début du jeu, après les deux des gangs ont été déployés. Choisissez jusqu'à trois combattants. Ces combattants peut immédiatement réaliser un Shoot gratuit (Basic) actions. Notez que cela ne s'applique pas si le l'action serait (Simple) ou (Double) pour une raison.
../TacticsCards/GENERIC CARDS/Point-Blank Shot.png;Point- Blank Shot;Gang Tactics;"| Play this card when a fighter makes a Fight
action or a Charge action.

Pick one of the fighter’s ranged weapons |
that does not have the Blast trait or
Template trait. For the duration of this turn,
that weapon can be used in close combat

in the same way as a pistol.";Tir à bout portant;Générique;Jouez cette carte lorsqu'un combattant effectue un Combat ou une action Charger. Choisissez l’une des armes à distance du combattant qui n'a pas le trait Blast ou Trait de modèle. Pendant la durée de ce tour, cette arme peut être utilisée en combat rapproché de la même manière qu'un pistolet.
../TacticsCards/GENERIC CARDS/Preemptive Measures.png;Preemptive Measures;Gang Tactics;"Play at the start of any round, before rolling |
for Priority.

Up to two of your fighters may immediately |
make a free Move (Simple) action.";Mesures préventives;Générique;Jouez au début d’un tour, avant de lancer pour Priorité. Jusqu'à deux de vos combattants peuvent immédiatement effectuez une action de déplacement (simple) gratuite.
../TacticsCards/GENERIC CARDS/Proper Preparation.png;Proper Preparation;Gang Tactics;"| Play this card before setting up the gang at
the start of the battle.

Pick one of your fighters and put thiscard  _
under their Fighter's card. For the duration
of the battle, this fighter’s weapons gain the
Plentiful trait unless they already have the
Scarce trait, in which case their weapons are
counted as not being Scarce.";Préparation minutieuse;Générique;Jouez cette carte avant de constituer le gang à le début de la bataille. Choisissez un de vos combattants et mettez cette carte _ sous leur carte de combattant. Pour la durée de la bataille, les armes de ce combattant gagnent le Trait abondant à moins qu'ils n'aient déjà le Trait rare, auquel cas ses armes sont considéré comme n'étant pas rare.
../TacticsCards/GENERIC CARDS/Quick Time.png;Quick Time;Gang Tactics;"| Play this card when activating a fighter.

|

Tuck this card under the fighter’s card.
While it is there, the fighter’s Move is |
increased by 2. In each End phase, roll a D6.
On a 1, the card is discarded.

|";Pas accéléré;Générique;Jouez cette carte lors de l'activation d'un combattant. Glissez cette carte sous la carte du combattant. Pendant qu'il est là, le mouvement du combattant est augmenté de 2. À chaque phase de fin, lancez 1D6. Sur un 1, la carte est défaussée.
../TacticsCards/GENERIC CARDS/Rapid Fire.png;Rapid Fire;Gang Tactics;"| Play this card when activating a fighter.

This turn, the fighter may make two Fire
(Basic) actions, provide they use the same
weapon for both and make no other actions
for any reason. However, at the end of their
activation, the weapon counts as
automatically having failed an Ammo check.";Tir rapide;Générique;Jouez cette carte lors de l'activation d'un combattant. Ce tour-ci, le combattant peut effectuer deux tirs Actions (de base), à condition qu'elles utilisent les mêmes arme pour les deux et ne faites aucune autre action pour quelque raison que ce soit. Cependant, à la fin de leur activation, l'arme compte pour après avoir automatiquement échoué à un contrôle de munitions.
../TacticsCards/GENERIC CARDS/Rapid Healing.png;Rapid Healing;Gang Tactics;"Play this card instead of activating a fighter. |
Choose one of your fighters. This fighter |
either recovers one Wound or removes one ©
Flesh Wound.";Guérison rapide;Générique;Jouez cette carte au lieu d'activer un combattant. Choisissez un de vos combattants. Ce combattant soit récupère une blessure, soit en supprime une © Blessure Légère.
../TacticsCards/GENERIC CARDS/Reaction Fire.png;Reaction Fire;Gang Tactics;"| Play when an enemy fighters is activated,
before they make their first action.

Pick a fighter from your gang - that fighter _
can immediately make a Shoot (Basic) action
against the activating enemy model,

as long as they are in range and line of sight.";Feu de réaction;Générique;Jouez lorsqu'un combattant ennemi est activé, avant de faire leur première action. Choisissez un combattant dans votre gang - ce combattant _ peut immédiatement effectuer une action Tir (Basique) contre le modèle ennemi activant, tant qu'ils sont à portée et en ligne de vue.
../TacticsCards/GENERIC CARDS/Reckless Charge.png;Reckless Charge;Gang Tactics;"| Play this card when a fighter makes a Charge
(Double) action.

The fighter counts as having rolleda3 on |
the D3 to determine their maximum charge
range.";Charge imprudente;Générique;Jouez cette carte lorsqu'un combattant effectue une Charge (Double)action. Le combattant compte comme ayant lancé a3 sur le D3 pour déterminer leur charge maximale gamme.
../TacticsCards/GENERIC CARDS/Rejuve Stimm.png;Rejuve Stimm;Gang Tactics;"| Play this card instead of activating a fighter.
Choose any friendly fighter who has suffered
at least one Wound. This fighter |
immediately regains any lost Wounds.";Stimm régénérant;Générique;Jouez cette carte au lieu d'activer un combattant. Choisissez un combattant allié qui a souffert au moins une blessure. Ce combattant récupère immédiatement toutes les blessures perdues.
../TacticsCards/GENERIC CARDS/Reload!.png;| Reload!;Gang Tactics;"Play this card in the End phase of any round.
Immediately make a Reload (Simple) action |
for any or all of your fighters. |";Rechargez !;Générique;Jouez cette carte lors de la phase de Fin de un tour. Effectuez immédiatement une action Recharger (simple) pour tout ou partie de vos combattants.
../TacticsCards/GENERIC CARDS/Ricochet.png;| Ricochet;Gang Tactics;"| Play this card after making an unsuccessful
hit roll for a ranged attack that does not have
the Blast or Template trait.

Pick another fighter within 5"" of the target,
even if they are not visible to the attacker,
and roll to hit against them. Do not roll the
Firepower

dice again.";Ricochet;Générique;"Jouez cette carte après avoir échoué jet de touche pour une attaque à distance qui n'a pas le trait Blast ou Template. Choisissez un autre combattant à moins de 5"" de la cible, même s'ils ne sont pas visibles pour l'attaquant, et lancez pour frapper contre eux. Ne faites pas rouler le Puissance de feu dés à nouveau."
../TacticsCards/GENERIC CARDS/Rigged Door.png;Rigged Door;Gang Tactics;"Zone Mortalis only.

Play this card immediately after an enemy
fighter makes an action.

Pick any door on the board and either close or
open it. If closing a door and there is a fighter
standing in the doorway, they must test to see
whether they avoid closing door as normal.";Porte piégée;Générique;Zone Mortalis uniquement. Jouez cette carte immédiatement après un ennemi le combattant effectue une action. Choisissez une porte du tableau et fermez-la ou ouvrez-le. Si on ferme une porte et qu'il y a un combattant debout dans l'embrasure de la porte, ils doivent tester pour voir s'ils évitent de fermer la porte comme d'habitude.
../TacticsCards/GENERIC CARDS/Roger That.png;Roger That!;Gang Tactics;"Play at the start of any round.

Pick a Ganger with a Ready marker. For this turn
only, that fighter is treated as a Champion for the
purposes of activating groups 4 in other words,
if they are activated, you can activate up to one
other fighter within 4"" of them.";Bien reçu !;Générique;"Jouez au début d’un tour. Choisissez un Ganger avec un marqueur Prêt. Pour ce tour seulement, ce combattant est traité comme un Champion pour le dans le but d'activer les groupes 4 autrement dit, s'ils sont activés, vous pouvez en activer jusqu'à un autre combattant à moins de 4"" d'eux."
../TacticsCards/GENERIC CARDS/Sacrifice.png;Sacrifice;Gang Tactics;"| Play this card when a fighter is hit by

a ranged attack.

Nominate a friendly fighter within 2” of the |
fighter who has been hit. The nominated
fighter becomes the target of the ranged
attack instead.";Sacrifice;Générique;Jouez cette carte lorsqu'un combattant est touché par une attaque à distance. Nommez un combattant allié à moins de 2 pouces du combattant qui a été touché. Les nominés le combattant devient la cible du tir à distance attaquer à la place.
../TacticsCards/GENERIC CARDS/Secret Cache.png;Secret Cache;Gang Tactics;"Play this card instead of activating a fighter.
Set up an ammo cache anywhere on the
battlefield.";Cache secrète;Générique;Jouez cette carte au lieu d'activer un combattant. Configurez une cache de munitions n'importe où sur le champ de bataille.
../TacticsCards/GENERIC CARDS/Seize the Initiative.png;Seize the Initiative;Gang Tactics;"| Play this card at the beginning of any round,
before rolling for Priority.

You immediately take Priority this turn |
without any dice being rolled.";Saisir l’initiative;Générique;Jouez cette carte au début d’un tour, avant de lancer le lancer Prioritaire. Vous prenez immédiatement la priorité ce tour-ci sans qu'aucun dé ne soit lancé.
../TacticsCards/GENERIC CARDS/Service Tunnels.png;Service Tunnels;Gang Tactics;"| Play when deploying your gang.

One fighter chosen by you from your
starting crew gains the Infiltrate skill for the |
duration of this battle and may be deployed
accordingly.";Tunnels de service;Générique;Jouez lors du déploiement de votre gang. Un combattant choisi par vous parmi vos l'équipage de départ acquiert la compétence Infiltration pour le durée de cette bataille et peut être déployé en conséquence.
../TacticsCards/GENERIC CARDS/Shield Wall.png;Shield Wall;Gang Tactics;"Play this card instead of activating a fighter.

Tuck this card under a fighter's card. For the
remainder of the battle, add 1 to fighter's armour
save, and any friendly fighter in base contact with
this fighter, to a maximum of 2+, against attack
that originate from within this fighter's vision :";Mur de boucliers;Générique;Jouez cette carte au lieu d'activer un combattant. Glissez cette carte sous la carte d'un combattant. Pour le reste de la bataille, ajoutez 1 à l'armure du combattant sauvegarde, et tout combattant allié en contact socle à socle avec ce combattant, jusqu'à un maximum de 2+, contre une attaque qui proviennent de la vision de ce combattant :
../TacticsCards/GENERIC CARDS/Slippery.png;Slippery;Gang Tactics;"| Play this card when activating a fighter.

|

Put this card under the active fighter's

Fighter card. Until the end of the battle, this.
fighter treats the Crawl Through action as

@asic) rather than (Double).

|

|";Glissant;Générique;Jouez cette carte lors de l'activation d'un combattant. Mettez cette carte sous le combattant actif Carte de combattant. Jusqu'à la fin de la bataille, ça. Le combattant traite l'action Crawl Through comme @asic) plutôt que (Double).
../TacticsCards/GENERIC CARDS/Snap Fire.png;Snap Fire;Gang Tactics;"| Play this card after an enemy fighter
completes an attack with a ranged weapon.

A readied fighter in your gang may |
immediately take a shot at the enemy fighter
with a Pistol or Basic weapon. However, they
must subtract 1 from the hit roll.";Tir réflexe;Générique;Jouez cette carte après un combattant ennemi termine une attaque avec une arme à distance. Un combattant préparé dans votre gang peut tirer immédiatement sur le combattant ennemi avec un pistolet ou une arme de base. Cependant, ils doit soustraire 1 au jet de touche.
../TacticsCards/GENERIC CARDS/Speedy Recovery.png;Speedy Recovery;Gang Tactics;"Play this card when making a Recovery test.
One of your fighters can re-roll a single
Recovery dice.";Récupération rapide;Générique;Jouez cette carte lorsque vous effectuez un test de récupération. Un de vos combattants peut relancer un seul Dés de récupération.
../TacticsCards/GENERIC CARDS/Spiked Drinks.png;Spiked Drinks;Gang Tactics;"Play during the pre-battle sequence, during

Step Five: Choose Crews.

|

Nominate one fighter from your opponent's’

starting crew. For the duration of this battle,
that fighter suffers -1 to their Ballistic Skill,

| Weapon Skill, and Intelligence, but gains +2

to their Cool.";Boissons trafiquées;Générique;Jouez pendant la séquence d'avant-bataille, pendant Cinquième étape : Choisissez les équipages. Désignez un combattant parmi ceux de votre adversaire. équipage de départ. Pendant toute la durée de cette bataille, ce combattant subit -1 à sa compétence balistique, Compétence d'armes et Intelligence, mais gagne +2 à leur Cool.
../TacticsCards/GENERIC CARDS/Spreading Conflagration.png;Spreading Conflagration;Gang Tactics;"| Play this card at the start of any round.

For the duration of this round, fighters
activating within 3"" of a fighter that is |
subject to the Blaze condition must test to
see if they catch fire, just as if they had been
hit by a weapon with the Blaze trait.";Propagation de la conflagration;Générique;"Jouez cette carte au début d’un tour. Pendant toute la durée de ce round, les combattants s'activant à moins de 3"" d'un combattant qui se trouve soumis à la condition Blaze doit tester pour voir s'ils prennent feu, comme s'ils avaient été touché par une arme avec le trait Blaze."
../TacticsCards/GENERIC CARDS/Stand Firm.png;Stand Firm;Gang Tactics;"Play this card instead of making a Bottle test.
This round, your gang automatically passes
its Bottle test.";Tenez bon;Générique;Jouez cette carte au lieu de faire un test de bouteille. Ce tour, votre gang réussit automatiquement son test de bouteille.
../TacticsCards/GENERIC CARDS/Steel Fury.png;Steel Fury;Gang Tactics;"| Play this card at the start of any round.

For the duration of this round, fighters from
this gang count the Fight (Basic) action asa |
Fight (Simple) action.";Fureur d'acier;Générique;Jouez cette carte au début d’un tour. Pendant toute la durée de ce round, les combattants de ce gang considère l'action Combat (Basique) comme Action de combat (simple).
../TacticsCards/GENERIC CARDS/Sterner Stuff.png;Sterner Stuff;Gang Tactics;"| Play this card instead of activating a fighter.
Make a Rally check for each Broken fighter
in your gang, as though it was the End phase.";Plus solide qu’il n’y paraît;Générique;Jouez cette carte au lieu d'activer un combattant. Effectuez un test de Ralliement pour chaque combattant Brisé dans votre gang, comme si c'était la phase de Fin.
../TacticsCards/GENERIC CARDS/Stop Resisting.png;Stop Resisting;Gang Tactics;"| Play this card when a friendly Standing and
Engaged fighter makes a Fight (Basic) action,
(including as part of a Charge (Double)
action). |
Untul the End phase of this round, enemy
fighters cannot make Reaction attacks against
this fighter.";Arrêtez de résister;Générique;Jouez cette carte lorsqu'un statut amical et Le combattant engagé effectue une action Combat (Basique), (y compris dans le cadre d'une Charge (Double) actions). Jusqu'à la phase de Fin de ce tour, l'ennemi les combattants ne peuvent pas effectuer d'attaques de réaction contre ce combattant.
../TacticsCards/GENERIC CARDS/Sump Slump.png;Sump Slump;Gang Tactics;"Play at the start of any turn.
Immediately remove D3 Barricades of your
choice from anywhere on the board.";Affaissement du puisard;Générique;Jouez au début d’un tour. Retirez immédiatement les barricades D3 de votre choix n’importe où sur le tableau.
../TacticsCards/GENERIC CARDS/Supressing Fire.png;Supressing Fire;Gang Tactics;"| Play this card after making an unsuccessful
hit roll for a ranged weapon.

The target is Pinned, even though they |
were not hit by the attacks.";Tir de suppression;Générique;Jouez cette carte après avoir échoué jet de touche pour une arme à distance. La cible est Bloquée, même si elle n'ont pas été touchés par les attaques.
../TacticsCards/GENERIC CARDS/Swift Justice.png;Swift Justice;Gang Tactics;"| Play this card when one of your fighters is
taken Out of Action by an enemy fighter's
attack.

A friendly fighter can immediately make
a free Shoot (Basic) action against the
attacker.";Justice rapide;Générique;Jouez cette carte lorsqu'un de vos combattants est mis hors de combat par un combattant ennemi attaque. Un combattant allié peut immédiatement faire une action Tir (Basique) gratuite contre le attaquant.
../TacticsCards/GENERIC CARDS/Tactical Deployment.png;Tactical Deployment;Gang Tactics;"Play during the pre-battle sequence during

Step 5. Choose Crews.

If the scenario uses Random (X) crew selection,
you may re-select any fighters of your choice.
Shuffle the cards back into your deck and redraw
that number of cards. The second draw stands,
even if the same fighters are drawn again.";Déploiement tactique;Générique;Jouez pendant la séquence d'avant-bataille pendant Étape 5. Choisissez les équipages. Si le scénario utilise une sélection d'équipage aléatoire (X), vous pouvez resélectionner les combattants de votre choix. Mélangez les cartes dans votre deck et redessinez ce nombre de cartes. Le deuxième tirage est maintenu, même si les mêmes combattants sont à nouveau tirés au sort.
../TacticsCards/GENERIC CARDS/Tainted Meat.png;Tainted Meat;Gang Tactics;"| Play this card immediately after it has been
drawn during step 7 of the pre-battle
sequence.

Nominate one fighter from your opponent's
starting crew. That fighter starts this battle
with one Flesh Wound.";Viande contaminée;Générique;Jouez cette carte immédiatement après qu'elle ait été tiré lors de l'étape 7 de la pré-bataille séquence. Nommez un combattant parmi ceux de votre adversaire équipage de départ. Ce combattant commence cette bataille avec une Blessure Légère.
../TacticsCards/GENERIC CARDS/Take the Initiative.png;Take the Initiative;Gang Tactics;"Play this card at the start of the round before

rolling for Priority.

Your gang has Priority this round. If |
multiple gangs play this card then they must

roll off to see who has Priority as normal

|

|";Prendre l’initiative;Générique;Jouez cette carte au début du round avant lancer pour la priorité. Votre gang a la priorité ce tour-ci. Si plusieurs gangs jouent cette carte alors ils doivent lancez pour voir qui a la priorité comme d'habitude
../TacticsCards/GENERIC CARDS/Tech Override.png;Tech Override;Gang Tactics;"Play this card when a friendly fighter makes an
Access Terminal action or Bypass Lock action, or
when rolling to see if a friendly fighter triggers a
booby trap.

If making an Access Terminal action or Bypass
Lock action, the intelligence check is passed
automatically. If rolling to see whether a booby
trap is triggered, you can choose the result
instead of rolling.";Contournement technique;Générique;Jouez cette carte lorsqu'un combattant allié fait un Action d’accès au terminal ou action de contournement du verrouillage, ou en lançant pour voir si un combattant allié déclenche un piège. Si vous effectuez une action de terminal d'accès ou un contournement Action de verrouillage, le contrôle de renseignement est réussi automatiquement. Si vous roulez pour voir si un fou le piège est déclenché, vous pouvez choisir le résultat au lieu de rouler.
../TacticsCards/GENERIC CARDS/They_re Everywhere!.png;They're Everywhere!;Gang Tactics;"| Play this card instead of activating a fighter.
Each enemy fighter who is within 4"" of

two or more fighters from your gang must |
make a Cool check. If the check is failed, the
enemy fighter is Pinned.";Ils sont partout !;Générique;"Jouez cette carte au lieu d'activer un combattant. Chaque combattant ennemi se trouvant à moins de 4"" deux combattants ou plus de votre gang doivent faites un chèque Cool. Si la vérification échoue, le le combattant ennemi est Bloqué."
../TacticsCards/GENERIC CARDS/Thundering Charge.png;Thundering Charge;Gang Tactics;"Play when a fighter makes a Charge action,
before they move.

Double the fighter’s Move instead of adding
1D EI";Charge tonitruante;Générique;Jouez lorsqu’un combattant effectue une action de Charge, avant son déplacement. Doublez le Mouvement du combattant au lieu d’ajouter 1D3.
../TacticsCards/GENERIC CARDS/Trap Chute.png;Trap Chute;Gang Tactics;"Play when an enemy model crawls through a
ductway.

The enemy model is placed by the enemy player
within 1"" of a randomly chosen ductway with 18""
of their current location. If there are no other
ductway markers in this then the model is
removed for D3 rounds. When they return to
play, place them within 1"" of the ductway they
were crawling through.";Trappe piégée;Générique;"Jouez lorsqu'une figurine ennemie rampe à travers un canalisation. La figurine ennemie est placée par le joueur ennemi à moins de 1"" d'un conduit choisi au hasard avec 18"" de leur emplacement actuel. S'il n'y en a pas d'autre marqueurs de conduits dans ce cas, le modèle est supprimé pour les tours D3. Quand ils reviennent à jouer, placez-les à moins de 1"" du conduit qu'ils rampaient à travers."
../TacticsCards/GENERIC CARDS/Trapped Console.png;Trapped Console;Gang Tactics;"| Play this card when an enemy fighter
interacts with a console, before the end of
the action.

Centre the 3” blast marker on the enemy
fighter. All models under the marker suffer a
Strength 3, AP -, Damage 1 hit.";Console piégée;Générique;"Jouez cette carte lorsqu'un combattant ennemi interagit avec une console, avant la fin de l'action. Centrez le marqueur de souffle de 3"" sur l'ennemi. combattant. Toutes les figurines sous le marqueur subissent un Force 3, AP -, Dégâts 1 coup."
../TacticsCards/GENERIC CARDS/Trusty Backup.png;Trusty Backup;Gang Tactics;"| Play this card when activating a fighter.
Put this card under the active fighter's
Fighter card. Until the end of the battle, |
this fighter has an additional stub gun.";Renfort fiable;Générique;Jouez cette carte lors de l'activation d'un combattant. Mettez cette carte sous le combattant actif Carte de combattant. Jusqu'à la fin de la bataille, ce combattant a un pistolet tronqué supplémentaire.
../TacticsCards/GENERIC CARDS/Unnerving Whispers.png;Unnerving Whispers;Gang Tactics;"| Play this card instead of activating a fighter.

|

An enemy fighter of your choice must pass
_a Willpower check at -2 or become subject _
to the Insanity condition. Place an Insanity
marker on the fighter and immediately roll

_a D6 on the Insanity table (see page 60 of
the Necromunda Rulebook).";Chuchotements troublants;Générique;Jouez cette carte au lieu d'activer un combattant. Un combattant ennemi de votre choix doit passer _un test de Volonté à -2 ou devenir sujet _ à la condition de folie. Placez une folie marqueur sur le combattant et lancez immédiatement _a D6 sur la table Folie (voir page 60 de le livre de règles de Necromunda).
../TacticsCards/GENERIC CARDS/Unstable Energy.png;Unstable Energy;Gang Tactics;"| Play this card when an enemy fighter armed
with a las, plasma or melta weapon of any
type makes an attack with that weapon.

For the remainder of this round, all enemy
weapons of the same type (las, plasma or
melta) gain the Unstable trait if they do not
already have it. If they already have the
Unstable trait, they gain the Scarce trait.";Énergie instable;Générique;Jouez cette carte lorsqu'un combattant ennemi armé avec une arme à laser, à plasma ou à fusion de un le type effectue une attaque avec cette arme. Pour le reste de ce tour, tous les ennemis armes du même type (las, plasma ou melta) gagnent le trait Instable s'ils ne le font pas je l'ai déjà. S'ils ont déjà le Trait Instable, ils acquièrent le trait Rare.
../TacticsCards/GENERIC CARDS/Vacuum Chamber.png;Vacuum Chamber;Gang Tactics;"Zone Mortalis only. |
Place this card when a door is opened. |
All models within 12” of the opening door
are immediately moved D6"" toward the
doorway. |";Chambre à vide;Générique;"Zone Mortalis uniquement. Placez cette carte lorsqu'une porte est ouverte. Tous les figurines à moins de 12"" de la porte qui s'ouvre sont immédiatement déplacés de D6"" vers le porte."
../TacticsCards/GENERIC CARDS/Veiled Threat.png;Veiled Threat;Gang Tactics;"| Play this card during any Action phase, after
Fleeing the Battlefield but before

Activating Fighters.

Choose a friendly fighter. For the remainder
of this round, that fighter cannot be targeted
by a ranged attack unless they are the only
visible target.";Menace voilée;Générique;Jouez cette carte pendant une phase d’Action, après après les tests de Déroute mais avant Activation des combattants. Choisissez un combattant allié. Pour le reste de ce tour, ce combattant ne peut pas être ciblé par une attaque à distance, à moins qu'ils ne soient les seuls cible visible.
../TacticsCards/GENERIC CARDS/Violent-Minded.png;Violent-Minded;Gang Tactics;"| Play this card when activating a fighter.

This turn, the fighter can make an

additional action (usually three rather than |
two), as long as at least one of their actions is
Shoot or Fight.";Esprit violent;Générique;Jouez cette carte lors de l'activation d'un combattant. Ce tour-ci, le combattant peut faire un action supplémentaire (généralement trois au lieu de deux), à condition qu'au moins une de leurs actions soit Tirez ou combattez.
../TacticsCards/GENERIC CARDS/What_s a few Teeth.png;What's a few Teeth?;Gang Tactics;"| Play this when a friendly fighter suffers a
Flesh Wound.

The Flesh Wound is ignored. Any other |
effects of the injury still apply.";Quelques dents, qu’est-ce que c’est ?;Générique;Jouez à ceci lorsqu'un combattant allié subit un Blessure Légère. La Blessure Légère est ignorée. Tout autre les effets de la blessure s’appliquent toujours.
../TacticsCards/GENERIC CARDS/Wrong Again.png;Wrong Again;Gang Tactics;"| Play when one of your fighters is hit by a
ranged attack.

Choose any other friendly fighter within |
range and line of sight of the attacking
model. This chosen fighter becomes the

new target for the attack, which is resolved

as normal,";Encore raté;Générique;Jouez lorsqu'un de vos combattants est touché par un attaque à distance. Choisissez un autre combattant allié dans portée et ligne de vue de l'attaquant modèle. Ce combattant choisi devient le nouvelle cible pour l'attaque, qui est résolue comme d'habitude,
../TacticsCards/GENERIC CARDS/You!.png;You!;Gang Tactics;"Play this card when activating a fighter.

Choose an enemy model with line of sight to the
fighter you have just activated. For the
remainder of the game, any ranged or melee
attacks made by this fighter against the
nominated enemy gain +1 on the wound roll.
The fighter can only make ranged and melee
attacks against the nominated enemy until that
enemy has been taken Out of Action.";Toi !;Générique;Jouez cette carte lors de l'activation d'un combattant. Choisissez une figurine ennemie avec une ligne de vue vers le combattant que vous venez d'activer. Pour le reste de la bataille, à distance ou en mêlée attaques menées par ce combattant contre le L'ennemi désigné gagne +1 au jet de blessure. Le combattant ne peut faire qu'à distance et en mêlée attaques contre l'ennemi désigné jusqu'à ce que l'ennemi a été mis hors de combat.
../TacticsCards/GENERIC CARDS/You’re coming with Me!.png;You're coming with Me!;Gang Tactics;"| Play when a fighter is taken Out of Action

by aclose combat attack.

The chosen fighter may make a single close ©
combat attack against the enemy that took
them Out of Action. They are then removed
from play as normal.";Tu viens avec moi !;Générique;Jouez lorsqu'un combattant est mis hors de combat par une attaque de combat rapproché. Le combattant choisi peut effectuer un seul close © attaque de combat contre l'ennemi qui a pris les hors de combat. Ils sont ensuite supprimés du jeu normalement.
../TacticsCards/GOLIATH/ They’re only Bullets!.png;| They're only Bullets!;Goliath Tactics;"Play this gang tactic during the Priority phase of
any round, after Roll for Priority but before
Ready Fighters.

Until the End phase of this round, all friendly
House Goliath fighters that are within 6"" of,
and have a line of sight to, a friendly House
Goliath Leader or Champion gain the Nerves

of Steel skill.";Ce ne sont que des balles !;Goliath;"Jouez cette tactique de gang pendant la phase de Priorité de un tour, après le lancer de priorité mais avant activation des combattants Prêts. Jusqu'à la phase de Fin de ce tour, tous amicaux Les combattants de la Maison Goliath qui se trouvent à moins de 6"" de, et avoir une ligne de mire vers une maison conviviale Goliath Leader ou Champion gagne les nerfs de compétence Acier."
../TacticsCards/GOLIATH/Anything_s a Weapon.png;Anything's a Weapon;Goliath Tactics;"| One of your fighters can spend an action to
play this card.

Tuck this card under the fighter's card. |
While it is there, the fighter’s unarmed
attacks receive +1 strength and AP -1.";Tout est une arme;Goliath;Un de vos combattants peut dépenser une action pour jouez cette carte. Glissez cette carte sous la carte du combattant. Tant qu'il est là, le combattant n'est pas armé les attaques reçoivent +1 en force et AP -1.
../TacticsCards/GOLIATH/Apprentice.png;Apprentice;Goliath Tactics;"Play after both sides have deployed, but before
the first round. Choose a friendly Goliath
Champion and Juve /Prospect. For this battle the
Champion gains Overseer. It can only be used to
activate the Apprentice. If they already has it, the
Order (Double) actions becomes (Basic) when
used to activate the Apprentice. Alternatively they
may gain Mentor. It can only be used when the
Apprentice gains an XP. If the they already has
it, they can use it as normal, but automatically
pass any Ld checks made for the Apprentice.";Apprenti;Goliath;Jouez après que les deux camps se soient déployés, mais avant le premier tour. Choisissez un Goliath amical Champion et Juve/Prospect. Pour cette bataille, le Le Champion gagne le Surveillant. Il ne peut être utilisé que pour activer l'apprenti. S'ils l'ont déjà, le Les actions d'ordre (double) deviennent (de base) lorsque utilisé pour activer l’apprenti. Alternativement, ils peut gagner un mentor. Il ne peut être utilisé que lorsque le L'apprenti gagne un XP. S'ils l'ont déjà il, ils peuvent l'utiliser normalement, mais automatiquement réussir tous les contrôles Ld effectués pour l'apprenti.
../TacticsCards/GOLIATH/Blade Breaker.png;Blade Breaker;Goliath Tactics;"| Play this card when one of your fighters is
hit, but not wounded by a close combat
weapon that does not have the Power trait.
The close combat weapon (pick one if the
fighter was hit but not wounded by more
than one) cannot be used for the rest of the
battle.";Brise-lame;Goliath;Jouez cette carte lorsqu'un de vos combattants est touché, mais pas blessé par un combat rapproché arme qui n’a pas le trait Pouvoir. L'arme de combat rapproché (choisissez-en une si la le combattant a été touché mais pas blessé par d'autres plus d’un) ne peut pas être utilisé pour le reste de la bataille.
../TacticsCards/GOLIATH/Boost Up.png;Boost Up;Goliath Tactics;"Play this gang tactic when activating a friendly
House Goliath fighter.

This fighter can perform a Boost (Double)
action:

Boost (Double): Choose a single Standing and
Active friendly fighter that is within 2"" of this
fighter. That fighter may immediately be moved
up to 6"" vertically and 1"" horizontally.";Coup de pouce;Goliath;"Jouez cette tactique de gang lors de l'activation d'un combattant allié de la maison Goliath. Ce combattant peut effectuer un Boost (Double) action : Boost (Double) : Choisissez un seul statut et combattant allié actif qui se trouve à moins de 2"" de celui-ci combattant. Ce combattant peut être immédiatement déplacé jusqu'à 6"" verticalement et 1"" horizontalement."
../TacticsCards/GOLIATH/Brutal Charge.png;Brutal Charge;Goliath Tactics;"| Play this card when one of your fighters
makes a Charge action.

For the duration of the action, the fighter's |
Movement characteristic is increased by 2"",
and their Attacks characteristic is increased
by 1. In addition, any attacks they make gain
the Knockback trait.";Charge brutale;Goliath;"Jouez cette carte lorsqu'un de vos combattants effectue une action Charger. Pendant toute la durée de l'action, le La caractéristique de mouvement est augmentée de 2"", et leur caractéristique d'Attaques est augmentée de 1. De plus, toutes les attaques qu'ils effectuent gagnent le trait Recul."
../TacticsCards/GOLIATH/Ceramite Skin.png;Ceramite Skin;Goliath Tactics;"| Play this card when a fighter is hit by an
attack with the Blaze trait.
The fighter is not pinned and the attack |
causes no damage.";Peau de Céramite;Goliath;Jouez cette carte lorsqu'un combattant est touché par un attaquez avec le trait Blaze. Le combattant n'est pas coincé et l'attaque ne provoque aucun dommage.
../TacticsCards/GOLIATH/Crunch Time.png;Crunch Time;Goliath Tactics;"Play this gang tactic during the Priority

phase of any round, after Roll for Priority,

but before Ready Fighters.

Untul the End phase of this round, all
unarmed attacks made by friendly fighters

| gain +1 S and the Pulverise trait.

|";Moment critique;Goliath;Jouez cette tactique de gang pendant la priorité phase de un tour, après un lancer de priorité, mais avant Ready Fighters. Jusqu'à la phase de Fin de ce tour, tous attaques à mains nues lancées par des combattants alliés gagnez +1 S et le trait Pulverise.
../TacticsCards/GOLIATH/Fireborn.png;Fireborn;Goliath Tactics;"| Play this gang tactic at the start of the battle,
after both sides have deployed but before
the first round.
Choose up to three House Goliath fighters
in your starting crew. Until the end of this
battle, the chosen fighters become immune
to both the Blaze and the Rad-phage traits.";Né du feu;Goliath;Jouez cette tactique de gang au début de la bataille, après que les deux camps se soient déployés mais avant le premier tour. Choisissez jusqu'à trois combattants de la Maison Goliath dans votre équipe de départ. Jusqu'à la fin de ça bataille, les combattants choisis deviennent immunisés aux traits Blaze et Rad-phage.
../TacticsCards/GOLIATH/Genetically Gifted.png;Genetically Gifted;Goliath Tactics;"Play this gang tactic at the start of the
Deployment step of the pre-battle sequence
before any fighters have been deployed.

Choose a House Goliath fighter in your starting
crew. Until the end of this battle, that fighter
gains one additional genetic upgrade of your
choice. This must be from the same category as
that fighter's chosen subtype but does not affect
their credit cost.";Génétiquement doué;Goliath;Jouez cette tactique de gang au début du Étape de déploiement de la séquence pré-bataille avant que des combattants aient été déployés. Choisissez un combattant de la Maison Goliath dans votre camp de départ équipage. Jusqu'à la fin de cette bataille, ce combattant gagne une amélioration génétique supplémentaire de votre choix. Celui-ci doit appartenir à la même catégorie que le sous-type choisi par ce combattant mais n'affecte pas leur coût de crédit.
../TacticsCards/GOLIATH/Get ‘Em!.png;Get ‘Em!;Goliath Tactics;"Play this gang tactic during the Priority phase of
any round, after Roll for Priority but before
Ready Fighters.

Until the End phase of this round, all friendly
House Goliath fighters activated as part of

a Group Activation may add 2"" to their
Movement characteristic during their Activation.";Chopez-les !;Goliath;"Jouez cette tactique de gang pendant la phase de Priorité de un tour, après le lancer de priorité mais avant activation des combattants Prêts. Jusqu'à la phase de Fin de ce tour, tous amicaux Combattants de la Maison Goliath activés dans le cadre de une activation de groupe peut ajouter 2"" à leur Caractéristique de mouvement lors de son activation."
../TacticsCards/GOLIATH/Hammer Blow.png;Hammer Blow;Goliath Tactics;"Play this gang tactic during the Priority
phase of any round, after Roll for Priority
but before Ready Fighters.

Until the End phase of this round, all
friendly House Goliath fighters' weapons
with the Melee trait gain the Knockback
‘trait.";Coup de marteau;Goliath;Jouez cette tactique de gang pendant la priorité phase de un tour, après le lancer de priorité mais avant Ready Fighters. Jusqu'à la phase de Fin de ce tour, tous Armes des combattants alliés de la Maison Goliath avec le trait Mêlée, obtenez le Renversement 'trait.
../TacticsCards/GOLIATH/Improvised Projectile.png;Improvised Projectile;Goliath Tactics;"Play this gang tactic when activating a friendly
House Goliath fighter.

Choose one of the fighter's weapons with the
Melee trait. Until the end of this fighter's
activation, that weapon gains both a Long range
characteristic of 4"" and the Versatile trait.
However, until the End phase of this round, this
fighter cannot make a Reaction attack with that
weapon.";Projectile improvisé;Goliath;"Jouez cette tactique de gang lors de l'activation d'un combattant allié de la maison Goliath. Choisissez une des armes du combattant avec le trait Mêlée. Jusqu'à la fin de ce combat activation, cette arme gagne à la fois une longue portée caractéristique du 4"" et le trait Polyvalent. Cependant, jusqu'à la phase de Fin de ce tour, ce le combattant ne peut pas faire une attaque de réaction avec ça arme."
../TacticsCards/GOLIATH/Inhuman Resilience.png;Inhuman Resilience;Goliath Tactics;"| Play this card instead of activating a fighter
on your turn.

Each of your Pinned fightersimmediately _
stands up. Then make a Recovery roll for
each Injured fighter in your gang, treating
Out of Action results as Seriously Injured.";Résilience inhumaine;Goliath;Jouez cette carte au lieu d'activer un combattant à ton tour. Chacun de vos combattants Bloqués immédiatement _ se lève. Effectuez ensuite un jet de récupération pour chaque combattant blessé de votre gang, soignant Hors de combat, les résultats sont gravement blessés.
../TacticsCards/GOLIATH/Ironhide.png;| tronhide;Goliath Tactics;"| Play when one of your fighters is wounded
by an attack that causes more than

1 Damage.

The attack only causes 1 Damage. In
addition, if the fighter is pinned after the
attack has been resolved they return to
standing.";Peau de fer;Goliath;Jouez lorsqu'un de vos combattants est blessé par une attaque qui cause plus de 1 Dommages. L'attaque ne cause qu'1 Dégât. Dans De plus, si le combattant est coincé après le l'attaque a été résolue, ils retournent à debout.
../TacticsCards/GOLIATH/Knockout Blow.png;Knockout Blow;Goliath Tactics;"| Play this card when a fighter makes close
combat attacks before rolling to hit.

Any wound rolls for this fighter's attacks are —
automatically successful - no dice roll is
required.";Coup de grâce;Goliath;Jouez cette carte lorsqu'un combattant se rapproche combattez les attaques avant de lancer pour toucher. Tous les jets de blessure pour les attaques de ce combattant sont : automatiquement réussi - aucun lancer de dé n'est requis.
../TacticsCards/GOLIATH/Named and Shamed.png;Named and Shamed;Goliath Tactics;"Play this card at the start of the Deployment step
before any fighters have been deployed. Your

ang may immediately recruit up to two Goliath
faves They are recruited for free but will leave
the gang at the end of this battle. Each fighter is
equipped with a maul and either a stimm-slug
stash or a frenzon collar. These fighters are not
counted towards your maximum crew size - they
are taken in addition to your starting crew. If you
do not have models available to represent them,
you may discard this card and select another.";Nommé et humilié;Goliath;Jouez cette carte au début de l'étape de déploiement avant que des combattants aient été déployés. Votre ang peut recruter immédiatement jusqu'à deux Goliath favoris Ils sont recrutés gratuitement mais partiront le gang à la fin de cette bataille. Chaque combattant est équipé d'un maul et soit d'un stimm-slug cachette ou un collier frenzon. Ces combattants ne sont pas comptés dans la taille maximale de votre équipage - ils sont recrutés en plus de votre équipage de départ. Si vous ne disposent pas de modèles pour les représenter, vous pouvez défausser cette carte et en sélectionner une autre.
../TacticsCards/GOLIATH/Not Done Yet.png;Not Done Yet;Goliath Tactics;"Play when a fighter from your gang is taken out
of action.

Tuck this card under the fighters card, they are
not removed from play. If they were prone, they
return to standing. They go out of action after
they are next activated and take a turn or when
they suffer another unsaved wound, whichever
comes first.";Pas encore fait;Goliath;Jouez lorsqu'un combattant de votre gang est éliminé d'action. Glissez cette carte sous la carte des combattants, ils sont pas retiré du jeu. S'ils étaient sujets, ils revenir debout. Ils sont mis Hors de combat après ils sont ensuite activés et prennent un tour ou quand ils subissent une autre blessure non guérie, quelle que soit la vient en premier.
../TacticsCards/GOLIATH/One Last Go.png;One Last Go;Goliath Tactics;"Play this gang tactic when one of your House
Goliath fighters is taken Out of Action by an
attack made with a ranged weapon.

Before removing the fighter from the battlefield,
they may immediately make a Charge (Double)
action. After this action is resolved, the fighter
goes Out of Action as normal.";Un dernier effort;Goliath;Jouez cette tactique de gang lorsqu'un membre de votre maison Les combattants Goliath sont mis hors de combat par un attaque effectuée avec une arme à distance. Avant de retirer le combattant du champ de bataille, ils peuvent immédiatement effectuer une Charge (Double) actions. Une fois cette action résolue, le combattant devient Hors de combat comme d'habitude.
../TacticsCards/GOLIATH/Second Wind.png;Second Wind;Goliath Tactics;"Play instead of activating a fighter.
Remove a flesh wound from any fighter's
card.";Deuxième souffle;Goliath;Jouez au lieu d'activer un combattant. Retirez une Blessure Légère sur le corps d'un combattant. carte.
../TacticsCards/GOLIATH/Steel Constitution.png;Steel Constitution;Goliath Tactics;"Play instead of activating a fighter.

Choose one of your fighters and tuck this

card under their fighter card. Until the end of
the round, this fighter cannot be affected by
weapons with the Gas or Toxin trait, and their
Strength and Toughness are used at their

full value, regardless of any modifiers
(including flesh wounds).";Constitution d’acier;Goliath;Jouez au lieu d'activer un combattant. Choisissez un de vos combattants et rangez-le carte sous leur carte de combattant. Jusqu'à la fin de le tour, ce combattant ne peut pas être affecté par armes avec le trait Gaz ou Toxine, et leurs Force et la robustesse sont utilisées à leur valeur totale, quels que soient les modificateurs (y compris les Blessures Légères).
../TacticsCards/GOLIATH/Stimm Overload.png;Stimm Overload;Goliath Tactics;"Play this card when activating a fighter.
This fighter counts a Charge
(Double) action as a Basic action this turn.";Surcharge de stimm;Goliath;Jouez cette carte lors de l'activation d'un combattant. Ce combattant compte une Charge (Double) action comme action de base ce tour-ci.
../TacticsCards/GOLIATH/Stimm Reserve.png;Stimm Reserve;Goliath Tactics;"Play this gang tactic when activating any friendly
fighter.

Choose one friendly fighter that is currently on
the battlefield. Until the end of this battle, that
fighter's Strength characteristic is increased by
D3, However, until the end of this battle, that
fighter's Toughness characteristic is decreased
by 1. Note that if this decrease in Toughness
reduces that fighter's Toughness to 0, they will
go Out of Action as normal.";Réserve Stimm;Goliath;Jouez cette tactique de gang lors de l'activation d'un ami. combattant. Choisissez un combattant allié actuellement actif le champ de bataille. Jusqu'à la fin de cette bataille, cela la caractéristique de Force du combattant est augmentée de D3, Cependant, jusqu'à la fin de cette bataille, cela la caractéristique d'endurance du combattant est diminuée de 1. Notez que si cette diminution de la Résistance réduit l'Endurance de ce combattant à 0, il le fera passer hors de combat comme d'habitude.
../TacticsCards/GOLIATH/Stimm Surge.png;Stimm Surge;Goliath Tactics;"Play this card when activating a fighter.

Tuck this card under the Fighter's card. While it
is there , the fighter's Move, Strength and
Toughness are each increased by 1. In each End
phase, roll a D6. On a 1, the card is discarded
and an Injury roll is made for the fighter, using a
Damage of 2. On a 2, the card is discarded.

On a 3, the fighter suffers a Flesh Wound but
the card remains in play.";Poussée de stimm;Goliath;Jouez cette carte lors de l'activation d'un combattant. Glissez cette carte sous la carte du Combattant. Pendant qu'il est-ce là, le mouvement, la force et la force du combattant L'endurance est augmentée de 1. À chaque extrémité phase, lancez un D6. Sur un 1, la carte est défaussée et un jet de Blessure est effectué pour le combattant, à l'aide d'un Dégâts de 2. Sur un 2, la carte est défaussée. Sur 3, le combattant subit une Blessure Chair mais la carte reste en jeu.
../TacticsCards/GOLIATH/Subconscious Mnemonics.png;Subconscious Mnemonics;Goliath Tactics;"Play this gang tactic at the start of the
Deployment step of the pre-battle sequence
before any fighters have been deployed.

Choose a friendly House Goliath Leader or
Champion with two or more skills. For the
remainder of this battle, that fighter may
exchange one of their skills for another skill of
the same skill set. The controlling pee chooses
which skill is replaced and which skill it is
replaced with.";Mnémoniques subconscients;Goliath;Jouez cette tactique de gang au début du Étape de déploiement de la séquence pré-bataille avant que des combattants aient été déployés. Choisissez un chef Goliath de maison amical ou Champion avec deux compétences ou plus. Pour le reste de cette bataille, ce combattant peut échanger une de leurs compétences contre une autre compétence de le même ensemble de compétences. Le pipi contrôlant choisit quelle compétence est remplacée et de quelle compétence il s'agit remplacé par.
../TacticsCards/GOLIATH/Tempered in Battle.png;Tempered in Battle;Goliath Tactics;"Play this gang tactic when a friendly House
Goliath fighter takes an enemy fighter

Out of Action with a close combat attack

or by performing a Coup De Grace. For the
remainder of this battle, the fighter that took
the enemy fighter Out of Action gains the
Fearsome skill. In addition, for the remainder of
this battle, this fighter gains +1 XP when they
take an enemy fighter Out of Action with either
a close combat attack or by performing a Coup
De Grace.";Trempé au combat;Goliath;Jouez cette tactique de gang lorsqu'une maison amicale Le combattant Goliath prend un combattant ennemi Hors de combat avec une attaque au corps à corps ou en exécutant un Coup de Grâce. Pour le reste de cette bataille, le combattant qui a pris le combattant ennemi Hors de combat gagne le Compétence redoutable. De plus, pour le reste de cette bataille, ce combattant gagne +1 XP lorsqu'il mettre un combattant ennemi hors de combat avec soit une attaque au corps à corps ou en effectuant un coup d'État De Grâce.
../TacticsCards/GOLIATH/The Hand that Feeds You.png;The Hand that Feeds You;Goliath Tactics;"Play this card at the start of the Deployment step
of the pre-battle sequence before any fighters
have been deployed. The gang may recruit

a House Agent for this battle without needing to
make a Petition and without needing to pay

a hiring fee (i-e., this House Agent is hired for
free). If they do so, during the post-battle
sequence the gang gains no credits from scenario
rewards. If you do not have a model available to
represent this House Agent, you may discard this
card and select another.";La main qui vous nourrit;Goliath;Jouez cette carte au début de l'étape de déploiement de la séquence d'avant-bataille avant tout combattant ont été déployés. Le gang peut recruter un House Agent pour cette bataille sans avoir besoin de faire une pétition et sans avoir à payer des frais d'embauche (c'est-à-dire que cet agent immobilier est embauché pour gratuit). S'ils le font, pendant l'après-bataille séquence, le gang ne gagne aucun crédit du scénario récompenses. Si vous n'avez pas de modèle disponible pour représentez cet agent de maison, vous pouvez le défausser carte et sélectionnez-en une autre.
../TacticsCards/GOLIATH/Unleash the Fear.png;Unleash the Fear;Goliath Tactics;"Play this gang tactic when a friendly Goliath
fighter performs the Flex (Simple) action.

All enemy fighters within 6"" of, and with a line
of sight to, the fighter performing the

Flex (Simple) action must immediately make

a Cool check. If the check is passed, this gang
tactic has no further effect. If the check is failed,
they become Broken.";Libérer la peur;Goliath;"Jouez cette tactique de gang lorsqu'un Goliath combattant allié effectue l’action Flex (Simple). Tous les combattants ennemis à moins de 6"" et avec une ligne de vue, le combattant effectuant le L'action flexible (simple) doit immédiatement faire un chèque cool. Si le test est réussi, ce gang la tactique n’a plus d’effet. Si le contrôle échoue, ils deviennent brisés."
../TacticsCards/GOLIATH/Unstoppable Behemoth.png;Unstoppable Behemoth;Goliath Tactics;"| Play this card after an attack is made against
on of your fighters, before the Injury roll
(if any) is made.

The attack has no further effect - no Injury
roll is made. In addition, if your fighter is
pinned, they immediately stand up.";Béhémoth imparable;Goliath;Jouez cette carte après une attaque contre sur l'un de vos combattants, avant le jet de Blessure (le cas échéant) est effectué. L'attaque n'a aucun autre effet - pas de blessure le rouleau est fait. De plus, si votre combattant est Bloqués, ils se relèvent immédiatement.
../TacticsCards/GOLIATH/Vat Twin.png;Vat Twin;Goliath Tactics;"Play this card at the start of the battle, after both
sides have deployed but before the first round.
Choose two Goliath fighters in your starting crew
to be Vat Twins. If, during the battle, one of
them is taken Out of Action, the other removes
any Flesh Wounds it has and gains Berserker,
Nerves of Steel and Unstoppable skills until the
end of this battle. If both fighters are targeted by
the same attack, fully resolve it against both
before applying this card; both fighters may go
Out of Action.";Jumeau de cuve;Goliath;"Jouez cette carte au début de la bataille, après les deux les équipes se sont déployées mais avant le premier tour. Choisissez deux chasseurs Goliath dans votre équipage de départ être des Vat Twins. Si, pendant la bataille, l'un des l'un est mis Hors de combat, l'autre le supprime toutes les Blessures Légères qu'il a et gagne Berserker, Des nerfs d'acier et des compétences imparables jusqu'au fin de cette bataille. Si les deux combattants sont visés par la même attaque, résolvez-la entièrement contre les deux avant d'appliquer cette carte ; les deux combattants peuvent partir Hors de combat."
../TacticsCards/GOLIATH/Walking Fortress.png;Walking Fortress;Goliath Tactics;"Play this gang tactic when activating any |
friendly fighter.

Place a Furnace Barricade (see page 111 |
of Necromunda: House of Chains) within

1"" of the fighter. The fighter's activation ther
ends.";Forteresse ambulante;Goliath;"Jouez cette tactique de gang lors de l'activation d'un combattant allié. Placez une barricade de fournaise (voir page 111 de Necromunda : Maison des Chaînes) à l'intérieur 1"" du combattant. L'activation du combattant là-bas se termine."
../TacticsCards/GOLIATH VEHICLES/'ead As Thick As.png;"""ead As Thick As Their Rig";Goliath Vehicle Tactics;"Play this gang tactic when a friendly vehicle is
Wrecked before rolling on the Lasting Injury
table for the crew.

Do not roll on the table; the result is
automatically Out Cold.";Tête aussi dure que leur engin;Véhicules Goliath;"Jouez cette tactique de gang lorsqu'un véhicule allié est Naufragé avant de lancer sur la blessure durable table pour l'équipage. Ne roulez pas sur la table ; le résultat est automatiquement à froid."
../TacticsCards/GOLIATH VEHICLES/Batter Up.png;Batter Up;Goliath Vehicle Tactics;"Play this gang tactic when activating a friendly
fighter subject to the Mounted condition before
performing any actions.

For the duration of this activation, any close
combat attacks made by the fighter gain

the Knockback trait.";À la batte;Véhicules Goliath;Jouez cette tactique de gang lors de l'activation d'un ami chasseur soumis à la condition Monté avant effectuer des actions. Pendant la durée de cette activation, toute clôture les attaques de combat effectuées par le combattant gagnent le trait Recul.
../TacticsCards/GOLIATH VEHICLES/Bowlin’ Action.png;| Bowlin’ Action;Goliath Vehicle Tactics;"Play this gang tactic when activating a friendly
vehicle before performing any actions.

For the duration of this activation, the vehicle
treats the Ram (Double) action as a Simple
action.";Action de bowling;Véhicules Goliath;Jouez cette tactique de gang lors de l'activation d'un ami véhicule avant d’effectuer toute action. Pendant la durée de cette activation, le véhicule traite l'action Ram (Double) comme une simple actions.
../TacticsCards/GOLIATH VEHICLES/Can Openers.png;Can Openers;Goliath Vehicle Tactics;"Play this gang tactic at the beginning of the battle
before the first roll for Initiative.

For the duration of the battle, D3 weapons with
the Melee trait add 1 to their Damage
characteristic while targeting vehicles.";Ouvre-boîtes;Véhicules Goliath;Jouez cette tactique de gang au début de la bataille avant le premier jet d’Initiative. Pendant toute la durée de la bataille, les armes D3 avec le trait Mêlée ajoute 1 à leurs Dégâts caractéristique tout en ciblant les véhicules.
../TacticsCards/GOLIATH VEHICLES/Cheap Construction.png;Cheap Construction;Goliath Vehicle Tactics;"Play this gang tactic during the post-battle
sequence when performing the Negotiate Repairs
post-battle action.

Reduce the cost of one Negotiate Repairs action
by 50%, rounding up to the nearest 5 credits.";Construction bon marché;Véhicules Goliath;Jouez cette tactique de gang pendant l'après-bataille séquence lors de l’exécution de la négociation des réparations action d'après-bataille. Réduisez le coût d’une action de négociation de réparations de 50 %, en arrondissant aux 5 crédits les plus proches.
../TacticsCards/GOLIATH VEHICLES/Drive It Off.png;Drive It Off;Goliath Vehicle Tactics;"Play this gang tactic after a friendly vehicle is hit
by a ranged attack, before rolling to wound.
The vehicle makes a Toughness check on the
facing that is being hit; if the check is passed,
the vehicle is not hit by the attack.";Repoussez-le;Véhicules Goliath;"Jouez cette tactique de gang après qu'un véhicule allié soit touché par une attaque à distance, avant de rouler pour blesser. Le véhicule effectue un test d'endurance sur le faire face à cela est frappé; si le test est réussi, le véhicule n'est pas touché par l'attaque."
../TacticsCards/GOLIATH VEHICLES/Hardened Chassis.png;Hardened Chassis;Goliath Vehicle Tactics;"Play this gang tactic when a friendly vehicle is
Wrecked before rolling on the Lasting Damage
table.

Do not roll on the table; the result is
automatically a 1 - Persistent Rattle.";Châssis durci;Véhicules Goliath;"Jouez cette tactique de gang lorsqu'un véhicule allié est Détruit avant de lancer sur les dégâts durables tableau. Ne roulez pas sur la table ; le résultat est automatiquement un 1 - Hochet persistant."
../TacticsCards/GOLIATH VEHICLES/King of the Wastes.png;King of the Wastes;Goliath Vehicle Tactics;"Play this gang tactic during the post-battle
sequence when receiving scenario rewards.
If at least one cngy vehicle is still on the
battlefield, add 1 to the gang’s Reputation.";Roi des Désolations;Véhicules Goliath;Jouez cette tactique de gang pendant l'après-bataille séquence lors de la réception des récompenses du scénario. Si au moins un véhicule GNV est toujours sur le champ de bataille, ajoutez 1 à la réputation du gang.
../TacticsCards/GOLIATH VEHICLES/Last Gasp.png;Last Gasp;Goliath Vehicle Tactics;"Play this gang tactic when a friendly vehicle is
Wrecked before rolling on the Lasting Damage
table.

The vehicle may immediately make a free

Fire All (Basic) action.";Dernier souffle;Véhicules Goliath;Jouez cette tactique de gang lorsqu'un véhicule allié est Détruit avant de lancer sur les dégâts durables tableau. Le véhicule peut immédiatement effectuer un tour gratuit Action Tirer tous (de base).
../TacticsCards/GOLIATH VEHICLES/Lotsa Ammo!.png;Lotsa Ammo!;Goliath Vehicle Tactics;"Play this gang tactic at the beginning of the battle
before the first roll for Initiative.

For the duration of the battle, D3 weapons with
the Crew Operated trait lose the Scarce trait. If
they don't have the Scarce trait, they gain

the Plentiful trait instead.";Beaucoup de munitions !;Véhicules Goliath;Jouez cette tactique de gang au début de la bataille avant le premier jet d’Initiative. Pendant toute la durée de la bataille, les armes D3 avec le trait Crew Operator perd le trait Rare. Si ils n'ont pas le trait Rare, ils gagnent le trait Abondant à la place.
../TacticsCards/GOLIATH VEHICLES/Not So Fast.png;Not So Fast;Goliath Vehicle Tactics;"Play this gang tactic when an enemy vehicle
moves out of engagement range of a friendly
fighter.

The fighter may immediately make a free
Reaction attack against the vehicle.";Pas si vite;Véhicules Goliath;Jouez cette tactique de gang lorsqu'un véhicule ennemi s'éloigne de la portée d'engagement d'un combattant allié. Le combattant peut immédiatement effectuer un coup franc Attaque de réaction contre le véhicule.
../TacticsCards/GOLIATH VEHICLES/Power Through.png;Power Through;Goliath Vehicle Tactics;"Play this gang tactic when a friendly fighter
subject to the Mounted condition would become
Pinned.

The fighter makes a Strength check, if the check
is passed they do not become Pinned.";Passer en force;Véhicules Goliath;Jouez cette tactique de gang lorsqu'un combattant allié soumis à la condition Monté deviendrait Bloqué. Le combattant effectue un test de Force, si le test est réussi, ils ne sont pas Bloqués.
../TacticsCards/GOLIATH VEHICLES/Reinforced Plates.png;Reinforced Plates;Goliath Vehicle Tactics;"Play this gang tactic at the beginning of the battle
before the first roll for Initiative.

For the duration of the battle, a friendly vehicle
increases its Front arc Toughness by 1.";Plaques renforcées;Véhicules Goliath;Jouez cette tactique de gang au début de la bataille avant le premier jet d’Initiative. Pendant toute la durée de la bataille, un véhicule allié augmente sa résistance à l'arc avant de 1.
../TacticsCards/GOLIATH VEHICLES/Roaring To Life.png;Roaring To Life;Goliath Vehicle Tactics;"Play this gang tactic when activating a friendly
vehicle that is Stalled before performing any
actions.

The vehicle immediately changes its Status to
Mobile.";Rugissement au démarrage;Véhicules Goliath;Jouez cette tactique de gang lors de l'activation d'un ami véhicule qui est calé avant d'effectuer toute actions. Le véhicule change immédiatement son statut en Mobile.
../TacticsCards/GOLIATH VEHICLES/Superficial Damage.png;| Superficial Damage;Goliath Vehicle Tactics;"Play this gang tactic when a hit is being resolved
against a friendly vehicle before rolling Damage
dice.

For the duration of the hit, reduce the number

of Damage rolled by 1, to a minimum of 1.";Dégâts superficiels;Véhicules Goliath;Jouez cette tactique de gang lorsqu'un coup est en cours de résolution contre un véhicule allié avant de lancer les dégâts dés. Pendant la durée du coup, réduisez le nombre de Dégâts obtenu par 1, jusqu'à un minimum de 1.
../TacticsCards/GOLIATH VEHICLES/T-bone.png;T-bone;Goliath Vehicle Tactics;"Play this gang tactic when a friendly vehicle is
involved in a vehicle collision before resolving
hits.

For the duration of the collision, increase

the Strength of any hits caused by this vehicle
by 2.";Collision latérale;Véhicules Goliath;Jouez cette tactique de gang lorsqu'un véhicule allié est impliqué dans une collision de véhicules avant de résoudre frappe. Pendant la durée de la collision, augmentez la force de tout coup causé par ce véhicule par 2.
../TacticsCards/GOLIATH VEHICLES/The Immovable Object.png;The Immovable Object;Goliath Vehicle Tactics;"Play this gang tactic when a friendly vehicle is
involved in a vehicle collision before moving any
models.

The vehicle is not moved as a result of

the collision.";L’objet immuable;Véhicules Goliath;Jouez cette tactique de gang lorsqu'un véhicule allié est impliqué dans une collision de véhicule avant de déplacer modèles. Le véhicule n'est pas déplacé en raison de la collision.
../TacticsCards/GOLIATH VEHICLES/Wreck It!.png;Wreck It!;Goliath Vehicle Tactics;"Play this gang tactic at the beginning of any
round before rolling for Initiative.

Choose an nt vehicle; for the duration of the
round, all friendly models can re-roll failed hit
rolls against the vehicle.";Détruisez-le !;Véhicules Goliath;"Jouez cette tactique de gang au début de un tour avant de lancer pour l’Initiative. Choisissez un véhicule NT ; pour la durée du round, toutes les figurines amies peuvent relancer les coups ratés roule contre le véhicule."
../TacticsCards/MISFITS/Blood Money.png;Blood Money;Venator Tactics;"| Play this card when an enemy Champion or
Leader is taken Out of Action.

Your gang immediately addsanumberof |
credits equal to half the Champion's or
Leader's cost (rounding up) to its stash.";L'argent du sang;Venator;Jouez cette carte lorsqu'un Champion ennemi ou Le leader est mis hors de combat. Votre gang ajoute immédiatement un certain nombre de crédits égaux à la moitié du Champion ou Coût du leader (arrondi au supérieur) à sa réserve.
../TacticsCards/MISFITS/Cult Ambush.png;Cult Ambush;Genestealer Cult Tactics;"Play this card immediately before |
deployment.

Your gang's deployment area is expanded by
3"" (in all directions), though cannot overlap
your enemy's deployment area.";Embuscade du Culte;Culte Genestealers;"Jouez cette carte juste avant déploiement. La zone de déploiement de votre gang est étendue de 3"" (dans toutes les directions), mais ne peut pas se chevaucher la zone de déploiement de votre ennemi."
../TacticsCards/MISFITS/Dark Blessings.png;Dark Blessings;Chaos Helots Tactics;"Play this card when your Demagogue is Seriously
Injured or taken Out of Action but before
removing the fighter from the board.

Make a Willpower check for the Demagogue. If
the check is passed, replace the Demagogue with
a Chaos Spawn. During the Wrap-up step, the
Chaos Spawn is removed from play and you must
test to see if the Demagogue succumbs their
injuries, as if they were Seriously Injured when
the battle ended.";Bénédictions sombres;Hilotes du Chaos;Jouez cette carte lorsque votre démagogue est sérieusement Blessé ou mis hors de combat mais avant retirer le combattant du plateau. Faites un test de Volonté pour le Démagogue. Si le test est réussi, remplacez le Démagogue par un engeance du chaos. Au cours de l'étape de synthèse, le Chaos Spawn est retiré du jeu et vous devez testez pour voir si le démagogue succombe à son blessures, comme s'ils étaient gravement blessés lorsque la bataille est terminée.
../TacticsCards/ORLOCK/Ambition.png;Ambition;Orlock Tactics;"Play this card when it is your turn to activate a
fighter.

Pick a Juve or a Ganger with a Ready marker.
For this turn only that fighter is treated as a
Leader for the purposes of activating groups - in
other words, if they are activated, you can
activate up to two other fighters within 4""

of them.";Ambition;Orlock;"Jouez cette carte quand c'est votre tour d'activer un combattant. Choisissez une Juve ou un Ganger avec un marqueur Ready. Pour ce tour, seul ce combattant est traité comme un Leader aux fins d'activation de groupes - en autrement dit, s'ils sont activés, vous pouvez activer jusqu'à deux autres combattants dans un rayon de 4"" d'eux."
../TacticsCards/ORLOCK/Ammo Pack.png;Ammo Pack;Orlock Tactics;"Play this gang tactic instead of activating a fighter.
Choose a friendly Orlock fighter with the
Munitioneer skill. All friendly ngnices within 6""
and line of sight of that fighter that have the

Out of Ammo condition may immediately
perform a free Reload (Simple) action. A fighter
can perform this action even if they would
normally be unable to do so (eg, if their weapon
has the Scarce trait). Seriously Injured fighters
are not affected by this gang tactic.";Pack de munitions;Orlock;"Jouez cette tactique de gang au lieu d'activer un combattant. Choisissez un combattant Orlock amical avec le Compétence de munitionnaire. Tous les équipements conviviaux dans un rayon de 6"" et la ligne de mire de ce combattant qui a le L'état « Sans munitions » peut immédiatement effectuez une action de rechargement (simple) gratuite. Un combattant peuvent effectuer cette action même s'ils le faisaient normalement incapable de le faire (par exemple, si leur arme a le trait Rare). Combattants grièvement blessés ne sont pas concernés par cette tactique de gang."
../TacticsCards/ORLOCK/Beat Down.png;Beat Down;Orlock Tactics;"| Play at the start of any round.

For the duration of the round, all unarmed
close combat attacks made by your fighters _
that hit, automatically inflict a Flesh

Wounds unless a save roll is made. No
wound roll or injury roll is made.";Passage à tabac;Orlock;Jouez au début d’un tour. Pendant toute la durée du round, tous non armés attaques de combat rapproché effectuées par vos combattants _ qui frappe, inflige automatiquement un Flesh Blessures à moins qu'un jet de sauvegarde soit effectué. Non un jet de blessure ou un jet de blessure est effectué.
../TacticsCards/ORLOCK/Blood Brothers.png;Blood Brothers;Orlock Tactics;"Play this gang tactic at the start of the
Deployment step of the pre-battle sequence,
before any fighters have been cee nie:

The gang may recruit two Hive Scum for this
battle without needing to pay a hiring fee or
the cost of their weapons and Wargear. If they
do so, during the post-battle sequence the gang
gains only half the amount of credits from
scenario rewards. If you do not have models
available to represent these Hive Scum, you may
discard this gang tactic and select another.";Frères de sang;Orlock;Jouez cette tactique de gang au début du Étape de déploiement de la séquence pré-bataille, avant que les combattants ne soient cee nie : Le gang peut recruter deux Hive Scum pour cela. se battre sans avoir à payer de frais d'embauche ou le coût de ses armes et de leur équipement de guerre. S'ils faites-le, pendant la séquence d'après-bataille, le gang ne gagne que la moitié du montant des crédits de récompenses de scénario. Si vous n'avez pas de modèles disponible pour représenter ces Racailles de la Ruche, vous pouvez abandonnez cette tactique de gang et sélectionnez-en une autre.
../TacticsCards/ORLOCK/Bond of Brotherhood.png;Bond of Brotherhood;Orlock Tactics;"| Play this card at the end of a friendly
fighter's turn, when they are within 3"" ofa
friendly fighter who is Seriously Injured.
The fighter can immediately make a Fight
(basic) or Shoot (basic) action. This is in
addition to the two other actions they can
make during their turn.";Lien de fraternité;Orlock;"Jouez cette carte à la fin d'un match amical c'est le tour du combattant, lorsqu'il est à 3"" ou moins d'un combattant allié qui est grièvement blessé. Le combattant peut immédiatement effectuer un Combat (de base) ou Tirer (de base). C'est dans en plus des deux autres actions qu'ils peuvent faire pendant leur tour."
../TacticsCards/ORLOCK/Bond of Iron.png;Bond of lron;Orlock Tactics;"Play this gang tactic during the Priority phase of
any round, after Roll for Priority, but before
Ready Fighters.

Until the End phase of this round, all friendly
Orlock fighters with the Group Activation (X)
special rule can activate one additional fighter

as part of any Group Activation they make,

e.g., a fighter with Group Activation (2) can
activate three fighters instead.";Lien de fer;Orlock;Jouez cette tactique de gang pendant la phase de Priorité de un tour, après le lancer de priorité, mais avant activation des combattants Prêts. Jusqu'à la phase de Fin de ce tour, tous amicaux Combattants Orlock avec l'activation de groupe (X) une règle spéciale peut activer un combattant supplémentaire dans le cadre de toute activation de groupe qu'ils effectuent, par exemple, un combattant avec l'activation de groupe (2) peut activez plutôt trois combattants.
../TacticsCards/ORLOCK/Boom Boom Surprise.png;Boom Boom Surprise;Orlock Tactics;"Play this gang tactic instead of activating

a fighter.

Choose a Promethium Barrel Gang Terrain
feature that is within 8"" of a friendly fighter that
can see the chosen Promethium Barrel.

The barrel explodes; resolve the effects of

an attack with an incendiary charge centred on
the Promethium Barrel. After this g tactic is
resolved, remove the Promethium Barrel from
the battlefield.";Boum Boum Surprise;Orlock;"Jouez cette tactique de gang au lieu d'activer un combattant. Choisissez un terrain de gang de barils de Prométhium élément qui se trouve à moins de 8"" d'un combattant allié qui peut voir le baril de Prométhium choisi. Le canon explose ; résoudre les effets de une attaque avec charge incendiaire centrée sur le baril de prométhium. Après cette tactique g est résolu, retirez le baril de Prométhium de le champ de bataille."
../TacticsCards/ORLOCK/Die Trying.png;Die Trying;Orlock Tactics;"Play at the start of any round. |
For the duration of the turn, Seriously |
Injured fighters in your gang can provide |
assists and interference as if they were
standing.";Mourir en essayant;Orlock;Jouez au début d’un tour. Pendant toute la durée du round, Sérieusement Les combattants blessés de votre gang peuvent fournir aides et interférences comme s'ils étaient debout.
../TacticsCards/ORLOCK/Down but not Out .png;Down but not Out;Orlock Tactics;"Play this gang tactic when activating a Seriously
Injured friendly fighter that is within 3"" of

a friendly Standing and Active Orlock fighter.
The activated fighter suffers a Flesh Wound
and then becomes Standing and Active.

The fighter may then make a single Basic or
Simple Action, after which the fighter's
activation ends.";À terre mais pas vaincu;Orlock;"Jouez cette tactique de gang lors de l'activation d'un Sérieusement combattant allié blessé qui se trouve à moins de 3"" de un combattant Orlock amical et actif. Le combattant activé subit une Blessure Légère puis devient Debout et Actif. Le combattant peut alors effectuer un seul Basic ou Action simple, après quoi le combattant l'activation se termine."
../TacticsCards/ORLOCK/For Close Encounters.png;For Close Encounters;Orlock Tactics;"| Play this card when activating a fighter.

|

Put this card under the active fighter's

Fighter card. Until the end of athe battle, _
this fighter has a sawn-off shotgun

in addition to their other equipment.

|

|";Pour les rencontres rapprochées;Orlock;Jouez cette carte lors de l'activation d'un combattant. Mettez cette carte sous le combattant actif Carte de combattant. Jusqu'à la fin de la bataille, _ ce combattant a un fusil à canon tronqué en plus de leurs autres équipements.
../TacticsCards/ORLOCK/Grandstanding.png;Grandstanding;Orlock Tactics;"Play this gang tactic at the start of the
Deployment step of the pre-battle sequence,
before any fighters have been deployed.

If your (Leader) is not part of your crew, one
(Champion) of your choice within your crew
may be replaced with your (Leader). If no
(Champions) are part of eee crew, a (Ganger)
may be replaced instead. If your (Leader) is part
of your crew already, you may discard this gang
tactic and select another.";Frime;Orlock;Jouez cette tactique de gang au début du Étape de déploiement de la séquence pré-bataille, avant que des combattants aient été déployés. Si votre (chef) ne fait pas partie de votre équipage, un (Champion) de votre choix au sein de votre équipage peut être remplacé par votre (Leader). Si non (Champions) font partie de l'équipage eee, un (Ganger) peut être remplacé à la place. Si votre (leader) fait partie de votre équipage déjà, vous pouvez éliminer ce gang tactique et sélectionnez-en une autre.
../TacticsCards/ORLOCK/Initiation.png;Initiation;Orlock Tactics;"Play this tactic at the start of the Deployment
step of the pre-battle sequence, before any
fighters have been deployed. Your gang may
immediately recruit ue to three Greenhorns for
free. They will leave the gang at the end of this
battle. Each Greenhorn is armed with a sawn-off
shotgun and flak armour. These fighters are not
counted towards your maximum crew size - they
are taken in addition to are starting crew. If you
do not have models available, you may discard
this tactic and select another.";Initiation;Orlock;Jouez cette tactique au début du déploiement étape de la séquence pré-bataille, avant tout des combattants ont été déployés. Votre gang peut recrutez immédiatement trois Greenhorns pour gratuit. Ils quitteront le gang à la fin bataille. Chaque Greenhorn est armé d'un canon scié fusil de chasse et armure anti-aile. Ces combattants ne sont pas comptés dans la taille maximale de votre équipage - ils sont pris en plus de l'équipage de départ. Si vous n'avez pas de modèles disponibles, vous pouvez les jeter cette tactique et en sélectionner une autre.
../TacticsCards/ORLOCK/Intimidation.png;| Intimidation;Orlock Tactics;"| Play instead of activating a fighter.

Choose an Active fighter from your gang.
Each Active enemy fighter within 9"" of that |
fighter must make a Nerve test. If a fighter
fails the check, they run for cover as normal,
but are not Broken.";Intimidation;Orlock;"Jouez au lieu d'activer un combattant. Choisissez un combattant actif de votre gang. Chaque combattant ennemi actif à moins de 9"" de Le combattant doit faire un test nerveux. Si un combattant échoue au contrôle, ils courent se mettre à couvert normalement, mais ne sont pas brisés."
../TacticsCards/ORLOCK/Last Gasp.png;Last Gasp;Orlock Tactics;"| Play this card when activating a Seriously
Injured fighter.

This fighter immediately becomes |
Standing and Active. At the end of this
fighter's activation, they go Out of Action
and are removed from play.";Dernier souffle;Orlock;Jouez cette carte lors de l'activation d'un Sérieusement Combattant blessé. Ce combattant devient immédiatement Debout et Actif. A la fin de ceci activation du combattant, ils deviennent hors de combat et sont retirés du jeu.
../TacticsCards/ORLOCK/Lead by Example.png;Lead by Example;Orlock Tactics;"| Play this when a Leader or Champion from
your gang takes an enemy model Out of
Action in close combat.

Any Broken fighter from your gang
immediately rally. In addition, any Pinned
fighters from your gang within 6"" of the
Leader or Champion can immediately return
to standing.";Montrer l’exemple;Orlock;"Jouez à ceci lorsqu'un leader ou un champion de votre gang prend un modèle ennemi hors de Action en combat rapproché. un combattant brisé de votre gang se rallier immédiatement. De plus, tout Bloqué combattants de votre gang à moins de 6"" du Le leader ou le champion peut revenir immédiatement à se tenir debout."
../TacticsCards/ORLOCK/Protection Duty.png;Protection Duty;Orlock Tactics;"Play this tactic at the start of the Deployment
step of the pre-battle sequence, before any
fighters have been deployed. Your gang may
take a Rebel Lord for this battle. They're taken
in add. to your start crew and don't count
towards your max. crew size. If you don't have a
model, select another card, If this Rebel Lord is
taken OOA, every friendly fighter suffers a -2 to
Cool for the rest of this battle. In campaign battl
your gang loses 5 Rep. (to a min. of 0), and the
gang that takes the Rebel Lord OOA gains 3 Rep.";Devoir de protection;Orlock;Jouez cette tactique au début de l’étape de Déploiement de la séquence Pré-bataille, avant que des combattants aient été déployés. Votre gang peut recruter un Rebel Lord pour cette bataille. Il est recruté en plus de votre équipage de départ et ne compte pas dans la taille maximale de votre équipage. Si vous n’avez pas de figurine pour le représenter, choisissez une autre carte. Si ce Rebel Lord est mis Hors de combat, chaque combattant allié subit un modificateur de -2 à ses tests de Sang-froid pour le reste de cette bataille. Dans une bataille de campagne, votre gang perd 5 de Réputation, jusqu’à un minimum de 0, et le gang qui met le Rebel Lord Hors de combat gagne 3 de Réputation.
../TacticsCards/ORLOCK/Quick Trick.png;Quick Trick;Orlock Tactics;"Play this gang tactic when an enemy fighter
declares a Charge (Double) action and moves
within 1"" of a friendly Orlock fighter.

The fighter can immediately make an attack with
a sawn-off shotgun against the charging fighter
even if they are not equipped with one.

The enemy fighter cannot be Pinned by this
attack but, if they are Seriously Injured, their
activation ends.";Astuce rapide;Orlock;"Jouez cette tactique de gang lorsqu'un combattant ennemi déclare une action Charge (Double) et se déplace à moins de 1"" d'un combattant Orlock ami. Le combattant peut immédiatement lancer une attaque avec un fusil à canon tronqué contre le combattant qui charge même s'ils n'en sont pas équipés. Le combattant ennemi ne peut pas être Bloqué par ceci attaque mais, s'ils sont gravement blessés, leur l'activation se termine."
../TacticsCards/ORLOCK/Seismic Surprise.png;Seismic Surprise;Orlock Tactics;"Play this gang tactic when a friendly Orlock
fighter performs a Shoot (Basic) action with
a frag grenade.

Until the end of their activation, this fighter's
frag grenades gain the Seismic trait.";Surprise sismique;Orlock;Jouez cette tactique de gang lorsqu'un Orlock combattant allié effectue une action Tir (Basique) avec une grenade à fragmentation. Jusqu'à la fin de son activation, le les grenades à fragmentation acquièrent le trait Sismique.
../TacticsCards/ORLOCK/Showboating.png;Showboating;Orlock Tactics;"Play this gang tactic when a friendly Orlock
fighter takes an enemy fighter Out of Action
with an attack as part of a Charge (Double)
action.

If the fighter is no longer Engaged, they may
immediately make a second, free Charge
(Double) action. If the fighter is Engaged, they
may immediately make a free Fight (Basic)
action instead.";Showboating;Orlock;Jouez cette tactique de gang lorsqu'un Orlock amical un combattant met un combattant ennemi hors de combat avec une attaque dans le cadre d'une Charge (Double) actions. Si le combattant n'est plus Engagé, il peut effectuez immédiatement une deuxième charge gratuite (Double)action. Si le combattant est Engagé, il peut immédiatement faire un combat gratuit (Basique) action à la place.
../TacticsCards/ORLOCK/Solidarity.png;Solidarity;Orlock Tactics;"| Play at the start of any round.

For the duration of the round, fighters from
your gang automatically pass any Cool |
checks they make as long as they are within
6"" of another fighter from your gang.";Solidarité;Orlock;"Jouez au début d’un tour. Pendant toute la durée du round, les combattants de votre gang réussit automatiquement un Cool contrôles qu'ils effectuent tant qu'ils sont à l'intérieur 6"" d'un autre combattant de votre gang."
../TacticsCards/ORLOCK/Stepping Up.png;Stepping Up;Orlock Tactics;"Play this gang tactic when a friendly Orlock
fighter with the Gang Hierarchy (Leader) trait is
taken Out of Action. Choose a friendly Orlock
yates that is on the battlefield and has the Gang

ierarchy (Champion) skill. Until the end of this
battle, or until the chosen fighter is taken Out of
Action, the chosen fighter replaces their Gang
Hierarchy (Champion) and Group Activation (1)
special rules with the Gang Hierarchy (Leader)
and Group Activation (2) special rules.";Prendre ses responsabilités;Orlock;Jouez cette tactique de gang lorsqu'un Orlock amical Un combattant avec le trait Hiérarchie des gangs (Leader) est mis Hors de combat. Choisissez un Orlock convivial Yates qui est sur le champ de bataille et qui a le Gang compétence de hiérarchie (Champion). Jusqu'à la fin de ça bataille, ou jusqu'à ce que le combattant choisi soit retiré du Action, le combattant choisi remplace son Gang Hiérarchie (Champion) et activation de groupe (1) règles spéciales avec la hiérarchie des gangs (Leader) et règles spéciales d'activation de groupe (2).
../TacticsCards/ORLOCK/Strength of Arms.png;Strength of Arms;Orlock Tactics;"Play this gang tactic during the Priority phase of
any round, after Roll for Priority, but before
Ready Fighters.

Until the End phase of this round, attacks made
by friendly Orlock fighters made with a weapon
that has the Melee trait gain +15 for each
additional friendly fighter that is also Engaged
with the target, to a maximum of +3.";Force des armes;Orlock;Jouez cette tactique de gang pendant la phase de Priorité de un tour, après le lancer de priorité, mais avant activation des combattants Prêts. Jusqu'à la phase de Fin de ce tour, les attaques effectuées par des combattants Orlock amicaux fabriqués avec une arme qui a le trait Mêlée gagne +15 pour chacun combattant allié supplémentaire qui est également engagé avec la cible, jusqu'à un maximum de +3.
../TacticsCards/ORLOCK/Tough as Nails.png;Tough as Nails;Orlock Tactics;"Play this tactic during the Priority phase of any
round, after Roll for Priority, before Ready
Fighters. Choose a friendly Orlock gutee with
the Gang Hierarchy (X) special rule. For the
remainder of this battle, roll a D6 each time that
fighter suffers a wound (roll separately for each
wound caused by a single attack). On a 2+, that
wound is ignored. On a 1, the fighter suffers the
wound as normal and this tactic is discarded.

If the fighter suffers an Injury without losing a
wound (e.g., from Gas trait), discard this tactic.";Dur comme des ongles;Orlock;Jouez cette tactique pendant la phase de priorité de un tour, après Lancer pour la Priorité, avant Prêt les combattants. Choisissez une gutee Orlock conviviale avec la règle spéciale Hiérarchie des gangs (X). Pour le reste de cette bataille, lancez 1D6 à chaque fois que le combattant subit une blessure (lancez séparément pour chaque blessure causée par une seule attaque). Sur un 2+, ça la blessure est ignorée. Sur un 1, le combattant subit le blessé normalement et cette tactique est abandonnée. Si le combattant subit une blessure sans perdre un blessure (par exemple, du trait Gaz), défaussez cette tactique.
../TacticsCards/ORLOCK/Trigger Discipline.png;Trigger Discipline;Orlock Tactics;"Play this gang tactic during the Priority phase of
any round, after Roll for Priority, but before
Ready Fighters.

Until the End phase of this round, all friendly
Orlock fighters that start their activation within
6"" of a friendly fighter with the Gang Hierarchy
(X) rule count as having the Steady Hands skill.";Discipline de détente;Orlock;"Jouez cette tactique de gang pendant la phase de Priorité de un tour, après le lancer de priorité, mais avant activation des combattants Prêts. Jusqu'à la phase de Fin de ce tour, tous amicaux Combattants Orlock qui commencent son activation dans 6"" d'un combattant allié avec la hiérarchie des gangs La règle (X) compte comme ayant la compétence Steady Hands."
../TacticsCards/ORLOCK/Up Close and Personal.png;Up Close and Personal;Orlock Tactics;"Play this gang tactic during the Priority phase of
any round, after Roll for Priority, but before
Ready Fighters.

Choose up to three friendly Orlock fighters.
Until the end of the battle, any sawn-off
shotguns carried by those fighters gain the
Sidearm trait.";Au contact;Orlock;Jouez cette tactique de gang pendant la phase de Priorité de un tour, après le lancer de priorité, mais avant activation des combattants Prêts. Choisissez jusqu'à trois combattants Orlock amis. Jusqu'à la fin de la bataille, tout tronçonné les fusils de chasse portés par ces combattants obtiennent le Trait d'arme de poing.
../TacticsCards/ORLOCK/Wall of Iron.png;Wall of tron;Orlock Tactics;"Play this gang tactic during the Priority phase of
any round, after Roll for Priority, but before
Ready Fighters.

Until the End phase of this round, any friendly
fighter that is in base contact with one or more
Standing and Active friendly Orlock fighters
cannot be involuntary placed Prone and Pinned
(they may, however, voluntarily go Prone should
you Wish).";Mur de fer;Orlock;Jouez cette tactique de gang pendant la phase de Priorité de un tour, après le lancer de priorité, mais avant activation des combattants Prêts. Jusqu'à la phase de Fin de ce tour, tout combattant allié qui est en contact socle à socle avec un ou plusieurs Combattants Orlock amis Debout et Actifs ne peut pas être placé involontairement À Terre et Bloqué (ils peuvent cependant volontairement se mettre à plat ventre si vous le souhaitez).
../TacticsCards/ORLOCK/What’s in a Name_.png;What's in a Name?;Orlock Tactics;"Play this gang tactic at the start of the battle,
after both sides have deployed but before

the first round.

Choose a friendly Orlock fighter in your
starting crew. Until the end of this battle, that
fighter gains one additional Orlock Legendary
Name of your choice. This does not affect their
Credit cost.";Qu’y a-t-il dans un nom ?;Orlock;Jouez cette tactique de gang au début de la bataille, après que les deux camps se soient déployés mais avant le premier tour. Choisissez un combattant Orlock amical dans votre équipage de départ. Jusqu'à la fin de cette bataille, cela le combattant gagne un Orlock Legendary supplémentaire Nom de votre choix. Cela n'affecte pas leur Coût du crédit.
../TacticsCards/ORLOCK VEHICLES/Back in the Saddle.png;Back in the Saddle;Orlock Vehicle Tactics;"Play this gang tactic when activating a friendly
fighter with the Mounted condition who is
Prone and Pinned.

The fighter immediately becomes Standing and
Active without using any actions.";De retour en selle;Véhicules Orlock;Jouez cette tactique de gang lors de l'activation d'un combattant allié avec la condition Monté qui est À Terre et Bloqué. Le combattant devient immédiatement Debout et Actif sans utiliser aucune action.
../TacticsCards/ORLOCK VEHICLES/Biker Gang.png;Biker Gang;Orlock Vehicle Tactics;"Play this gang tactic at the start of the battle,
after both sides have deployed, but before the
first round.

For the duration of this battle, D3 fighters of
your choice in your starting crew subject to the
Mounted condition increase their Initiative
characteristic by 1.";Bande de motards;Véhicules Orlock;Jouez cette tactique de gang au début de la bataille, après que les deux camps se soient déployés, mais avant le premier tour. Pendant toute la durée de cette bataille, les combattants D3 de votre choix dans votre équipage de départ sous réserve des La condition montée augmente leur initiative caractéristique par 1.
../TacticsCards/ORLOCK VEHICLES/Boarding Action!.png;| Boarding Action!;Orlock Vehicle Tactics;"Play this gang tactic when a friendly fighter takes
an Initiative test for jumping onto or off of

a vehicle.

The Initiative test is automatically passed, no roll
is needed.";Action d’abordage !;Véhicules Orlock;Jouez cette tactique de gang lorsqu'un combattant allié prend un test d’Initiative pour sauter sur ou hors de un véhicule. Le test d’Initiative est automatiquement réussi, pas de jet est nécessaire.
../TacticsCards/ORLOCK VEHICLES/Bulldoze.png;| Bulldoze;Orlock Vehicle Tactics;"Play this gang tactic before resolving a vehicle
collision during a friendly vehicle's activation.
The vehicle that is currently activating does not
suffer any hits due to the collision.";Dégagez le passage;Véhicules Orlock;Jouez cette tactique de gang avant de résoudre un véhicule collision lors de l'activation d'un véhicule allié. Le véhicule en cours d'activation ne subir des coups dus à la collision.
../TacticsCards/ORLOCK VEHICLES/Can Openers.png;Can Openers;Orlock Vehicle Tactics;"Play this gang tactic at the start of the battle,
after both sides have deployed, but before

the first round.

Select one friendly fighter; for the duration of
this battle any weapons with the Melee trait they
are equipped with increase their Strength
characteristic by 1 when ae vehicle. If
your gang has no weapons with the Melee trait,
you may discard this gang tactic and select
another.";Ouvre-boîtes;Véhicules Orlock;"Jouez cette tactique de gang au début de la bataille, après que les deux camps se soient déployés, mais avant le premier tour. Choisissez un combattant allié ; pour la durée de cette bataille, toutes les armes avec le trait Mêlée qu'elles sont équipés pour augmenter leur force caractéristique par 1 lorsqu'il s'agit d'un véhicule. Si votre gang n'a pas d'armes avec le trait Mêlée, vous pouvez abandonner cette tactique de gang et sélectionner un autre."
../TacticsCards/ORLOCK VEHICLES/Drive By.png;Drive By;Orlock Vehicle Tactics;"Play this gang tactic when activating a friendly
vehicle.

For the duration of this activation, the vehicle
treats the Move & Shoot (Basic) action as a
simple action.";Fusillade au passage;Véhicules Orlock;Jouez cette tactique de gang lors de l'activation d'un ami véhicule. Pendant la durée de cette activation, le véhicule traite l'action Move & Shoot (Basic) comme un geste simple.
../TacticsCards/ORLOCK VEHICLES/Familiar Ground.png;Familiar Ground;Orlock Vehicle Tactics;"Play this gang tactic at the start of the battle,
after both sides have deployed, but before the
first round.

For the duration of this battle, one friendly
vehicle of your choice in your starting crew may
treat difficult terrain and dangerous terrain as
open terrain.";Terrain familier;Véhicules Orlock;Jouez cette tactique de gang au début de la bataille, après que les deux camps se soient déployés, mais avant le premier tour. Pendant toute la durée de cette bataille, un ami le véhicule de votre choix dans votre équipage de départ pourra traiter les terrains difficiles et les terrains dangereux comme terrain ouvert.
../TacticsCards/ORLOCK VEHICLES/Fang it!.png;Fang it!;Orlock Vehicle Tactics;"Play this gang tactic when activating a friendly

fighter subject to the Mounted condition.

For the duration of this activation, the selected
fighter increases their Movement characteristic
by 4"".";À fond !;Véhicules Orlock;"Jouez cette tactique de gang lors de l'activation d'un combattant allié soumis à la condition Monté. Pendant la durée de cette activation, le sélectionné le combattant augmente sa caractéristique de mouvement par 4""."
../TacticsCards/ORLOCK VEHICLES/Going in Guns Blazing.png;Going in Guns Blazing;Orlock Vehicle Tactics;"Play this gang tactic when activating a friendly
vehicle.

For the duration of this activation, the vehicle
may fire one weapon with the Crew Weapon or
Sidearm trait at any point while making a Ram
(Double) action.";Entrer flingues au clair;Véhicules Orlock;Jouez cette tactique de gang lors de l'activation d'un ami véhicule. Pendant la durée de cette activation, le véhicule peut tirer avec une arme avec l'arme d'équipage ou Trait d'arme de poing à tout moment lors de la fabrication d'un bélier (Double)action.
../TacticsCards/ORLOCK VEHICLES/I Can Hold It!.png;| Can Hold It!;Orlock Vehicle Tactics;"Play this gang tactic after a friendly vehicle has
failed a Loss of Control test.

The vehicle is instead considered to have passed
the Loss of Control test.";Ça tiendra !;Véhicules Orlock;Jouez cette tactique de gang après qu'un véhicule allié ait a échoué à un test de perte de contrôle. Le véhicule est plutôt considéré comme ayant dépassé le test de perte de contrôle.
../TacticsCards/ORLOCK VEHICLES/King of the Road.png;King of the Road;Orlock Vehicle Tactics;"Play this gang tactic during the Wrap-up phase
of the post- battle sequence.

If any enemy vehicles were Wrecked during this
battle, your gang gains D3 Reputation.";Roi de la route;Véhicules Orlock;Jouez cette tactique de gang pendant la phase de synthèse de la séquence d’après-bataille. Si des véhicules ennemis ont été détruits pendant cette période bataille, votre gang gagne une réputation D3.
../TacticsCards/ORLOCK VEHICLES/Power Slide.png;Power Slide;Orlock Vehicle Tactics;"Play this gang tactic when activating a friendly
vehicle.

For the duration of this activation, the vehicle
may make an extra turn of up to 90 degrees when
performing a Move (Simple) action.";Dérapage contrôlé;Véhicules Orlock;Jouez cette tactique de gang lors de l'activation d'un ami véhicule. Pendant la durée de cette activation, le véhicule peut effectuer un virage supplémentaire allant jusqu'à 90 degrés lorsque effectuer une action de déplacement (simple).
../TacticsCards/ORLOCK VEHICLES/Ride Them Down!.png;Ride Them Down!;Orlock Vehicle Tactics;"Play this gang tactic when resolving a Ride By
attack before rolling to Hit.

Increase the Strength of any hits inflicted by the
attack by 1.";Écrasez-les !;Véhicules Orlock;Jouez cette tactique de gang lors de la résolution d'un Ride By attaque avant de lancer le lancer pour toucher. Augmente la force de tous les coups infligés par le attaque par 1.
../TacticsCards/ORLOCK VEHICLES/Road Warriors.png;Road Warriors;Orlock Vehicle Tactics;"Play this gang tactic at the start of a Rolling
Roads battle, after both sides have deployed, but
before the first round.

For the duration of this battle, D3 friendly
models of your choice in your starting crew gain
+1 to the Intelligence test to rejoin the battle. If
the scenario being played does not use the
Rolling Roads rules you may discard this gang
tactic and select another.";Guerriers de la route;Véhicules Orlock;Jouez cette tactique de gang au début d'un Rolling Bataille routière, après le déploiement des deux camps, mais avant le premier tour. Pendant toute la durée de cette bataille, D3 amical modèles de votre choix dans votre gain d'équipage de départ +1 au test d'Intelligence pour rejoindre la bataille. Si le scénario joué n'utilise pas le Selon les règles de Rolling Roads, vous pouvez éliminer ce gang tactique et sélectionnez-en une autre.
../TacticsCards/ORLOCK VEHICLES/Rugged Construction.png;Rugged Construction;Orlock Vehicle Tactics;"Play this gang tactic during the Post-battle
Actions phase of the post-battle sequence.
Halve the credits cost (rounding up to the
nearest 5 credits) of the Negotiate Repairs action.";Construction robuste;Véhicules Orlock;Jouez cette tactique de gang pendant l'après-bataille Phase d'actions de la séquence d'après-bataille. Réduisez de moitié le coût des crédits (en arrondissant au 5 crédits les plus proches) de l’action Négocier les réparations.
../TacticsCards/ORLOCK VEHICLES/Supplies Delivered.png;Supplies Delivered;Orlock Vehicle Tactics;"Play this gang tactic during the Wrap-up phase
of the post-battle sequence.

Add D3x10 credits to your gang's Stash for every
friendly vehicle that took part in the battle and
isn't Wrecked.";Fournitures livrées;Véhicules Orlock;Jouez cette tactique de gang pendant la phase de synthèse de la séquence d’après-bataille. Ajoutez des crédits D3x10 à la réserve de votre gang pour chaque véhicule allié qui a pris part à la bataille et n'est pas détruit.
../TacticsCards/ORLOCK VEHICLES/Take Them Out!.png;Take Them Out!;Orlock Vehicle Tactics;"Play this gang tactic when rolling damage for an
enemy vehicle.
Roll one additional Damage dice for the attack.";Éliminez-les !;Véhicules Orlock;Jouez cette tactique de gang lorsque vous infligez des dégâts pendant un véhicule ennemi. Lancez un dé de dégâts supplémentaire pour l’attaque.
../TacticsCards/ORLOCK VEHICLES/Wheels of Iron.png;Wheels of lron;Orlock Vehicle Tactics;"Play this gang tactic when a friendly vehicle is
targeted by an attack.

For the duration of this attack, increase the
Toughness characteristic of the arc being hit by 1";Roues de fer;Véhicules Orlock;Jouez cette tactique de gang lorsqu'un véhicule allié est visé par une attaque. Pendant la durée de cette attaque, augmentez le Caractéristique de ténacité de l'arc touché par 1
../TacticsCards/OUTCASTS/A Few Friends.png;A Few Friends;Outcasts Tactics;"Play this gang tactic at the start of the battle, afte
both sides have deployed, but before the first
round. Your gang may immediately recruit and
pists in your deployment zone D3+2 Hive Scum
ired Guns. These fighters are recruited for free
and will leave your gang at the end of this battle.
These fighters are not counted towards your
maximum crew size - they are taken in addition
to your starting crew. If you do not have models
available to represent these Hive Scum, you may
discard this gang tactic and select another.";Quelques amis;Outcasts;Jouez cette tactique de gang au début de la bataille, après les deux camps se sont déployés, mais avant le premier rond. Votre gang peut immédiatement recruter et pistes dans votre zone de déploiement D3+2 Hive Scum tiré des armes à feu. Ces combattants sont recrutés gratuitement et quittera votre gang à la fin de cette bataille. Ces combattants ne sont pas pris en compte dans votre taille maximale de l'équipage - ils sont pris en plus à votre équipe de départ. Si vous n'avez pas de modèles disponible pour représenter ces Racailles de la Ruche, vous pouvez abandonnez cette tactique de gang et sélectionnez-en une autre.
../TacticsCards/OUTCASTS/All or Nothing.png;All or Nothing;Outcasts Tactics;"Play this gang tactic when activating a friendly
fighter.

The fighter (who may be Seriously Injured),
immediately becomes Standing and Active and
may perform up to three actions during this
activation. Once their activation ends, they
immediately go Out of Action.";Tout ou rien;Outcasts;Jouez cette tactique de gang lors de l'activation d'un combattant allié. Le combattant (qui pourrait être grièvement blessé), devient immédiatement Debout et Actif et peut effectuer jusqu'à trois actions au cours de cette activation. Une fois son activation terminée, ils immédiatement hors de combat.
../TacticsCards/OUTCASTS/Back to the Badzones.png;Back to the Badzones;Outcasts Tactics;"Play this gang tactic during any End phase,
before your opponent makes any Recovery tests.
The battle ends as if your gang had retreated
from the battlefield. Friendly fighters who are
Seriously Injured automatically recover and
there is no chance for any fighters to be
Captured.";Retour aux Badzones;Outcasts;Jouez cette tactique de gang pendant une phase de Fin, avant que votre adversaire n'effectue un test de récupération. La bataille se termine comme si votre gang s'était retiré du champ de bataille. Des combattants alliés qui sont Les blessés graves récupèrent automatiquement et il n'y a aucune chance pour qu'un combattant soit Capturé.
../TacticsCards/OUTCASTS/Dirty Tactics.png;Dirty Tactics;Outcasts Tactics;"Play this gang tactic at the end of a friendly
fighter's activation.

Immediately activate another Ready friendly
fighter anywhere on the battlefield.";Tactiques sales;Outcasts;Jouez cette tactique de gang à la fin d'un match amical activation du combattant. Activez immédiatement un autre prêt amical combattant n'importe où sur le champ de bataille.
../TacticsCards/OUTCASTS/Fight Another Day.png;Fight Another Day;Outcasts Tactics;"Play this gang tactic when a friendly fighter is
taken Out of Action.

Do not make a Lasting Injury roll against the
fighter. Instead, treat the fighter as being Out
Cold, as if a roll of 12-26 on the Lasting Injury
table had been made against them.";Combattre un autre jour;Outcasts;Jouez cette tactique de gang lorsqu'un combattant allié est mis Hors de combat. Ne faites pas de jet de Blessure Durable contre le combattant. Au lieu de cela, traitez le combattant comme étant exclu Cold, as if a roll of 12-26 on the Lasting Injury une table avait été dressée contre eux.
../TacticsCards/OUTCASTS/Hard Rounds.png;Hard Rounds;Outcasts Tactics;"Play this gang tactic at the start of any round
before players Roll for Priority.

For the duration of both this round and the next,
both players must roll 2D6 when taking a Bottle
test, rather than the usual.";Munitions lourdes;Outcasts;Jouez cette tactique de gang au début d’un tour avant que les joueurs ne lancent le lancer pour la priorité. Pour la durée de ce tour et du suivant, les deux joueurs doivent lancer 2D6 lorsqu'ils prennent une bouteille test, plutôt que l’habituel.
../TacticsCards/OUTCASTS/Honourless Victory.png;Honourless Victory;Outcasts Tactics;"Play this gang tactic at the end of the scenario.
Regardless of the scenario rewards, your gang
does not suffer any loss of Reputation.";Victoire sans honneur;Outcasts;Jouez cette tactique de gang à la fin du scénario. Quelles que soient les récompenses du scénario, votre gang ne subit aucune perte de réputation.
../TacticsCards/OUTCASTS/It_s Personal.png;It's Personal;Outcasts Tactics;"Play this gang tactic at the start of any round
before players Roll for Priority.

Choose one enemy fighter currently on the
battlefield and mark them with a token. For the
remainder of this battle, all friendly fighters add
1 to any Weapon Skill or Ballistic Skill checks
made against the marked fighter.";C'est personnel;Outcasts;Jouez cette tactique de gang au début d’un tour avant que les joueurs ne lancent le lancer pour la priorité. Choisissez un combattant ennemi actuellement sur le champ de bataille et marquez-les avec un jeton. Pour le reste de cette bataille, tous les combattants alliés ajoutent 1 à un test de compétence d’arme ou de compétence balistique faite contre le combattant marqué.
../TacticsCards/OUTCASTS/Lucky Score.png;Lucky Score;Outcasts Tactics;"Play this gang tactic at the end of the scenario.

If the scenario included any reward in the form
of credits, your gang adds an extra D6x10 credits
in addition to those it won.";Coup de chance;Outcasts;Jouez cette tactique de gang à la fin du scénario. Si le scénario incluait une récompense sous la forme de crédits, votre gang ajoute 1D6x10 crédits supplémentaires en plus de ceux qu'il a gagnés.
../TacticsCards/OUTCASTS/More Where They Came From.png;More Where They Came From;Outcasts Tactics;"Play this gang tactic during any End phase,
before your opponent makes any Recovery tests.
You may return to play D3 friendly

Gangers /Juves that have been taken Out of
Action but did not suffer a Memorable Death
result on the Lasting Injury table by placing
them in your gang’s deployment zone. These
fighters retain any injuries suffered for going Out
of Action but discard any Flesh Wounds.";Il y en a d’autres;Outcasts;Jouez cette tactique de gang pendant une phase de Fin, avant que votre adversaire n’effectue ses tests de Récupération. Vous pouvez remettre en jeu D3 Gangers/Juves alliés qui ont été mis Hors de combat sans avoir obtenu de résultat Mort Mémorable sur le tableau des Blessures Durables, en les plaçant dans la zone de déploiement de votre gang. Ces combattants conservent toutes les blessures subies lorsqu’ils ont été mis Hors de combat, mais défaussent toutes leurs Blessures Légères.
../TacticsCards/OUTCASTS/No Masters.png;No Masters;Outcasts Tactics;"Play this gang tactic when a friendly fighter is
required to make a Leadership, Cool, Intelligence
or Willpower check.

The fighter can use the Leadership, Cool,
Intelligence or Willpower of your gang's Leader,
even if the Leader is not currently on the
battlefield.";Pas de maître;Outcasts;Jouez cette tactique de gang lorsqu'un combattant allié est requis pour faire un Leadership, Cool, Intelligence ou test de volonté. Le combattant peut utiliser le Leadership, Cool, Intelligence ou Volonté du Leader de votre gang, même si le leader n'est pas actuellement sur le champ de bataille.
../TacticsCards/OUTCASTS/Old Faithful.png;Old Faithful;Outcasts Tactics;"Play this gang tactic when a friendly fighter
targets an enemy fighter with a ranged or close
combat attack.

Choose either a ranged or a melee weapon from
the Trading Post with a Rarity of 9 or less.
Count this attack as if the fighter was armed
with the chosen weapon.";Le vieux fidèle;Outcasts;Jouez cette tactique de gang lorsqu'un combattant allié cible un combattant ennemi avec un tir à distance ou rapproché attaque de combat. Choisissez une arme à distance ou une arme de mêlée parmi le comptoir commercial avec une rareté de 9 ou moins. Comptez cette attaque comme si le combattant était armé avec l'arme choisie.
../TacticsCards/OUTCASTS/Rise from the Ashes.png;Rise from the Ashes;Outcasts Tactics;"Play this gang tactic at the start of any round
before players Roll for Priority.

For the duration of this round and the following
two rounds, your gang automatically passes all
Bottle tests.";Renaître des cendres;Outcasts;Jouez cette tactique de gang au début d’un tour avant que les joueurs ne lancent le lancer pour la priorité. Pour la durée de ce tour et des suivants deux tours, votre gang réussit automatiquement tout Tests en bouteille.
../TacticsCards/OUTCASTS/Temporary Alliance.png;Temporary Alliance;Outcasts Tactics;"Play this gang tactic at the start of the battle,
after both sides have deployed, but before the
first round.

Choose one Alliance normally available to

your gang (e.g. Noble, Criminal, Guild, etc.).
Your gang gains the effects of this Alliance for
the duration of the battle. This tactic may not be
used if your gang is already in an Alliance.";Alliance temporaire;Outcasts;Jouez cette tactique de gang au début de la bataille, après que les deux camps se soient déployés, mais avant le premier tour. Choisissez une alliance normalement disponible pour votre gang (par exemple Noble, Criminel, Guilde, etc.). Votre gang bénéficie des effets de cette Alliance pour la durée de la bataille. Cette tactique n'est peut-être pas utilisé si votre gang fait déjà partie d'une alliance.
../TacticsCards/OUTCASTS/Undercover Agent.png;Undercover Agent;Outcasts Tactics;"Play this gang tactic when activating a friendly
fighter.

The fighter can choose to weyece their
characteristics profile with that of any friendly
fighter that is currently on the battlefield. At the
end of their activation, this fighter goes

Out of Action.";Agent infiltré;Outcasts;Jouez cette tactique de gang lors de l'activation d'un combattant allié. Le combattant peut choisir de renoncer à son profil de caractéristiques avec celui de tout combattant allié qui est actuellement sur le champ de bataille. Au fin de son activation, ce combattant part Hors de combat.
../TacticsCards/OUTCASTS/We Never Liked Him Anyway.png;We Never Liked Him Anyway;Outcasts Tactics;"Play this gang tactic when a friendly fighter is
taken Out of Action.

The fighter automatically suffers a Memorable
Death, as if a roll of 66 had been made against
them on the Lasting Injury table. The fighter's
cost in credits is then added to your gang's Stash.";On ne l’a jamais vraiment aimé;Outcasts;Jouez cette tactique de gang lorsqu'un combattant allié est mis Hors de combat. Le combattant subit automatiquement un Mémorable La mort, comme si un jet de 66 avait été fait contre placez-les sur la table des Blessures Durables. Celui du combattant le coût en crédits est ensuite ajouté à la réserve de votre gang.
../TacticsCards/OUTCASTS/Worthless.png;Worthless;Outcasts Tactics;"Play this gang tactic when a friendly fighter is
taken Out of Action.

No XP is gained for the fighter being taken

Out of Action. In addition, do not count this
fighter as having been taken Out of Action when
determining scenario rewards.";Sans valeur;Outcasts;Jouez cette tactique de gang lorsqu'un combattant allié est mis Hors de combat. Aucun XP n'est gagné pour le combattant capturé Hors de combat. En plus, ne comptez pas ça combattant comme ayant été mis hors de combat lorsque déterminer les récompenses du scénario.
../TacticsCards/OUTCASTS/Wyrd Occurrence.png;Wyrd Occurrence;Outcasts Tactics;"Play this gang tactic when activating a friendly
fighter.

The fighter immediately performs one of the
following Wyrd Power actions (without the need
to make a Willpower check). Their activation
then ends:

Chronomancy - Freeze Time (Double),
Divination - Misfortune (Basic),

Pyromancy - Molten Bolt (Basic).";Manifestation Wyrd;Outcasts;Jouez cette tactique de gang lors de l'activation d'un combattant allié. Le combattant exécute immédiatement l'un des suite aux actions de Wyrd Power (sans avoir besoin pour faire un test de Volonté). son activation puis se termine : Chronomancie - Temps de gel (Double), Divination - Malheur (Basique), Pyromancie – Boulon en fusion (de base).
../TacticsCards/SLAVE OGRYNS/Avenging Ogryn.png;Avenging Ogryn;Slave Ogryns Tactics;"Play this gang tactic when a friendly Slave Ogryn
fighter is taken Out of Action by an attack made
by an enemy fighter. Choose a friendly Slave
Ogryn that is Standing and Active, and has

a Ready marker on them. Until the end of this
round, that fighter automatically passes any
Nerve tests it has to make. In addition,

the fighter immediately activates, interrupting
the enemy fighter's turn, and performs their
activation as normal. This fighter then loses their
Ready marker.";Ogryn vengeur;Esclaves Ogryns;Jouez cette tactique de gang lorsqu'un esclave amical Ogryn le combattant est mis hors de combat par une attaque effectuée par un combattant ennemi. Choisissez un esclave amical Ogryn qui est Debout et Actif, et qui a un marqueur Prêt sur eux. Jusqu'à la fin de ça round, ce combattant réussit automatiquement un Il doit faire des tests nerveux. De plus, le combattant s'active immédiatement, interrompant au tour du combattant ennemi et effectue son activation normalement. Ce combattant perd alors son Marqueur prêt.
../TacticsCards/SLAVE OGRYNS/Chain Breaker.png;Chain Breaker;Slave Ogryns Tactics;"Play this tactic at the start of the battle, after bot .
sides have deployed, but before the first round.
Until the end of battle, don't roll Recovery for
any friendly Slave Ogryns that are Webbed. Trea
them as having rolled a Flesh Wound and they
immediately become Standing. If your opponent
doesn't have any fighters with Web weapons, you
may discard this gang tactic and select another.
Alternatively, if it's a campaign battle, friendly
fighters can't be captured; any captured fighter
counts as having rolled an Out Cold result.";Brise-chaîne;Esclaves Ogryns;"Jouez cette tactique au début de la bataille, après que les deux camps se sont déployés, mais avant le premier round. Jusqu’à la fin de la bataille, ne faites pas de tests de Récupération pour les Ogryns esclaves alliés Englués. Traitez-les comme s’ils avaient obtenu une Blessure Légère et ils deviennent immédiatement Debout. Si votre adversaire n’a aucun combattant équipé d’armes Web, vous pouvez défausser cette tactique de gang et en choisir une autre. Dans une bataille de campagne, les combattants alliés ne peuvent pas être capturés ; tout combattant capturé compte comme ayant obtenu un résultat Out Cold."
../TacticsCards/SLAVE OGRYNS/Die on Your Feet.png;Die on Your Feet;Slave Ogryns Tactics;"Play this gang tactic at the start of the battle, afte
both sides have deployed, but before the first
round. Until the end of this battle, when

a fiend: Slave Ogryn fighter is the target of

a Coup De Grace (Simple) action, they take D3
Flesh Wounds instead of going Out of Action.
The Slave Ogryn is then immediately moved 1""
directly away from the fighter performing the
action and is placed Prone and Pinned - they

are no longer Seriously Injured.";Mourir debout;Esclaves Ogryns;"Jouez cette tactique de gang au début de la bataille, après les deux camps se sont déployés, mais avant le premier rond. Jusqu'à la fin de cette bataille, quand un démon : le combattant esclave Ogryn est la cible de une action Coup de Grâce (Simple), ils effectuent D3 Blessures Légères au lieu de rester hors de combat. L'Esclave Ogryn est alors immédiatement déplacé de 1"" directement loin du combattant effectuant le action et est placé À Terre et Bloqué - ils ne sont plus gravement blessés."
../TacticsCards/SLAVE OGRYNS/Freedom in Death.png;Freedom in Death;Slave Ogryns Tactics;"Play this gang tactic when a friendly Slave Ogryn
fighter is taken Out of Action.

Before removing this fighter from the battlefield,
they may immediately make a free Shoot (Basic)
action with a weapon with the Grenade trait they
are equipped with that has the Blast (3 ""/5""/*)
trait. The central hole of the Blast marker must
be centered over this fighter and the attack
automatically hits.";La liberté dans la mort;Esclaves Ogryns;"Jouez cette tactique de gang lorsqu'un esclave amical Ogryn le combattant est mis hors de combat. Avant de retirer ce combattant du champ de bataille, ils peuvent immédiatement réaliser un Shoot gratuit (Basic) action avec une arme avec le trait Grenade qu'ils sont équipés de celui qui a le Blast (3""/5""/*) trait. Le trou central du marqueur Blast doit être centré sur ce combattant et l'attaque frappe automatiquement."
../TacticsCards/SLAVE OGRYNS/Gene-Bred.png;Gene- Bred;Slave Ogryns Tactics;"Play this tactic at the start of the Deployment
step of the pre-battle sequence, before any
fighters have been deployed. Choose a Slave
Ogryn fighter in your starting crew. Until

the end of this battle, that fighter gains up to
two Gene-smithing upgrades. These must be
chosen from the Unborn Gene-smithed
Upgrades but do not affect the fighter's Credit
cost. Any upgrade that affects the fighter during
the post-battle sequence will affect the Slave
Ogryn fighter before upgrades is removed.";Élevé en cuve;Esclaves Ogryns;Jouez cette tactique au début du déploiement étape de la séquence pré-bataille, avant tout des combattants ont été déployés. Choisissez un esclave Combattant Ogryn dans votre équipage de départ. Jusqu'à à la fin de cette bataille, ce combattant gagne jusqu'à deux mises à niveau de Gene-smithing. Ceux-ci doivent être choisi parmi les gènes à naître forgés Améliorations mais n'affectent pas le crédit du combattant coût. Toute amélioration qui affecte le combattant pendant la séquence d'après-bataille affectera l'esclave Le combattant Ogryn avant la suppression des mises à niveau.
../TacticsCards/SLAVE OGRYNS/Hidden Loyalties.png;Hidden Loyalties;Slave Ogryns Tactics;"Play this gang tactic at the start of the |
Deployment step of the pre-battle sequence,
before any fighters have been deployed. |
Choose a fighter from your starting crew.
Unul the end of this battle, that fighter
gains the Infiltrate skill. |";Loyautés cachées;Esclaves Ogryns;Jouez cette tactique de gang au début du Étape de déploiement de la séquence pré-bataille, avant que des combattants aient été déployés. Choisissez un combattant parmi votre équipage de départ. Jusqu'à la fin de cette bataille, ce combattant acquiert la compétence Infiltration.
../TacticsCards/SLAVE OGRYNS/Limb from Limb.png;Limb from Limb;Slave Ogryns Tactics;"Play this gang tactic when activating |
a friendly Slave Ogryn fighter.

Unul the End phase of this round, |
any weapon with the Melee trait the fighter
carries gains the Sever trait.";Membre par membre;Esclaves Ogryns;Jouez cette tactique de gang lors de l'activation un sympathique combattant esclave Ogryn. Jusqu'à la phase de Fin de ce tour, une arme avec le trait Mêlée le combattant porte gagne le trait Sever.
../TacticsCards/SLAVE OGRYNS/Looted Gear.png;Looted Gear;Slave Ogryns Tactics;"Play this gang tactic at the start of the
Deployment step of the pre-battle sequence,
before any fighters have been deployed.

Choose a fighter from your starting crew that is
on the battlefield and place a marker on that
fighter's card. Until the end of this battle, a singl
weapon that fighter is epee with loses one
of the following Traits: Reckless, Scarce,
Unwieldy. You may choose which weapon is
affected by this tactic and which Trait is lost.";Équipement pillé;Esclaves Ogryns;Jouez cette tactique de gang au début du Étape de déploiement de la séquence pré-bataille, avant que des combattants aient été déployés. Choisissez un combattant parmi votre équipage de départ qui est sur le champ de bataille et placez un marqueur dessus carte de combattant. Jusqu'à la fin de cette bataille, un seul l'arme avec laquelle le combattant est à l'épée en perd un des traits suivants : téméraire, rare, Peu maniable. Vous pouvez choisir quelle arme est affecté par cette tactique et quel trait est perdu.
../TacticsCards/SLAVE OGRYNS/No, I’m Smarticus! .png;No, I'm Smarticus!;Slave Ogryns Tactics;"Play this gang tactic during the Priority phase of
any round, after Roll for Priority, but before
Ready Fighters. Until the End phase of this
round, roll a D6 each time a friendly Slave Ogryn
fighter with the Gang Leader special rule is the
target of a Shoot (Basic) action. On a 3+, you
may transfer any successful hits that result from
that action to a friendly Slave Osryn fignter
within 3"" of the fighter with the Gang Leader
special rule. Hits caused by a weapon with the
Blast (3"" /5"" /*) trait are unaffected by this tactic.";Non, c’est moi Smarticus !;Esclaves Ogryns;"Jouez cette tactique de gang pendant la phase de Priorité de un tour, après le lancer de priorité, mais avant activation des combattants Prêts. Jusqu'à la phase de Fin de ce tour, lancez 1D6 à chaque fois qu'un esclave Ogryn combattant allié avec la règle spéciale Gang Leader est le cible d’une action Tir (Basique). Sur un 3+, vous peut transférer tous les coups réussis résultant de cette action à un combattant allié de l'esclave Osryn à moins de 3"" du combattant avec le chef de gang règle spéciale. Les coups causés par une arme avec le Le trait Explosion (3"" /5"" /*) n'est pas affecté par cette tactique."
../TacticsCards/SLAVE OGRYNS/Not Today!.png;Not Today!;Slave Ogryns Tactics;"Play this gang tactic when a friendly Slave Ogryn
fighter is taken Out of Action by an attack made
with a ranged weapon.

Before removing the fighter from the battlefield,
they may immediately become Standing and
make a free Charge (Double) action. Immediately
after this action, and ay subsequent Fight (Basic
action made as part of the Charge (Double)
action, is resolved, the fighter goes Out of Action
as normal.";Pas aujourd'hui !;Esclaves Ogryns;Jouez cette tactique de gang lorsqu'un esclave amical Ogryn le combattant est mis hors de combat par une attaque effectuée avec une arme à distance. Avant de retirer le combattant du champ de bataille, ils peuvent immédiatement devenir Debout et effectuez une action de Charge (Double) gratuite. Immédiatement après cette action, et tout combat ultérieur (Basic action effectuée dans le cadre de la Charge (Double) l'action, est résolue, le combattant passe hors de combat comme d'habitude.
../TacticsCards/SLAVE OGRYNS/Out of My Way!.png;Out of my Way!;Slave Ogryns Tactics;"Play this gang tactic when activating a friendly
Slave Ogryn fighter.

Until the End phase of this round, the fighter
gains the Hur! skill if they did not already have it.
In addition, the Hurl (Basic) action becomes

a Hurl (Simple) action for this fighter. Any
enemy fighter that is the target of this action
must take a Strength check rather than an
Initiative check; if they fail, the enemy fighter is
hurled.";Hors de mon chemin !;Esclaves Ogryns;"Jouez cette tactique de gang lors de l'activation d'un combattant allié esclave Ogryn. Jusqu'à la phase de Fin de ce tour, le combattant gagne le Hur! compétence s’ils ne l’avaient pas déjà. De plus, l'action Lancer (Basique) devient une action Lancer (Simple) pour ce combattant. N'importe lequel combattant ennemi qui est la cible de cette action doit passer un test de Force plutôt qu'un Contrôle d'initiative ; s'ils échouent, le combattant ennemi est lancé."
../TacticsCards/SLAVE OGRYNS/Quicker Than They Look.png;Quicker Than They Look;Slave Ogryns Tactics;"Play this gang tactic when activating |
a friendly Slave Ogryn fighter.

Unul the End phase of this round, this |
fighter doubles their base Move
characteristic while making a Charge
(Double) action. |";Plus rapide qu'il n'y paraît;Esclaves Ogryns;Jouez cette tactique de gang lors de l'activation un sympathique combattant esclave Ogryn. Jusqu'à la phase de Fin de ce tour, ce le combattant double sa base caractéristique lors d’une charge (Double)action.
../TacticsCards/SLAVE OGRYNS/Reboot.png;| Reboot;Slave Ogryns Tactics;"Play this gang tactic when a friendly Seriously
Injured Lobo-slave fighter is activated.

This Lobo-slave immediately removes any Flesh
Wounds and becomes Standing and Active.
However, until the end of this battle, decrease
this Lobo-slave's Weapon Skill and Attacks
characteristics by 1, to a minimum of 6+ and 1
respectively";Redémarrage;Esclaves Ogryns;Jouez cette tactique de gang lors d'un match amical. Sérieusement Le combattant esclave Lobo blessé est activé. Cet esclave Lobo supprime immédiatement toute chair Blessé et devient Debout et Actif. Cependant, jusqu'à la fin de cette bataille, diminuez la compétence d'arme et les attaques de ce Lobo-esclave caractéristiques par 1, avec un minimum de 6+ et 1 respectivement
../TacticsCards/SLAVE OGRYNS/Resurgent Threat.png;Resurgent Threat;Slave Ogryns Tactics;"Play this gang tactic during the End phase, |
before making any Bottle tests.

Your gang immediately passes their Bottle |
test, without the need to roll a D6. In
addition, you can choose who wins Priority
in the next round. |";Menace résurgente;Esclaves Ogryns;Jouez cette tactique de gang pendant la phase End, avant de faire des tests en bouteille. Votre gang passe immédiatement sa Bouteille test, sans avoir besoin de lancer un D6. Dans De plus, vous pouvez choisir qui gagne la priorité au prochain tour.
../TacticsCards/SLAVE OGRYNS/Slave Becomes Master.png;Slave Becomes Master;Slave Ogryns Tactics;"Play this tactic at the start of the Deployment step
of the pre-battle sequence, before any fighters
have been deployed. Your gang may immediately
recruit up to two Goliath Juves or one Goliath
Ganger for free. They will leave the gang at the
end of this battle. Each fighter has Frenzon collar
and either a stub gun or a maul and an axe. They
aren't counted towards your max crew size

- they're taken in addition to your starting crew.
If you don't have models available, you may
discard this gang tactic and select another.";L’esclave devient maître;Esclaves Ogryns;Jouez cette tactique au début de l'étape de déploiement de la séquence pré-bataille, avant tout combattant ont été déployés. Votre gang peut immédiatement recruter jusqu'à deux Goliath Juves ou un Goliath Ganger gratuitement. Ils quitteront le gang au fin de cette bataille. Chaque combattant a un collier Frenzon et soit un pistolet à talon, soit un maul et une hache. Ils ne sont pas pris en compte dans la taille maximale de votre équipage - ils sont recrutés en plus de votre équipage de départ. Si vous n'avez pas de modèles disponibles, vous pouvez abandonnez cette tactique de gang et sélectionnez-en une autre.
../TacticsCards/SLAVE OGRYNS/Strong and Steady.png;Strong and Steady;Slave Ogryns Tactics;"Play this gang tactic when a friendly fighter is hit
by a ranged attack, before they become Prone
and Pinned.

Immediately make a Strength test for the fighter.
If it is passed, they do not become Pinned.

This gang tactic can be played after a fighter has
failed a Cool check as part of the Nerves of Steel
skill.";Fort et stable;Esclaves Ogryns;Jouez cette tactique de gang lorsqu'un combattant allié est touché par une attaque à distance, avant qu'ils ne deviennent à terre et Bloqué. Faites immédiatement un test de Force pour le combattant. S'il est adopté, ils ne sont pas Bloqués. Cette tactique de gang peut être utilisée après qu'un combattant ait a échoué à un test de Cool dans le cadre des Nerfs d'Acier compétence.
../TacticsCards/SLAVE OGRYNS/Tools of the Trade.png;Tools of the Trade;Slave Ogryns Tactics;"Play this gang tactic at the start of the battle,
after both sides have deployed, but before the
first round.

Choose a fighter from your starting crew that is
on the battlefield and place a marker on their
Fighter card. Choose one weapon with the Melee
trait that the fighter is equipped with. For the
duration of this battle, the Fehtet's Weapon Skill
is treated as 2+ when making attacks with that
weapon.";Outils du métier;Esclaves Ogryns;Jouez cette tactique de gang au début de la bataille, après que les deux camps se soient déployés, mais avant le premier tour. Choisissez un combattant parmi votre équipage de départ qui est sur le champ de bataille et placez un marqueur sur leur Carte de combattant. Choisissez une arme avec la mêlée trait dont le combattant est équipé. Pour le durée de cette bataille, la compétence d'arme de Fehtet est traité comme 2+ lors d'attaques avec ce arme.
../TacticsCards/SLAVE OGRYNS/Unleash the Storm.png;Unleash the Storm;Slave Ogryns Tactics;"Play this gang tactic when a friendly Slave Ogryn
fighter makes an attack with a Storm-welder,
before rolling any dice.

Until the End phase of this round, the Storm-
-welder loses the Reckless trait. However, at the
end of this fighter's activation, the weapon
immediately goes Out of Ammo as if they rolled
the Ammo symbol on the Firepower dice; this
counts as an additional roll of the Ammo symbol
for the purposes of Storm-welder's Unstable trait";Libérez la tempête;Esclaves Ogryns;"Jouez cette tactique de gang lorsqu'un esclave amical Ogryn le combattant lance une attaque avec un Storm-welder, avant de lancer des dés. Jusqu'à la phase de Fin de ce tour, le Storm- -le soudeur perd le trait Insouciant. Cependant, au fin de l'activation de ce combattant, l'arme sort immédiatement à court de munitions comme s'il roulait le symbole Munitions sur les dés de puissance de feu ; ceci compte comme un jet supplémentaire du symbole Munitions pour les besoins du trait Instable de Storm-welder"
../TacticsCards/SQUAT PROSPECTORS/Ancestral Weapon.png;Ancestral Weapon;Squat Prospectors Tactics;"Play this gang tactic when making a ranged attack
with a friendly fighter.

For the duration of this attack, increase the
fighter's BS by 1.";Arme ancestrale;Prospecteurs squat;Jouez cette tactique de gang lorsque vous effectuez une attaque à distance avec un combattant allié. Pendant la durée de cette attaque, augmentez le BS du combattant par 1.
../TacticsCards/SQUAT PROSPECTORS/Assault Tunnel.png;Assault Tunnel;Squat Prospectors Tactics;"Play this gang tactic at the start of the battle,
after both sides have deployed, but before the
first round. Select a friendly fighter that is not
part of your starting crew and is not subject to
the Mounted condition. At the start of the third
round, before rolling for Initiative, the fighter
may be placed anywhere on the battlefield that
is at least 12"" away from any enemy models. If
there are no eligible fighters in your gang, you
may discard this gang tactic and select another.";Tunnel d'assaut;Prospecteurs squat;"Jouez cette tactique de gang au début de la bataille, après que les deux camps se soient déployés, mais avant le premier tour. Choisissez un combattant allié qui n'est pas fait partie de votre équipage de départ et n'est pas soumis à la condition Monté. Au début du troisième tour, avant de lancer le jet d'Initiative, le combattant peut être placé n'importe où sur le champ de bataille est à au moins 12"" de toute figurine ennemie. Si il n'y a aucun combattant éligible dans votre gang, vous peut abandonner cette tactique de gang et en choisir une autre."
../TacticsCards/SQUAT PROSPECTORS/Brace for Impact!.png;Brace for Impact!;Squat Prospectors Tactics;"Play this gang tactic after a friendly fighter has
been Engaged by an enemy fighter performing
the Charge (Double) action, before the enemy
fighter rolls any dice to attack.

For the duration of this attack, add 1 to any save
rolls made by the friendly fighter.";Préparez-vous à l’impact !;Prospecteurs squat;Jouez cette tactique de gang après qu'un combattant allié ait été engagé par un combattant ennemi effectuant l'action Charge (Double), avant que l'ennemi le combattant lance un dé pour attaquer. Pendant toute la durée de cette attaque, ajoutez 1 à une sauvegarde jets effectués par le combattant allié.
../TacticsCards/SQUAT PROSPECTORS/Deathblow!.png;| Deathblow!;Squat Prospectors Tactics;"Play this gang tactic when resolving damage on
an enemy fighter as a result of an attack made

by a friendly model, after rolling the Injury dice.
If you roll two or more results of Seriously
Injured, the enemy fighter is taken Out of Action
instead.";Coup fatal !;Prospecteurs squat;Jouez cette tactique de gang lors de la résolution des dégâts sur un combattant ennemi à la suite d'une attaque menée par une figurine amie, après avoir lancé les dés de Blessure. Si vous obtenez deux résultats ou plus de Sérieusement Blessé, le combattant ennemi est mis hors de combat à la place.
../TacticsCards/SQUAT PROSPECTORS/Finest Craftsmanship.png;Finest Craftsmanship;Squat Prospectors Tactics;"Play this gang tactic when making a ranged attack
with a friendly model, before rolling to hit.

For the duration of this attack, either the Hit roll
or Wound roll may be re-rolled.";Artisanat d’exception;Prospecteurs squat;Jouez cette tactique de gang lorsque vous effectuez une attaque à distance avec une figurine amie, avant de lancer pour toucher. Pendant toute la durée de cette attaque, soit le jet de Touche ou Le jet de blessure peut être relancé.
../TacticsCards/SQUAT PROSPECTORS/Fire in the Hole!.png;Fire in the Hole!;Squat Prospectors Tactics;"Play this gang tactic at the start of the battle,
after both sides have deployed, but before the
first round.

For the duration of this battle, D3 friendly
fighters of your choice count as being equipped
with blasting charges.";Grenade !;Prospecteurs squat;Jouez cette tactique de gang au début de la bataille, après que les deux camps se soient déployés, mais avant le premier tour. Pendant toute la durée de cette bataille, D3 les combattants alliés de votre choix comptent comme étant équipés avec des charges explosives.
../TacticsCards/SQUAT PROSPECTORS/Get Back!.png;Get Back!;Squat Prospectors Tactics;"Play this gang tactic when a friendly fighter is
making Reaction attacks, before rolling any dice.
For the duration of this attack, the fighter's
attacks gain the Knockback trait.";Reculez !;Prospecteurs squat;Jouez cette tactique de gang lorsqu'un combattant allié est effectuer des attaques de réaction, avant de lancer des dés. Pendant toute la durée de cette attaque, le combattant les attaques gagnent le trait Knockback.
../TacticsCards/SQUAT PROSPECTORS/Honour the Ancestors.png;Honour the Ancestors;Squat Prospectors Tactics;"Play this gang tactic when making a Cool check
for a friendly fighter, before rolling any dice.
The fighter automatically passes the Cool check;
there is no need to roll any dice.";Honorez les ancêtres;Prospecteurs squat;"Jouez cette tactique de gang lorsque vous effectuez un contrôle Cool pour un combattant allié, avant de lancer des dés. Le combattant réussit automatiquement le test de Cool ; il n’est pas nécessaire de lancer des dés."
../TacticsCards/SQUAT PROSPECTORS/Listen to your Elders!.png;Listen to your Elders!;Squat Prospectors Tactics;"Play this gang tactic when making a Group
Activation.

Increase the number of fighters that can be
activated as part of the Group Activation by 1.";Écoutez vos aînés !;Prospecteurs squat;Jouez cette tactique de gang lorsque vous créez un groupe Activation. Augmenter le nombre de combattants pouvant être activé dans le cadre de l’Activation de Groupe par 1.
../TacticsCards/SQUAT PROSPECTORS/Made to take a Beating.png;Made to take a Beating;Squat Prospectors Tactics;"Play this gang tactic at the start of the battle,
after both sides have deployed, but before the
first round.

For the duration of this battle, a friendly fighter
of your choice reduces the AP of all attacks
targeting them by 1.";Fait pour encaisser;Prospecteurs squat;Jouez cette tactique de gang au début de la bataille, après que les deux camps se soient déployés, mais avant le premier tour. Pendant toute la durée de cette bataille, un combattant allié de votre choix réduit les AP de toutes les attaques en les ciblant par 1.
../TacticsCards/SQUAT PROSPECTORS/Mother Lode!.png;Mother Lode!;Squat Prospectors Tactics;"Play this gang tactic during the Wrap-up phase
of the post- battle sequence.

If your gang won the scenario, add 2D6x10
credits to your gang's Stash.";Filon mère !;Prospecteurs squat;Jouez cette tactique de gang pendant la phase de synthèse de la séquence d’après-bataille. Si votre gang a gagné le scénario, ajoutez 2D6x10 crédits à la réserve de votre gang.
../TacticsCards/SQUAT PROSPECTORS/Running Repairs.png;Running Repairs;Squat Prospectors Tactics;"Play this gang tactic when activating a friendly
vehicle.

The vehicle immediately regains D3 HP lost
earlier in battle.";Réparations en marche;Prospecteurs squat;Jouez cette tactique de gang lors de l'activation d'un ami véhicule. Le véhicule récupère immédiatement les D3 HP perdus plus tôt dans la bataille.
../TacticsCards/SQUAT PROSPECTORS/Running on Vapours.png;Running on Vapours;Squat Prospectors Tactics;"Play this gang tactic at the start of any round,
before rolling for Initiative.

One enemy vehicle of your choice changes its
Status to Stationary and Stalled. If the enemy
gang doesn't have any vehicles in its starting
crew, you may discard this gang tactic and
select another.";Sur les vapeurs;Prospecteurs squat;Jouez cette tactique de gang au début d’un tour, avant de lancer le jet d’Initiative. Un véhicule ennemi de votre choix change son Statut à Stationnaire et Bloqué. Si l'ennemi le gang n'a aucun véhicule à son départ équipage, vous pouvez abandonner cette tactique de gang et sélectionnez-en un autre.
../TacticsCards/SQUAT PROSPECTORS/Scrapper’s Delight.png;Scrapper’s Delight;Squat Prospectors Tactics;"Play this gang tactic when a friendly fighter
opens a Loot casket, before rolling to determine
the casket's contents.

Instead of rolling to determine the Loot casket's
contents, add D3x10 credits to your gang's Stash
and then remove the Loot casket from the
battlefield.";Délice de ferrailleur;Prospecteurs squat;Jouez cette tactique de gang lorsqu'un combattant allié ouvre un coffre à butin, avant de lancer le lancer pour déterminer le contenu du cercueil. Au lieu de lancer un lancer pour déterminer le coffre du butin contenu, ajoutez des crédits D3x10 à la réserve de votre gang puis retirez le cercueil de butin du champ de bataille.
../TacticsCards/SQUAT PROSPECTORS/Thermal Visor.png;Thermal Visor;Squat Prospectors Tactics;"Play this gang tactic when activating a friendly
model.

For the duration of this activation, increase the
value of the Visibility (X"") rule by 6"". If the
Visibility CX"") rule is not in effect for this battle,
you may discard this gang tactic and select
another.";Visière thermique;Prospecteurs squat;"Jouez cette tactique de gang lors de l'activation d'un ami modèle. Pendant la durée de cette activation, augmentez le valeur de la règle de visibilité (X"") de 6"". Si le La règle Visibility CX"") n'est pas en vigueur pour cette bataille, vous pouvez abandonner cette tactique de gang et sélectionner un autre."
../TacticsCards/SQUAT PROSPECTORS/Too Stubborn to Die.png;Too Stubborn to Die;Squat Prospectors Tactics;"Play this gang tactic when damage is inflicted
upon a friendly fighter, after Injury dice are
rolled.

Discard one Injury dice of your choice before
applying the effects.";Trop têtu pour mourir;Prospecteurs squat;Jouez cette tactique de gang lorsque des dégâts sont infligés sur un combattant allié, après que les dés de blessure soient lancé. Défaussez un dé de blessure de votre choix avant appliquer les effets.
../TacticsCards/SQUAT PROSPECTORS/Vengeance of the Ironhead!.png;Vengeance of the lronhead!;Squat Prospectors Tactics;"Play this gang tactic after a friendly fighter has
been taken Out of Action by an enemy model.

A friendly fighter with line of sight to the enemy
fighter may immediately make a Shoot (Basic)
action targeting the enemy fighter.";Vengeance de l’Ironhead !;Prospecteurs squat;Jouez cette tactique de gang après qu'un combattant allié ait été mis hors de combat par une figurine ennemie. Un combattant allié avec une ligne de vue sur l'ennemi le combattant peut immédiatement effectuer un tir (Basique) action visant le combattant ennemi.
../TacticsCards/SQUAT PROSPECTORS/Veteran of the Wastes.png;Veteran of the Wastes;Squat Prospectors Tactics;"Play this gang tactic at the start of the battle,
after both sides have deployed, but before the
first round.

Until the end of the battle, a friendly model of
your choice gains a random skill from one of
their Primary skill sets.";Vétéran des Désolations;Prospecteurs squat;Jouez cette tactique de gang au début de la bataille, après que les deux camps se sont déployés, mais avant le premier round. Jusqu’à la fin de la bataille, une figurine alliée de votre choix gagne une compétence aléatoire parmi l’une de ses compétences Primaires.
../TacticsCards/UNDERDOG/Decoy.png;| Decoy;Underdog Tactics;"During Step 7 of the pre-battle sequence, tuck
this card under the Fighter card of one of your
fighters, but do not reveal it to your opponent.
If, at the end of the battle, this fighter has been
taken Out of Action by an enemy Champion or
Leader, this fighter gains D3 Experience points
ae 2D6x10 credits are added to your gang's
tash.";Leurre;Underdog;Au cours de l'étape 7 de la séquence pré-bataille, rentrez cette carte sous la carte Combattant d'un de vos combattants, mais ne le révélez pas à votre adversaire. Si, à la fin de la bataille, ce combattant a été mis hors de combat par un champion ennemi ou Leader, ce combattant gagne D3 points d'expérience et 2D6x10 crédits sont ajoutés à ceux de votre gang tas.
../TacticsCards/UNDERDOG/Giant Killer.png;Giant Killer;Underdog Tactics;"| Play this card at the start of the battle, before
the first round.

For the duration of the battle, all of your |
fighters gain 1 extra Experience point for
taking an enemy fighter Out of Action.";Tueur géant;Underdog;Jouez cette carte au début de la bataille, avant le premier tour. Pendant toute la durée de la bataille, tous vos les combattants gagnent 1 point d'expérience supplémentaire pour mettre un combattant ennemi hors de combat.
../TacticsCards/UNDERDOG/Grateful Trader.png;Grateful Trader;Underdog Tactics;"Play this card during Step 7 of the pre-battle
sequence.

Choose one item of Wargear from the Trading
Post, up to a value of 3D6x10 credits with

a Rarity of 10 or less. For the duration of this
game, you may equip one of your fighters with
the item. If you win the battle, that fighter may
Keep the item.";Commerçant reconnaissant;Underdog;Jouez cette carte pendant l'étape 7 de la pré-bataille séquence. Choisissez un élément d'équipement de guerre dans le commerce Publiez, jusqu'à une valeur de 3D6x10 crédits avec une rareté de 10 ou moins. Pendant la durée de ce jeu, vous pouvez équiper un de vos combattants avec l'article. Si vous gagnez la bataille, ce combattant pourra Gardez l'objet.
../TacticsCards/UNDERDOG/Hard Training.png;Hard Training;Underdog Tactics;"During Step 7 of the pre-battle sequence, tuck
this card under the Fighter card of one of your
fighters, but do not reveal it to your opponent.
When the fighter activates for the first time,
reveal this card. You may immediately give this
fighter one Primary skill and one Secondary skill
of your choice. These skills last until the end of
the battle.";Entraînement intensif;Underdog;Au cours de l'étape 7 de la séquence pré-bataille, rentrez cette carte sous la carte Combattant d'un de vos combattants, mais ne le révélez pas à votre adversaire. Lorsque le combattant s'active pour la première fois, révélez cette carte. Vous pouvez immédiatement donner ceci combattant une compétence principale et une compétence secondaire de votre choix. Ces compétences durent jusqu'à la fin de la bataille.
../TacticsCards/UNDERDOG/Miraculous Recovery.png;Miraculous Recovery;Underdog Tactics;"Play this card during Step 7 of the pre-battle
sequence.

Choose one of your fighters who is in |
recovery. The fighter makes a sudden
recovery and is no longer in Recovery. You
may immediately swap this fighter for |
another fighter in your crew. |";Récupération miraculeuse;Underdog;Jouez cette carte pendant l'étape 7 de la pré-bataille séquence. Choisissez un de vos combattants qui est en récupération. Le combattant fait un soudain récupération et n’est plus en récupération. Vous peut immédiatement échanger ce combattant contre un autre combattant dans votre équipage.
../TacticsCards/UNDERDOG/Old Wound.png;Old Wound;Underdog Tactics;"| Play this card during Step 7 of the pre-battle
sequence.

Choose one of your opponent's fighters. |
This fighter begins the game with a Flesh
Wound.";Vieille blessure;Underdog;Jouez cette carte pendant l'étape 7 de la pré-bataille séquence. Choisissez l'un des combattants de votre adversaire. Ce combattant commence le jeu avec une chair Blessure.
../TacticsCards/UNDERDOG/Paid in Full.png;Paid in Full;Underdog Tactics;"| Play this card during Step 3 of the post-
battle sequence.

For each friendly fighter who was taken Out |
of Action, add D6x10 credits to your gang's
Stash.";Payé rubis sur l’ongle;Underdog;Jouez cette carte lors de l'étape 3 du post- séquence de combat. Pour chaque combattant allié éliminé d'Action, ajoutez D6x10 crédits à votre gang Cacher.
../TacticsCards/UNDERDOG/Secret Stash.png;Secret Stash;Underdog Tactics;"| Play this card during Step 3 of the post-
battle sequence.

If at least one of your fighters survived the |
battle without going Out of Action, add
3D6x10 credits to your gang’s Stash.";Cachette secrète;Underdog;Jouez cette carte lors de l'étape 3 du post- séquence de combat. Si au moins un de vos combattants a survécu au combattez sans vous mettre hors de combat, ajoutez 3D6x10 crédits dans la réserve de votre gang.
../TacticsCards/UNDERDOG/Sudden Death.png;Sudden Death;Underdog Tactics;"| During Step 7 of the pre-battle sequence,
tuck this card under the Fighter card of one
of your fighters, but do not reveal it to your
opponent. |
Should this fighter take and enemy
Champion or Leader Out of Action, your
gang gains +6 Reputation.";Mort subite;Underdog;Au cours de l'étape 7 de la séquence pré-bataille, placez cette carte sous la carte Combattant d'un de vos combattants, mais ne le révélez pas à vos adversaire. Si ce combattant devait prendre un ennemi Champion ou Leader Hors de combat, votre le gang gagne +6 en réputation.
../TacticsCards/UNDERDOG/Survivalist.png;Survivalist;Underdog Tactics;"During Step 7 of the pre-battle sequence, tuck
this card under the Fighter card of one of your
fighters, but do not reveal it to your opponent.
If, at the end of the battle, this fighter has not
gone Out of Action or succumbed to their
injuries, they gain D6 Experience points.";Survivaliste;Underdog;Au cours de l'étape 7 de la séquence pré-bataille, rentrez cette carte sous la carte Combattant d'un de vos combattants, mais ne le révélez pas à votre adversaire. Si, à la fin de la bataille, ce combattant n'a pas sont sortis hors de combat ou ont succombé à leur blessés, ils gagnent D6 points d’expérience.
../TacticsCards/UNDERDOG/Wandering Doc.png;Wandering Doc;Underdog Tactics;"| Play this card during Step 5 of the post-
battle sequence.

You may make one Medical Escort action
without having to pay the Doc's fee of

2D6x 10 credits from your gang's Stash.";Doc errant;Underdog;Jouez cette carte lors de l'étape 5 du post- séquence de combat. Vous pouvez effectuer une action d'escorte médicale sans avoir à payer les frais du Doc 2D6x 10 crédits de la réserve de votre gang.
../TacticsCards/UNDERDOG/Welcome Stranger 1.png;Welcome Stranger;Underdog Tactics;"Play this card during Step 7 of the pre-battle
sequence.

Your gang may immediately hire a eG Hired
Gun worth up to 200 credits for free. ‘This
fighter is added to your crew prior to deployment
If no suitable model is available, discard this card
and draw another.

Note that this card is included twice in this deck,
potentially allowing two Hired Guns to be fielde";Bienvenue, étranger;Underdog;Jouez cette carte pendant l'étape 7 de la pré-bataille séquence. Votre gang peut immédiatement embaucher un eG Hired Arme d'une valeur allant jusqu'à 200 crédits gratuitement. 'Ceci le chasseur est ajouté à votre équipage avant le déploiement Si aucun modèle approprié n'est disponible, défaussez cette carte et dessinez-en un autre. Notez que cette carte est incluse deux fois dans ce deck, permettant potentiellement à deux Hired Guns d'être déployés
../TacticsCards/UNDERDOG/Welcome Stranger 2.png;Welcome Stranger;Underdog Tactics;"Play this card during Step 7 of the pre-battle
sequence.

Your gang may immediately hire a eG Hired
Gun worth up to 200 credits for free. ‘This
fighter is added to your crew prior to deployment
If no suitable model is available, discard this card
and draw another.

Note that this card is included twice in this deck,
potentially allowing two Hired Guns to be fielde";Bienvenue, étranger;Underdog;Jouez cette carte pendant l'étape 7 de la pré-bataille séquence. Votre gang peut immédiatement embaucher un eG Hired Arme d'une valeur allant jusqu'à 200 crédits gratuitement. 'Ceci le chasseur est ajouté à votre équipage avant le déploiement Si aucun modèle approprié n'est disponible, défaussez cette carte et dessinez-en un autre. Notez que cette carte est incluse deux fois dans ce deck, permettant potentiellement à deux Hired Guns d'être déployés
../TacticsCards/VAN SAAR/ Bodyguard.png;| Bodyguard;Yan Saar Tactics;"Play this gang tactic at the start of the
Deployment step of the pre-battle sequence,
before any fighters have been deployed.

One fighter with the Gang Fighter (X) belonging
to your gang that is not part of your starting crew
may be added to your starting crew. Nominate

a Leader or Champion within your crew. For the
duration of this battle, the chosen Gang Fighter
(X) follows the rules for Exotic Beasts, as if they
were owned by the chosen Leader and Champion";Garde du corps;Van Saar;Jouez cette tactique de gang au début du Étape de déploiement de la séquence pré-bataille, avant que des combattants aient été déployés. Un combattant avec Gang Fighter (X) appartenant à votre gang qui ne fait pas partie de votre équipe de départ peuvent être ajoutés à votre équipage de départ. Nommer un leader ou un champion au sein de votre équipage. Pour le durée de cette bataille, le Gang Fighter choisi suit les règles des bêtes exotiques, comme s’il appartenait au leader ou au champion choisi
../TacticsCards/VAN SAAR/Ablative Mesh.png;Ablative Mesh;Yan Saar Tactics;"Play this gang tactic when a friendly Van Saar
fighter suffers a hit from any weapon with

a Strength characteristic other than '~’.

Treat this hit as having been caused by a weapon
with the Knockback trait but do not resolve

the hit itself. Instead, the hit is discarded.";Maille ablative;Van Saar;Jouez cette tactique de gang lorsqu'un Van Saar combattant allié subit un coup de une arme avec une caractéristique de Force autre que « ~ ». Traitez ce coup comme ayant été causé par une arme avec le trait Knockback mais ne résout pas le coup lui-même. Au lieu de cela, le coup est annulé.
../TacticsCards/VAN SAAR/Ammo Dump.png;Ammo Dump;Yan Saar Tactics;"Play this tactic at the start of the Deployment
step of the pre-battle sequence, before any
fighters have been deployed. Place an additional
Ammo crate anywhere on the battlefield. Any
fighter that activates whilst within 3"" of this
Ammo crate that is not Seriously Injured and
that has a weapon that is currently Out of
Ammo may immediately make a free Reload
(Simple) action. A fighter can make this action
even if they would normally be unable to do so,
e.g., if an Out of Ammo weapon has Scarce trait.";Dépôt de munitions;Van Saar;"Jouez cette tactique au début du déploiement étape de la séquence pré-bataille, avant tout des combattants ont été déployés. Placez un supplément Caisse de munitions n'importe où sur le champ de bataille. N'importe lequel combattant qui s'active à moins de 3"" de ce Caisse de munitions qui n'est pas gravement blessée et qui possède une arme actuellement hors service Les munitions peuvent immédiatement effectuer un rechargement gratuit action (Simple). Un combattant peut faire cette action même s'ils en seraient normalement incapables, par exemple, si une arme à court de munitions a le trait Rare."
../TacticsCards/VAN SAAR/Arachni-ropes.png;Arachni-ropes;Yan Saar Tactics;"Play this gang tactic at the start of the battle,
after both sides have deployed, but before the
first round.

For the duration of this battle, D6 friendly
fighters of your choice in your starting crew
count as being equipped with a grav chute
(make a note of this on the chosen fighters'
Fighter cards).";Arachni-cordes;Van Saar;Jouez cette tactique de gang au début de la bataille, après que les deux camps se soient déployés, mais avant le premier tour. Pendant toute la durée de cette bataille, D6 combattants alliés de votre choix dans votre équipage de départ compter comme étant équipé d'un parachute gravitaire (notez-le sur le compte des combattants choisis) cartes de combattant).
../TacticsCards/VAN SAAR/Auto-Healer.png;Auto-Healer;Van Saar Tactics;"| Play this card at the start of any End phase.

|

Choose one Seriously Injured fighter. Rather

than rolling the Injury dice, you can choose ©
to have the fighter suffer a Flesh Wound and

become Pinned.

|

|";Guérisseur automatique;Van Saar;Jouez cette carte au début de une phase de Fin. Choisissez un combattant gravement blessé. Plutôt plutôt que de lancer les dés de Blessure, vous pouvez choisir © faire subir au combattant une Blessure Légère et devenir Bloqué.
../TacticsCards/VAN SAAR/Blood Cleanser.png;Blood Cleanser;Van Saar Tactics;"| Play at the start of any turn.

For the duration of the round, all friendly
models count their Toughnessas higher |
when affected by weapons with the Toxin

or Gas traits.";Purificateur sanguin;Van Saar;Jouez au début d’un tour. Pendant toute la durée du round, tous amicaux modèles considèrent leur endurance comme plus élevée lorsqu'il est affecté par des armes contenant la toxine ou traits de gaz.
../TacticsCards/VAN SAAR/Comm Burst.png;Comm Burst;Van Saar Tactics;"| Play at the start of any turn.

For this round, your gang's Leader can make
Rally actions for Broken fighters anywhere |
on the board. In addition, the range of
Leading by Example is increased to 18"" for
Leaders and 12"" for Champions.";Salve de communication;Van Saar;"Jouez au début d’un tour. Pour ce tour, le chef de votre gang peut faire Actions de rassemblement pour les combattants brisés n'importe où au tableau. De plus, la gamme de Prêcher par l'exemple est augmenté à 18"" pour Leaders et 12"" pour les Champions."
../TacticsCards/VAN SAAR/Cortical Stimulants.png;Cortical Stimulants;Van Saar Tactics;"Play at the start of the game, after |
deployment.

One fighter in your gang automatically |
passes Intelligence checks for the duration

of the battle.";Stimulants corticaux;Van Saar;Jouez au début du jeu, après déploiement. Un combattant dans votre gang automatiquement réussit les contrôles d'Intelligence pour la durée de la bataille.
../TacticsCards/VAN SAAR/Data Mining.png;Data Mining;Yan Saar Tactics;"Play this gang tactic at the start of the battle,
after both sides have deployed, but before

the first round.

Your opponent must immediately reveal to you
their remaining, unplayed gang tactics. After
reading your opponent's gang tactics, choose one.
Your opponent must immediately discard

the chosen gang tactic and randomly select
another.";Extraction de données;Van Saar;Jouez cette tactique de gang au début de la bataille, après que les deux camps se soient déployés, mais avant le premier tour. Votre adversaire doit vous révéler immédiatement leurs tactiques de gang restantes et non utilisées. Après en lisant les tactiques de gang de votre adversaire, choisissez-en une. Votre adversaire doit immédiatement défausser la tactique de gang choisie et sélectionnez au hasard un autre.
../TacticsCards/VAN SAAR/Defensive Protocols.png;Defensive Protocols;Yan Saar Tactics;"Play this gang tactic when a Leader or Champion
belonging to your gang is hit by a ranged attack,
before the hit is resolved.

You may choose to transfer the hit and all of its
effects onto any friendly fighter with the Gang
Fighter (X) special rule that is within 2"" of

the Leader or Champion that was hit.";Protocoles défensifs;Van Saar;"Jouez cette tactique de gang lorsqu'un leader ou un champion appartenant à votre gang est touché par une attaque à distance, avant que le coup ne soit résolu. Vous pouvez choisir de transférer le hit et l'ensemble de ses effets sur tout combattant allié du Gang Règle spéciale Combattant (X) qui se trouve à moins de 2"" de le leader ou le champion qui a été touché."
../TacticsCards/VAN SAAR/Enhanced Auspexes.png;Enhanced Auspexes;Van Saar Tactics;"| Play instead of activating a fighter.

For the remainder of the round, friendly
fighters may fire through line of sight |
blocking terrain such as doors and

barricades, but NOT through any
impassable terrain. These shots suffer a -2
penalty to hit and the target's armour save

is increased by 1.";Auspex améliorés;Van Saar;Jouez au lieu d'activer un combattant. Pour le reste du round, les combattants alliés peuvent tirer à travers la ligne de mire terrains bloquants tels que les portes et barricades, mais PAS à travers des terrain infranchissable. Ces tirs subissent un -2 pénalité pour toucher et sauvegarde d'armure de la cible est augmenté de 1.
../TacticsCards/VAN SAAR/Enhanced Cyberteknika.png;Enhanced Cyberteknika;Yan Saar Tactics;"Play this gang tactic at the start of Deployment
step of the pre-battle sequence, before any
fighters have been deployed. For the duration

of this battle, any fighters in your gang equipped
with a piece of Cyberteknika may treat that piece
as being of the next level up. E.g. fighter
equipped with a piece of Alpha Cyberteknika
counts as being equipped with the Gamma level
equivalent for the duration of this battle.
Fighters equipped with Omega level
Cyberteknika gain no benefit.";Cyberteknika améliorée;Van Saar;Jouez cette tactique de gang au début du déploiement étape de la séquence pré-bataille, avant tout des combattants ont été déployés. Pour la durée de cette bataille, tous les combattants de votre gang équipés avec un morceau de Cyberteknika peut traiter ce morceau comme étant du niveau supérieur. Par ex. combattant équipé d'un morceau d'Alpha Cyberteknika compte comme étant équipé du niveau Gamma équivalent pour la durée de cette bataille. Combattants équipés du niveau Omega Cyberteknika n’en tire aucun avantage.
../TacticsCards/VAN SAAR/Experimental Rig.png;Experimental Rig;Van Saar Tactics;"Play at the start of the game, after both sides
have deployed.

Choose a weapon possessed by a friendly
fighter. For the duration of the game, this
weapon increases its Long range by 6"" and its
Strength by 1, but loses the Plentiful trait if it
has it, and gains the Scarce trait if it doesn't
have it.";Harnais expérimental;Van Saar;"Jouez en début de partie, après les deux côtés ont déployé. Choisissez une arme possédée par un combattant allié. Pendant toute la durée du jeu, ceci l'arme augmente sa Longue portée de 6"" et sa Force de 1, mais perd le trait Abondant s'il l'a, et gagne le trait Rare si ce n'est pas le cas l'avoir."
../TacticsCards/VAN SAAR/Feigned Nobility.png;Feigned Nobility;Yan Saar Tactics;"Play this tactic at the start of Deployment step of
the pre-battle sequence, before deploying any
fighters. You may recruit either a House Agent
or a Dramatis Personae for this battle. They're
taken in addition to your starting crew. If you
don't have a model, you may discard this tactic
and select another. If this fighter is taken OoA,
every friendly fighter suffers a -2 modifier to
their Cool for the rest of this battle. If this is a
campaign battle, your gang loses 5 Rep and the
gang that takes this fighter OoA gains 3 Rep.";Noblesse feinte;Van Saar;Jouez cette tactique au début de l’étape de Déploiement de la séquence Pré-bataille, avant de déployer des combattants. Vous pouvez recruter soit un Agent de Maison, soit un Dramatis Personae pour cette bataille. Il est recruté en plus de votre équipage de départ. Si vous n’avez pas de figurine pour le représenter, vous pouvez défausser cette tactique et en choisir une autre. Si ce combattant est mis Hors de combat, chaque combattant de votre gang doit effectuer un test de Sang-froid.
../TacticsCards/VAN SAAR/Hyper Auto-Loader.png;| Hyper Auto-Loader;Van Saar Tactics;"Play when a fighter makes a ranged attack.

If the fighter is using a weapon with the Rapid
Fire trait, they may roll 2 extra Firepower dice.
After working out the effects of the shot, their
ranged weapon automatically counts as having
failed an Ammo check, regardless of the results
of the Firepower dice.";Hyper chargeur automatique;Van Saar;Jouez lorsqu'un combattant effectue une attaque à distance. Si le combattant utilise une arme avec le Rapid Trait Feu, ils peuvent lancer 2 dés de puissance de feu supplémentaires. Après avoir calculé les effets du tir, leur l'arme à distance compte automatiquement comme ayant a échoué à un contrôle de munitions, quels que soient les résultats des dés de puissance de feu.
../TacticsCards/VAN SAAR/Longshot.png;| Longshot;Yan Saar Tactics;"Play this gang tactic when a friendly Van Saar
fighter makes a Shoot (Basic) action, before
rolling any dice.

For the duration of this action, this fighter's BS
is 2+. In addition, for the duration of this action,
this fighter ignores all negative modifiers that
may apply to their hit rolls. However, after
resolving the attack, the weapon is immediately
Out of Ammo.";Tir longue distance;Van Saar;Jouez cette tactique de gang lorsqu'un Van Saar combattant allié effectue une action Tir (Basique), avant lancer un dé. Pendant toute la durée de cette action, le BS de ce combattant est 2+. De plus, pendant la durée de cette action, ce combattant ignore tous les modificateurs négatifs qui peuvent s'appliquer à leurs jets de touche. Cependant, après résolvant l'attaque, l'arme est immédiatement À court de munitions.
../TacticsCards/VAN SAAR/Medical Intervention.png;Medical Intervention;Yan Saar Tactics;"Play this gang tactic during any End phase,
before making any Recovery tests.

Choose one Seriously Injured friendly Van Saar
fighter. Do not make a Recovery test for this
fighter. Instead, this fighter immediately
recovers, exactly as if a Flesh Wound result had
been rolled for them.";Intervention médicale;Van Saar;Jouez cette tactique de gang pendant une phase de Fin, avant d'effectuer des tests de récupération. Choisissez un Van Saar amical grièvement blessé combattant. Ne faites pas de test de récupération pour cela combattant. Au lieu de cela, ce combattant a immédiatement récupère, exactement comme si un résultat de Flesh Wound avait été roulé pour eux.
../TacticsCards/VAN SAAR/Medical Protocols.png;Medical Protocols;Van Saar Tactics;"| Play at the start of any End phase.

For the duration of this End phase, when
any fighter assists a friendly fighter's |
Recovery test, roll an extra Injury dice, then
choose one to keep.";Protocoles médicaux;Van Saar;Jouez au début de une phase de Fin. Pendant la durée de cette phase de Fin, lorsque un combattant assiste un combattant allié Test de récupération, lancez un dé de blessure supplémentaire, puis choisissez-en un à conserver.
../TacticsCards/VAN SAAR/Mesh Underlay.png;Mesh Underlay;Van Saar Tactics;"| Play when a fighter is hit by a ranged attack.
For the remainder of the battle, the chosen
fighter's armour saves are not modified by |
AP when hit by a ranged attack.";Sous-couche en maille;Van Saar;A jouer lorsqu'un combattant est touché par une attaque à distance. Pour le reste de la bataille, les élus les sauvegardes d'armure du combattant ne sont pas modifiées par AP lorsqu'il est touché par une attaque à distance.
../TacticsCards/VAN SAAR/Overcharge.png;Overcharge;Van Saar Tactics;"Play when a fighter makes a ranged attack. |
For the duration of the fighter's activation, _
one of their Las or Plasma ranged weapons |
increases its Strength by 2.";Surcharge;Van Saar;Jouez lorsqu'un combattant effectue une attaque à distance. Pendant toute la durée d'activation du combattant, _ une de ses armes à distance Las ou Plasma augmente sa Force de 2.
../TacticsCards/VAN SAAR/Pneumatic Injectors.png;Pneumatic [njectors;Van Saar Tactics;"Play when a fighter makes a melee attack.
For the duration of the fighter's activation,
one of their melee weapons increases its
Strength by 2.";Injecteurs pneumatiques;Van Saar;Jouez lorsqu'un combattant effectue une attaque au corps à corps. Pendant toute la durée d'activation du combattant, l'une de ses armes de mêlée augmente son Force par 2.
../TacticsCards/VAN SAAR/Power Up.png;Power Up;Yan Saar Tactics;"Play this gang tactic when afriendly Van
Saar fighter makes an attack using any form

of 'las' weapon. |
For the duration of this action, the Strength
characteristic of the weapon used is doubled";Mise sous tension;Van Saar;Jouez cette tactique de gang lorsque vous êtes dans un Van amical Un combattant sarrois attaque sous une forme de 'las' arme. Pendant la durée de cette action, la Force la caractéristique de l’arme utilisée est doublée
../TacticsCards/VAN SAAR/Rad-clouds.png;Rad-clouds;Yan Saar Tactics;"Play this gang tactic at the start of the battle,
after both sides have deployed, but before the
first round. Place D3 markers anywhere on the
battlefield, more than 6"" away from an enemy
fighter. Roll a D6 for any fighter, friend or foe,
that is not from House Van Saar that ends their
activation within 3"" of the centre of one of these
markers. On a 5 or 6, that fighter immediately
suffers a Flesh Wound. At the start of each End
phase, roll a D6 for each marker. On a 1,

the marker is removed.";Nuages rad;Van Saar;"Jouez cette tactique de gang au début de la bataille, après que les deux camps se soient déployés, mais avant le premier tour. Placez les marqueurs D3 n'importe où sur le champ de bataille, à plus de 6"" d'un ennemi combattant. Lancez un D6 pour un combattant, ami ou ennemi, ce n'est pas de la Maison Van Saar que se termine leur activation à moins de 3"" du centre de l'un d'entre eux marqueurs. Sur un 5 ou un 6, ce combattant immédiatement subit une Blessure Légère. Au début de chaque fin phase, lancez 1D6 pour chaque marqueur. Sur un 1, le marqueur est supprimé."
../TacticsCards/VAN SAAR/Rapid Fire.png;Rapid Fire;Van Saar Tactics;"| Play this card when activating a fighter.
This fighter can perform a free Shoot (Basic)
action during its activation. This free action |
is in addition to its two normal actions.";Tir rapide;Van Saar;Jouez cette carte lors de l'activation d'un combattant. Ce combattant peut effectuer un tir gratuit (Basique) action lors de son activation. Cette action gratuite s'ajoute à ses deux actions normales.
../TacticsCards/VAN SAAR/Security Override.png;Security Override;Yan Saar Tactics;"If your gang is the attacker, play this tactic during
the Priority phase of any round, after Roll for
Priority, but before Ready Fighters. If your gang
is not the attacker, discard this tactic and select
another. Every closed door on the battlefield
immediately opens. Every locked door
immediately unlocks and opens. Every door
terminal on the battlefield immediately ceases

to function (and may be removed). If there are
fewer than three doors on the battlefield, you
may discard this tactic and select another.";Contournement de sécurité;Van Saar;Si votre gang est l'attaquant, utilisez cette tactique pendant la phase de priorité de un tour, après avoir lancé un lancer pour Priorité, mais avant Ready Fighters. Si ton gang n'est pas l'attaquant, abandonnez cette tactique et sélectionnez un autre. Chaque porte fermée sur le champ de bataille s'ouvre immédiatement. Chaque porte verrouillée se déverrouille et s'ouvre immédiatement. Chaque porte le terminal sur le champ de bataille cesse immédiatement pour fonctionner (et peut être supprimé). S'il y a moins de trois portes sur le champ de bataille, vous peut abandonner cette tactique et en choisir une autre.
../TacticsCards/VAN SAAR/Shut-in.png;Shut-in;Yan Saar Tactics;"If you are the defender, play this tactic during
the Priority phase of any round, after Roll for
Priority, but before Ready Fighters. If you aren't
the defender, discard this tactic and select another
Open doors on the battlefield immediately close.
Doors with a terminal become locked. Closed
doors without a terminal also become locked but
can only be opened by force, either by targeting
with attacks or by performing a Force Door
(Basic) action. If there are fewer than three doors
you may discard this tactic and select another.";Reclus;Van Saar;Si vous êtes le défenseur, utilisez cette tactique pendant la phase de priorité de un tour, après avoir lancé un lancer pour Priorité, mais avant Ready Fighters. Si tu ne l'es pas le défenseur, abandonnez cette tactique et sélectionnez-en une autre Les portes ouvertes sur le champ de bataille se ferment immédiatement. Les portes équipées d'un terminal se verrouillent. Fermé les portes sans terminal se verrouillent également mais ne peut être ouvert que par la force, soit en ciblant avec des attaques ou en effectuant une Porte de Force action (Basique). S'il y a moins de trois portes vous pouvez abandonner cette tactique et en sélectionner une autre.
../TacticsCards/VAN SAAR/Tracer Fire.png;Tracer Fire;Yan Saar Tactics;"Play this gang tactic during the Priority phase of
any round, after Roll for Priority, but before
Ready Fighters.

For the duration of this round, any friendly
fighter that performs a Shoot (Basic) or Shoot
(Double) action as part of a Group Activation
may apply a +1 modifier to their Ballistic Skill
for the duration of their activation.";Feu traceur;Van Saar;Jouez cette tactique de gang pendant la phase de Priorité de un tour, après le lancer de priorité, mais avant activation des combattants Prêts. Pendant la durée de ce tour, tout match amical combattant qui effectue un Shoot (Basic) ou Shoot (Double) action dans le cadre d'une Activation de Groupe peut appliquer un modificateur de +1 à sa compétence balistique pendant toute la durée de son activation.
../TacticsCards/VAN SAAR/Unexpected Allies.png;Unexpected Allies;Yan Saar Tactics;"Play this tactic at the start of the Deployment
step of the pre-battle sequence, before any
fighters have been deployed. Your gang may
immediately recruit up to three Subteks. They're
recruited for free but will leave the gang at the
end of this battle. Each Subtek has either a lasgu
or two laspistols. These fighters aren't counted
towards your maximum crew size - they're taken
in addition to your starting crew. If you don't
have models available, you may discard this tactic
and select another.";Des alliés inattendus;Van Saar;Jouez cette tactique au début du déploiement étape de la séquence pré-bataille, avant tout des combattants ont été déployés. Votre gang peut recrutez immédiatement jusqu'à trois Subteks. Ils sont recruté gratuitement mais laissera le gang au fin de cette bataille. Chaque Subtek possède soit un lasgu ou deux pistolets laser. Ces combattants ne sont pas comptés vers la taille maximale de votre équipage - ils sont pris en plus de votre équipage de départ. Si tu ne le fais pas avez des modèles disponibles, vous pouvez abandonner cette tactique et sélectionnez-en un autre.
../TacticsCards/VAN SAAR/Warforge.png;Warforge;Van Saar Tactics;"| Play at the start of the game, after both sides
have deployed.

For the duration of this battle, all friendly
models add a +1 modifier to any Ammo
checks they are required to take.";Forge de guerre;Van Saar;Jouez en début de partie, après les deux côtés ont déployé. Pendant toute la durée de cette bataille, tous amicaux les figurines ajoutent un modificateur de +1 à une munition contrôles qu'ils sont tenus de faire.
../TacticsCards/VAN SAAR/Weakened Physiology.png;Weakened Physiology;Yan Saar Tactics;"Play this gang tactic during any End phase,
before your opponent makes any Recovery tests.
Choose one Seriously Injured fighter belonging
to the enemy gang. Your opponent must roll one
extra Injury dice when making a Recovery test for
this fighter. In addition, you may choose which
Injury dice result is resolved and which are
discarded.";Physiologie affaiblie;Van Saar;Jouez cette tactique de gang pendant une phase de Fin, avant que votre adversaire n'effectue un test de récupération. Choisissez un combattant grièvement blessé appartenant au gang ennemi. Votre adversaire doit en lancer un dés de Blessure supplémentaires lors d’un test de Récupération pour ce combattant. De plus, vous pouvez choisir lequel Le résultat des dés de blessure est résolu et qui sont rejeté.
../TacticsCards/VAN SAAR/Weapon Drill.png;Weapon Drill;Yan Saar Tactics;"Play this gang tactic at the start of the battle,
after both sides have deployed, but before

the first round.

For the duration of this battle, you may re-roll
any rolls of a natural 1 made when making

an Ammo check.";Exercice de tir;Van Saar;Jouez cette tactique de gang au début de la bataille, après que les deux camps se soient déployés, mais avant le premier tour. Pendant toute la durée de cette bataille, vous pouvez relancer tous les rouleaux d'un 1 naturel réalisés lors de la fabrication un contrôle de munitions.
../TacticsCards/VAN SAAR VEHICLES/Auspex Bafflers.png;Auspex Bafflers;Van Saar Vehicle Tactics;"Play this gang tactic at the start of the battle
before the first roll for Priority.

Select a friendly vehicle. For the duration of this
battle, they do not gain the Revealed condition
for moving or firing a weapon. At the end of each
of the vehicle's activations, roll a D6. On a result
of a 1, the auspex bafflers stop working and have
no further effect.";Brouilleurs d’auspex;Véhicules Van Saar;Jouez cette tactique de gang au début de la bataille avant le premier lancer pour la Priorité. Choisissez un véhicule convivial. Pendant la durée de ce bataille, ils n'obtiennent pas la condition Révélé pour déplacer ou tirer avec une arme. A la fin de chaque des activations du véhicule, lancez un D6. Sur un résultat d'un 1, les déflecteurs auspex cessent de fonctionner et ont aucun autre effet.
../TacticsCards/VAN SAAR VEHICLES/Auto-righting Stabilisers.png;Auto-righting Stabilisers;Van Saar Vehicle Tactics;"Play this gang tactic at the start of the battle
before the first roll for Priority. Select D3
friendly fighters subject to the Mounted
condition.

For the duration of the battle, they treat their
Initiative characteristic as 2+ when performing
the Stand Up (Basic) action.";Stabilisateurs auto-redresseurs;Véhicules Van Saar;Jouez cette tactique de gang au début de la bataille avant le premier lancer pour la Priorité. Choisissez D3 combattants alliés soumis aux Montés état. Pendant toute la durée de la bataille, ils soignent leurs Caractéristique d'initiative de 2+ lors de l'exécution l'action Debout (de base).
../TacticsCards/VAN SAAR VEHICLES/Automantic Kill-switch.png;Automantic Kill-switch;Van Saar Vehicle Tactics;"Play this gang tactic instead of activating

a friendly model.

Select a Mobile enemy vehicle. Change its Status
to Stationary and Stalled.";Coupe-circuit automatique;Véhicules Van Saar;Jouez cette tactique de gang au lieu d'activer un modèle sympathique. Choisissez un véhicule ennemi mobile. Changer son statut à l'arrêt et au calage.
../TacticsCards/VAN SAAR VEHICLES/Automantic Override.png;Automantic Override;Van Saar Vehicle Tactics;"Play this gang tactic instead of activating

a friendly model.

Select a weapon with the Crew Operated trait
mounted on an enemy vehicle. The enemy
vehicle suffers an automatic hit in the Side from
the selected weapon.";Contournement automatique;Véhicules Van Saar;Jouez cette tactique de gang au lieu d'activer un modèle sympathique. Choisissez une arme avec le trait Crew Operator monté sur un véhicule ennemi. L'ennemi le véhicule subit un coup automatique dans le côté de l'arme choisie.
../TacticsCards/VAN SAAR VEHICLES/Automated Repair.png;Automated Repair;Van Saar Vehicle Tactics;"Play this gang tactic at the start of the battle
before the first roll for Priority.

Select a friendly vehicle. For the duration of the
battle, roll a D6 for the vehicle during the
Recovery and Restart step of the End phase; on
a 5+ the vehicle regains 1 Hull Point lost earlier
in the battle.";Réparation automatisée;Véhicules Van Saar;"Jouez cette tactique de gang au début de la bataille avant le premier lancer pour la Priorité. Choisissez un véhicule convivial. Pendant la durée du bataille, lancez un D6 pour le véhicule pendant la Étape de récupération et de redémarrage de la phase de fin ; sur sur 5+, le véhicule récupère 1 point de coque perdu plus tôt dans la bataille."
../TacticsCards/VAN SAAR VEHICLES/Custom Upgrade.png;Custom Upgrade;Van Saar Vehicle Tactics;"Play this gang tactic at the start of the battle
before the first roll for Priority.

A friendly vehicle of your choice may be
equipped with an Upgrade that costs 30 credits
or less for free for the duration of this battle.";Amélioration personnalisée;Véhicules Van Saar;Jouez cette tactique de gang au début de la bataille avant le premier lancer pour la Priorité. Un véhicule convivial de votre choix peut être équipé d'une mise à niveau qui coûte 30 crédits ou moins gratuitement pendant toute la durée de cette bataille.
../TacticsCards/VAN SAAR VEHICLES/Energy Dispersion Field.png;Energy Dispersion Field;Van Saar Vehicle Tactics;"Play this gang tactic when a friendly vehicle has
been wounded before rolling to save.

For the duration of this attack, the vehicle gains
a 4+ field armour save.";Champ de dispersion d'énergie;Véhicules Van Saar;Jouez cette tactique de gang lorsqu'un véhicule allié a été blessé avant de lancer pour sauver. Pendant toute la durée de cette attaque, le véhicule gagne une sauvegarde d'armure de campagne de 4+.
../TacticsCards/VAN SAAR VEHICLES/Holo-projector.png;Holo-projector;Van Saar Vehicle Tactics;"Play this gang tactic when a friendly fighter
subject to the Mounted condition is declared the
target of a shooting attack before rolling to hit.
The target of the attack may immediately move
up to D6"". If they are no longer a valid target for
the shooting attack, the action is wasted.";Holo-projecteur;Véhicules Van Saar;"Jouez cette tactique de gang lorsqu'un combattant allié soumis à la condition Monté est déclaré le cible d’une attaque de tir avant de lancer pour toucher. La cible de l'attaque peut immédiatement se déplacer jusqu'à D6"". S'ils ne constituent plus une cible valide pour l'attaque par balle, l'action est vaine."
../TacticsCards/VAN SAAR VEHICLES/Hydraulic Repulsion Bar.png;Hydraulic Repulsion Bar;Van Saar Vehicle Tactics;"Play this gang tactic at the start of the battle
before the first roll for Priority.

Select a friendly vehicle. The vehicle takes no
damage from the first collision that it is involved
in.";Barre de répulsion hydraulique;Véhicules Van Saar;Jouez cette tactique de gang au début de la bataille avant le premier lancer pour la Priorité. Choisissez un véhicule convivial. Le véhicule ne prend pas dommages dès la première collision dans laquelle il est impliqué dans.
../TacticsCards/VAN SAAR VEHICLES/Power to the Engines.png;Power to the Engines;Van Saar Vehicle Tactics;"Play this gang tactic when activating a friendly
fighter subject to the Mounted condition before
performing any actions.

For the duration of this activation, the fighter's
Movement characteristic is increased by 2"".";Puissance aux moteurs;Véhicules Van Saar;"Jouez cette tactique de gang lors de l'activation d'un ami chasseur soumis à la condition Monté avant effectuer des actions. For the duration of this activation, the fighter's La caractéristique de mouvement est augmentée de 2""."
../TacticsCards/VAN SAAR VEHICLES/Rad Vents.png;Rad Vents;Van Saar Vehicle Tactics;"Play this gang tactic when activating a friendly
vehicle before performing any actions.

For the duration of this activation, any fighter
(friend or foe) who comes within 1"" of this
vehicle at any point during its activation must
test as if they had been hit by a weapon with
the Rad-phage trait.";Évents rad;Véhicules Van Saar;"Jouez cette tactique de gang lors de l'activation d'un ami véhicule avant d’effectuer toute action. Pendant la durée de cette activation, tout combattant (ami ou ennemi) qui s'approche à moins de 1"" de ceci le véhicule à tout moment pendant son activation doit test comme s'ils avaient été touchés par une arme avec le trait Rad-phage."
../TacticsCards/VAN SAAR VEHICLES/Rad-rounds.png;Rad-rounds;Van Saar Vehicle Tactics;"Play this gang tactic when activating a friendly
vehicle before performing any actions.

For the duration of this activation, all of the
vehicle's weapons with the Crew Operated
trait also gain the Rad-phage trait.";Munitions rad;Véhicules Van Saar;Jouez cette tactique de gang lors de l'activation d'un ami véhicule avant d’effectuer toute action. Pendant la durée de cette activation, tous les les armes du véhicule avec le Crew Operator gagnent également le trait Rad-phage.
../TacticsCards/VAN SAAR VEHICLES/Ram Run.png;Ram Run;Van Saar Vehicle Tactics;"Play this gang tactic when activating a friendly
fighter subject to the Mounted condition before
performing any actions.

For the duration of its activation, any Ride-by
attacks performed by the fighter are resolved at
$4, AP-1, D2 with the Knockback trait.";Course d’éperonnage;Véhicules Van Saar;Jouez cette tactique de gang lors de l'activation d'un ami chasseur soumis à la condition Monté avant effectuer des actions. Pendant la durée de son activation, tout Ride-by les attaques effectuées par le combattant sont résolues à 4 $, AP-1, D2 avec le trait Knockback.
../TacticsCards/VAN SAAR VEHICLES/Redirect Power.png;Redirect Power;Van Saar Vehicle Tactics;"Play this gang tactic when activating a friendly
vehicle before performing any actions.

For the duration of its activation, the vehicle
cannot move; however, the Strength of any of its
'las' weapons with the Crew Operated trait is
increased by 2.";Rediriger la puissance;Véhicules Van Saar;"Jouez cette tactique de gang lors de l'activation d'un ami véhicule avant d’effectuer toute action. Pendant toute la durée de son activation, le véhicule ne peut pas bouger; cependant, la force de l'un de ses Les armes 'las' avec le trait Crew Operator sont augmenté de 2."
../TacticsCards/VAN SAAR VEHICLES/Refined Fuel Coils.png;Refined Fuel Coils;Van Saar Vehicle Tactics;"Play this gang tactic at the start of the battle
before the first roll for Priority.

Select D3 friendly fighters subject to the
Mounted condition. They may each perform
a free Move (Simple) action, but cannot move
further than 6"".";Bobines de combustible raffiné;Véhicules Van Saar;"Jouez cette tactique de gang au début de la bataille avant le premier lancer pour la Priorité. Choisissez des combattants alliés D3 soumis aux Etat monté. Ils peuvent chacun effectuer une action de Déplacement (Simple) gratuite, mais ne peut pas bouger plus loin que 6""."
../TacticsCards/VAN SAAR VEHICLES/Reinforced Superstructure.png;Reinforced Superstructure;Van Saar Vehicle Tactics;"Play this gang tactic when a friendly vehicle is
Wrecked before rolling on the Lasting Damage
table.

Roll twice on the Lasting Damage table and
choose which result to apply.";Superstructure renforcée;Véhicules Van Saar;Jouez cette tactique de gang lorsqu'un véhicule allié est Détruit avant de lancer sur les dégâts durables tableau. Lancez deux fois sur le tableau des dégâts durables et choisissez le résultat à appliquer.
../TacticsCards/VAN SAAR VEHICLES/Targeting Relay.png;Targeting Relay;Van Saar Vehicle Tactics;"Play this gang tactic when activating a friendly
vehicle before performing an action.

Select an enemy model within 12"" of the vehicle.
For the remainder of the round, friendly models
apply a +1 modifier to hit the enemy model with
shooting attacks.";Relais de ciblage;Véhicules Van Saar;"Jouez cette tactique de gang lors de l'activation d'un ami véhicule avant d’effectuer une action. Choisissez une figurine ennemie à moins de 12"" du véhicule. Pour la suite du round, des modèles sympathiques appliquez un modificateur de +1 pour toucher la figurine ennemie avec attaques par tir."
../TacticsCards/VAN SAAR VEHICLES/Targeting Scramblers.png;Targeting Scramblers;Van Saar Vehicle Tactics;"Play this gang tactic when activating a friendly
model before performing any actions.

For the duration of this activation, the model
may perform the Jam (Basic) action.

Jam (Basic): Select an enemy vehicle within 12"".
For the remainder of the round, they suffer a -1
modifier to all hit rolls.";Brouilleurs de ciblage;Véhicules Van Saar;"Jouez cette tactique de gang lors de l'activation d'un ami modèle avant d’effectuer toute action. Pendant la durée de cette activation, le modèle peut effectuer l’action Jam (Basique). Jam (Basique) : Choisissez un véhicule ennemi dans un rayon de 12"". Pour le reste du round, ils subissent un -1 modificateur à tous les jets de touche."
../TacticsCards/ZONE MORTALIS/Ambush Alley.png;Ambush Alley;Zone Mortalis Tactics;"Play this gang tactic when an enemy fighter
performs the Operate Door (Simple), Access
Terminal (Basic) or Force Door (Basic) action.
After the enemy fighter completes the action,
choose a friendly fighter with line of sight to that
enemy fighter. The friendly fighter may
immediately perform a free Shoot (Basic) action.
If the enemy fighter is still Standing and Active,
they may perform a second action (if they have
not done so already).";Allée des embuscades;Zone Mortalis;Jouez cette tactique de gang lorsqu'un combattant ennemi effectue l'opération de porte (simple), l'accès Action du terminal (de base) ou de la porte forcée (de base). Une fois que le combattant ennemi a terminé l'action, choisissez un combattant allié avec une ligne de vue sur lui combattant ennemi. Le combattant allié peut effectuez immédiatement une action Tir (Basique) gratuite. Si le combattant ennemi est toujours Debout et Actif, ils peuvent effectuer une deuxième action (s'ils ont pas déjà fait).
../TacticsCards/ZONE MORTALIS/Call the Beast.png;Call the Beast;Zone Mortalis Tactics;"| 1
Play this gang tactic when an enemy fighter |
performs a Move (Simple) action. |
After the enemy fighter completes their |
“movement, nominate a Vent anywhere on —
the battlefield. For the remainder of this |
battle, this Vent counts as a Beast's Lair as
described in the Necromunda Rulebook.
|";Appeler la bête;Zone Mortalis;"1 Jouez cette tactique de gang lorsqu'un combattant ennemi effectue une action de déplacement (simple). Une fois que le combattant ennemi a terminé son ""mouvement, nommez un évent n'importe où sur - le champ de bataille. Pour le reste de ce bataille, cet évent compte comme un repaire de bête décrit dans le livre de règles de Necromunda."
../TacticsCards/ZONE MORTALIS/Cometh the Harvest Lord!.png;Cometh the Harvest Lord!;Zone Mortalis Tactics (Corpse Grinder;"Play this gang tactic when a friendly fighter |
activates within 1"" of a closed Door.

The fighter may perform a free Fight (Basic)
action against one enemy fighter within 1""
of the other side of the Door.";Voici venir le Seigneur de la moisson !;Zone Mortalis (Corspe grinders);"Jouez cette tactique de gang lorsqu’un combattant allié s’active à 1"" ou moins d’une porte fermée. Ce combattant peut effectuer gratuitement une action Combat (Basique) contre un combattant ennemi situé à 1"" ou moins de l’autre côté de la porte."
../TacticsCards/ZONE MORTALIS/Emergency Repulsors.png;Emergency Repulsors;Zone Mortalis Tactics;"Play this gang tactic when a friendly fighter falls
or jumps down from a ledge, but before working
out the effects of the fall or jump.
Place a 5"" Blast marker anywhere on the
battlefield and leave it in place for the remainder
of this round. Fighters falling or jumping down
one this marker take no damage and are not
inned.";Répulseurs d'urgence;Zone Mortalis;"Jouez cette tactique de gang lorsqu'un combattant allié tombe ou saute d'un rebord, mais avant de travailler les effets de la chute ou du saut. Placez un marqueur Blast de 5"" n'importe où sur le champ de bataille et laissez-le en place pour le reste de ce tour. Combattants tombant ou sautant celui de ce marqueur ne subit aucun dégât et ne sont pas inné."
../TacticsCards/ZONE MORTALIS/Fighting Reatreat.png;Fighting Retreat;Zone Mortalis Tactics (Orlock);"Play this gang tactic when your gang fails

a Bottle test.

For the remainder of this battle, all fighters _

in your gang may treat the Operate Door |

(Simple) action as a free action once during _

their activation.
|";Retraite de combat;Zone Mortalis (Orlock);Jouez cette tactique de gang lorsque votre gang échoue un test en bouteille. Pour le reste de cette bataille, tous les combattants _ dans votre gang peut traiter la porte Operate action (Simple) comme action gratuite une fois pendant _ son activation.
../TacticsCards/ZONE MORTALIS/From Below.png;From Below;Zone Mortalis Tactics;"Play this gang tactic after rolling for
Reinforcements but before placing reinforcement
fighters on the battlefield.

Friendly fighters arriving via the Reinforcement
rules can be deployed in the same manner as
fighters with the Infiltrate skill, as long as they
are deployed within 2"" of a Pipe or Vent.";D'en bas;Zone Mortalis;"Jouez cette tactique de gang après avoir lancé le jet pour Renforts mais avant de placer le renfort combattants sur le champ de bataille. combattants alliés arrivant via les Renforts les règles peuvent être déployées de la même manière que combattants dotés de la compétence Infiltration, à condition qu'ils sont déployés à moins de 2"" d'un tuyau ou d'un évent."
../TacticsCards/ZONE MORTALIS/Hidden Swarm.png;Hidden Swarm;Zone Mortalis Tactics (Genestealer Cu;"Play this gang tactic during the End phase of any
round, before deploying any Reinforcements.
Your gang may immediately deploy up to D3
Reinforcements from those fighters in your
Reinforcement deck within 3"" of a friendly
Leader or Champion. These fighters must be
placed within 1"" of a Vent and at least 1"" from
any enemy fighter. No additional Reinforcements
can arrive this round. If a fighter cannot be
placed in this manner, the fighter is deployed as
normal instead.";Essaim caché;Zone Mortalis (Culte Genestealer);"Jouez cette tactique de gang pendant la phase de fin de un tour, avant de déployer des renforts. Votre gang peut se déployer immédiatement jusqu'à D3 Des renforts de ces combattants dans votre Pont de renfort à moins de 3"" d'un ami Leader ou Champion. Ces combattants doivent être placé à moins de 1"" d'un évent et à au moins 1"" de un combattant ennemi. Pas de renforts supplémentaires peut arriver ce tour. Si un combattant ne peut pas être placé de cette manière, le chasseur est déployé comme normal à la place."
../TacticsCards/ZONE MORTALIS/Hidden Vent.png;Hidden Vent;Zone Mortalis Tactics;"Play this gang tactic when a friendly fighter |
performs Move (Simple) action.

During their movement, this fighter may
pass through Impassable terrain, provided
they end their movement with no part of
their base within the Impassable terrain.";Conduit caché;Zone Mortalis;Jouez cette tactique de gang lorsqu'un combattant allié effectue une action de déplacement (simple). Lors de son déplacement, ce combattant peut traverser un terrain infranchissable, à condition ils terminent leur mouvement sans aucune partie de leur base dans le terrain infranchissable.
../TacticsCards/ZONE MORTALIS/Hunter in the Dark.png;Hunter in the Dark;Zone Mortalis Tactics (Venators);"Play this tactic during the Priority phase of any
round, after Roll for Priority, but before Ready
Fighters. Choose a 12""x12"" section of the
battlefield. Fighters within and moving into it
this round immediately gain Hidden, as if affecte
by Pitch Black rules. It can be lost as described in
Pitch Black rules or if the fighter moves outside
this section. A fighter who loses it can't gain it
again this round. During the End phase of this
round, all fighters discard Hidden markers
caused by this tactic and it's discarded.";Chasseur dans le noir;Zone Mortalis (Venators);"Jouez cette tactique pendant la phase de priorité de un tour, après Lancer pour la Priorité, mais avant Prêt les combattants. Choisissez une section de 12""x12"" du champ de bataille. Des combattants à l'intérieur et s'y déplaçant ce tour gagne immédiatement Caché, comme s'il était affecté par les règles de Pitch Black. Il peut être perdu comme décrit dans Pitch Black règne ou si le combattant se déplace à l'extérieur cette rubrique. Un combattant qui le perd ne peut pas le gagner encore ce tour. Pendant la phase de Fin de ce round, tous les combattants défaussent les marqueurs cachés causé par cette tactique et il est rejeté."
../TacticsCards/ZONE MORTALIS/Improvised Cover.png;Improvised Cover;Zone Mortalis Tactics;"Play this gang tactic instead of activating

a fighter.

You may immediately place a barricade
anywhere within 2"" of one of your fighters.";Couvert improvisé;Zone Mortalis;"Jouez cette tactique de gang au lieu d'activer un combattant. Vous pouvez immédiatement placer une barricade n'importe où à moins de 2"" d'un de vos combattants."
../TacticsCards/ZONE MORTALIS/Klaxon.png;| Klaxon;Zone Mortalis Tactics (Enforcers);"Play this gang tactic during the Priority phase of
any round, after Roll for Priority, but before
Ready Fighters.

For the duration of this round, enemy fighters
may not make, or be part of, Group Activations
unless they can draw line of sight to a model in
their crew with the Gang Leader special rule.";Klaxon;Zone Mortalis (Enforcers);Jouez cette tactique de gang pendant la phase de Priorité de un tour, après le lancer de priorité, mais avant activation des combattants Prêts. Pendant toute la durée de ce round, les combattants ennemis ne peut pas effectuer ou participer à des activations de groupe à moins qu'ils ne puissent tracer une ligne de vue vers une figurine dans leur équipage avec la règle spéciale Gang Leader.
../TacticsCards/ZONE MORTALIS/Knock! Knock!.png;Knock! Knock!;Zone Mortalis Tactics (Goliath);"Play this gang tactic instead of activating
a fighter.

Choose a Door within 2"" of a friendly
fighter. Remove this Door from the
battlefield.";Toc ! Toc !;Zone Mortalis (Goliath);"Jouez cette tactique de gang au lieu d'activer un combattant. Choisissez une porte à moins de 2"" d'un combattant allié. Retirez cette porte du champ de bataille."
../TacticsCards/ZONE MORTALIS/Lockown.png;| Lockdown;Zone Mortalis Tactics;"Play this gang tactic at the start of any
Action phase.

All doors on the battlefield close if they are
open, and then become locked, as detailed
in the Necromunda Rulebook.";Confinement;Zone Mortalis;Jouez cette tactique de gang au début de un Phase d'action. Toutes les portes du champ de bataille se ferment si elles sont s'ouvrir, puis se verrouiller, comme détaillé dans le livre de règles de Necromunda.
../TacticsCards/ZONE MORTALIS/Long Shadows.png;Long Shadows;Zone Mortalis Tactics (Delaque);"Play this gang tactic during the Priority phase of
any round, after Roll for Priority, but before
Ready Fighters.

For he duration of this round, enemy fighters
must make an Intelligence check if they wish

to perform a ranged attack targeting any of

your fighters that are both at Long range and

in cover.";Longues ombres;Zone Mortalis (Delaque);Jouez cette tactique de gang pendant la phase de Priorité de un tour, après le lancer de priorité, mais avant activation des combattants Prêts. Pendant la durée de ce round, les combattants ennemis doivent effectuer une test d’Intelligence s'ils le souhaitent pour effectuer une attaque à distance ciblant l'un des vos combattants qui sont à la fois à longue portée et en couverture.
../TacticsCards/ZONE MORTALIS/Lucky Ricochet.png;Lucky Ricochet;Zone Mortalis Tactics;"Play this gang tactic when a friendly fighter hits
with a ranged attack, and their target was within
2"" of a piece of Impassable terrain.

After working out the effects of the hit, and if the
hit fighter has not been removed from play. roll

a D6 to see if that hit fighter s hit by a Stray Shot
from the same weapon.";Ricochet chanceux;Zone Mortalis;"Jouez cette tactique de gang lorsqu'un combattant allié frappe avec une attaque à distance, et leur cible était à portée 2"" d'un morceau de terrain infranchissable. Après avoir calculé les effets du coup, et si le Le combattant à succès n'a pas été retiré du jeu. rouler un D6 pour voir si le combattant touché est touché par un tir errant de la même arme."
../TacticsCards/ZONE MORTALIS/Rat Warren.png;Rat Warren;Zone Mortalis Tactics;"Play this gang tactic after your opponent activates
one of their fighters.
If the fighter they have just activated does not
have line of sight to any friendly fighters, they
must make an Intelligence check. If this check is
failed, you may place that fighter anywhere
within 6"" of their current location. You may not
piece that fighter within 3"" of any of your
ighters.";Terrier de rats;Zone Mortalis;"Jouez cette tactique de gang après l'activation de votre adversaire un de leurs combattants. Si le combattant qu'ils viennent d'activer ne le fait pas ont une ligne de vue sur tous les combattants alliés, ils doit effectuer un test d'Intelligence. Si ce chèque est échoué, vous pouvez placer ce combattant n'importe où à moins de 6"" de leur emplacement actuel. Vous ne pouvez pas morceau ce combattant à moins de 3"" de l'un de vos briquets."
../TacticsCards/ZONE MORTALIS/Rise Up, Brothers and Sisters!.png;Rise Up, Brothers and Sisters!;Zone Mortalis Tactics (Chaos Helots);"Play this gang tactic at the start of any
Action phase.

Unul the End phase of this round, all
fighters in your crew gain the Spring Up
skill.";Levez-vous, frères et sœurs !;Zone Mortalis (Hilotes du Chaos);Jouez cette tactique de gang au début de un Phase d'action. Jusqu'à la phase de Fin de ce tour, tous les combattants de votre équipage obtiennent le Spring Up compétence.
../TacticsCards/ZONE MORTALIS/Sparky... SMASH!.png;Sparky... SMASH!;Zone Mortalis Tactics (Slave Ogryns);"Play this gang tactic when a friendly fighter
activates within 1"" of a closed Door.

Remove the Door from the battlefield. Any
fighter, friend or foe, that was within 2"" of

the other side of the Door must pass

an Initiative check or become Prone and Pinned.
This fighter's activation then ends.";Sparky... Écrase !;Zone Mortalis (Ogryns esclaves);"Jouez cette tactique de gang lorsqu’un combattant allié s’active à 1"" ou moins d’une porte fermée. Retirez la porte du champ de bataille. Tout combattant, allié ou ennemi, qui se trouvait à 2"" ou moins de l’autre côté de la porte doit réussir un test d’Initiative ou devenir À Terre et Bloqué. L’activation de ce combattant prend alors fin."
../TacticsCards/ZONE MORTALIS/Stairs Trap.png;Stairs Trap;Zone Mortalis Tactics (Van Saar);"Play this gang tactic instead of activating a fighter
Choose a set of Stairs anywhere on the battlefield
All fighters on the chosen Stairs immediately fall
(place them within 2"" of the foot of the Stairs in
an order chosen by the player whose gang tactic
this is). The fighters are then Pinned and suffer
damage from falling as normal.";Piège d’escalier;Zone Mortalis (Van Saar);"Jouez cette tactique de gang au lieu d'activer un combattant Choisissez un ensemble d'escaliers n'importe où sur le champ de bataille Tous les combattants sur les escaliers choisis tombent immédiatement (placez-les à moins de 2"" du pied des escaliers dans un ordre choisi par le joueur dont la tactique de gang c'est). Les combattants sont alors Bloqués et subissent dommages dus à une chute normale."
../TacticsCards/ZONE MORTALIS/Trip Wire.png;Trip Wire;Zone Mortalis Tactics;"Play this gang tactic when an enemy fighter
ascends or descends a ladder or Stairs.
Once the enemy fighter completes their
Move action, they become Pinned.";Fil-piège;Zone Mortalis;Jouez cette tactique de gang lorsqu'un combattant ennemi monte ou descend une échelle ou un escalier. Une fois que le combattant ennemi a terminé son Déplacez l'action, ils deviennent Bloqués.
../TacticsCards/ZONE MORTALIS/Underhive Gloom.png;Underhive Gloom;Zone Mortalis Tactics;"Play this gang tactic at the start of the battle,
after both crews have been deployed.

For the duration of this battle, the hit rolls

for ranged attacks made through open doorways
or against fighters on a different level to the
attacker suffer an additional -2 modifier to the to
hit roll.";Obscurité du Sous-Monde;Zone Mortalis;Jouez cette tactique de gang au début de la bataille, une fois les deux équipages déployés. Pendant toute la durée de cette bataille, les jets de touche pour les attaques à distance effectuées à travers des portes ouvertes ou contre des combattants d'un niveau différent du l'attaquant subit un modificateur supplémentaire de -2 au to frapper le rouleau.
../TacticsCards/ZONE MORTALIS/Unwashed Horde.png;Unwashed Horde;Zone Mortalis Tactics (Cawdor);"Play this gang tactic at the start of the first round
of the battle, before Priority is rolled. Your gang
may immediately deploy D3 Cawdor (Juve)
fighters. These fighters are recruited for free but
will leave the gang at the end of this battle. Each
fighter is equipped with a reclaimed autopistol
and a fighting knife. These fighters must be
pieced within 1"" of a Vent and have at least 1""
rom any other fighter: If you do not have models
available to represent these fighters, you may
discard this gang tactic and select another.";Horde crasseuse;Zone Mortalis (Cawdor);"Jouez cette tactique de gang au début du premier tour de la bataille, avant que la priorité ne soit lancée. Votre bande peut déployer immédiatement D3 Cawdor (Juve) combattants. Ces combattants sont recrutés gratuitement mais quittera le gang à la fin de cette bataille. Chacun le chasseur est équipé d'un pistolet automatique récupéré et un couteau de combat. Ces combattants doivent être reconstitué à moins de 1"" d'un évent et avoir au moins 1"" de un autre combattant : Si vous n'avez pas de modèles disponible pour représenter ces combattants, vous pouvez abandonnez cette tactique de gang et sélectionnez-en une autre."
../TacticsCards/ZONE MORTALIS/Wall Breach.png;Wall Breach;Zone Mortalis Tactics;"Play this gang tactic when a friendly fighter |
makes a ranged attack. |
|The fighter can choose targets that are out |
_of their line of sight, provided they are not
using a weapon with the Template or |
‘Blast CX"") traits. Attacks against these

targets suffer a -2 modifier to their hit roll.";Brèche murale;Zone Mortalis;"Jouez cette tactique de gang lorsqu'un combattant allié effectue une attaque à distance. Le combattant peut choisir des cibles qui sont hors _de leur champ de vision, à condition qu'ils ne soient pas utiliser une arme avec le modèle ou ""Blast CX""). Les attaques contre ces caractéristiques les cibles subissent un modificateur de -2 à leur jet de touche."
../TacticsCards/ZONE MORTALIS/Wall Walking.png;Wall Walking;Zone Mortalis Tactics (Escher);"Play this gang tactic at the start of any
Action phase.

Unul the End phase of this round, all
fighters in your gang gain the Clamber skill.";Marche-muraille;Zone Mortalis (Escher);Jouez cette tactique de gang au début d’une phase d’Action. Jusqu’à la phase de Fin de ce round, tous les combattants de votre gang gagnent la compétence Grimpeur.