file;title_en;type_en;text_en;title_fr;type_fr;text_fr
../TacticsCards/ASH WASTE NOMADS/Ambush Masters.png;Ambush Masters;Ash Waste Nomads Tactics;"Play this gang tactic at the start of the battle, afte
both sides have deployed, but before first round.
Your gang may immediately recruit and place in
your deployment zone D3 Ash Waste Nomads
Dust Runners. These fighters are recruited for
free but will leave your gang at the end of this
battle. Each Dust Runner has up to 20 credits
worth of equipment. If you do not have the
models available to represent these fighters, you
may discard this gang tactic and select another.";Maîtres de l’embuscade;Clans nomades;Jouez cette tactique au début de la bataille, après les deux camps se sont déployés, avant le premier tour. Votre gang peut immédiatement recruter et placer dans votre zone de déploiement D3 Ash Waste Nomads Dust runners. Ces combattants sont gratuits mais quitteront le gang à la fin de la bataille. Chaque Dust Runner a jusqu'à 20 crédits d’équipement.
../TacticsCards/ASH WASTE NOMADS/Ash Quake!.png;Ash Quake!;Ash Waste Nomads Tactics;"Play this gang tactic at the start of any round
before rolling for Initiative.

All fighters on the Battlefield Surface must pass
an Initiative test or become Prone and Pinned.
Any Ash Waste Nomads fighter gets +2 to this
test.";Séisme de cendres !;Clans nomades;Jouez cette tactique au début de n'importe quel tour avant de lancer le jet d’Initiative. Tous les combattants sur la surface du champ de bataille doivent réussir un test d'initiative ou devenez Pinned et Prone. Tout combattant Ash Waste Nomads obtient +2 à ce test.
../TacticsCards/ASH WASTE NOMADS/Bait and Switch.png;Bait and Switch;Ash Waste Nomads Tactics;"Play this gang tactic at the start of any round,
before players have rolled for Initiative.

Select two friendly fighters on the battlefield,
neither of which is Engaged. Swap the position
of the two fighters.";Appât et diversion;Clans nomades;Jouez cette tactique au début de n'importe quel tour, avant que les joueurs n’aient lancés le jet d’Initiative. Sélectionnez deux combattants alliés sur le champ de bataille, aucun ne doit être engagé. Échanger la position des deux combattants.
../TacticsCards/ASH WASTE NOMADS/Beseech the Great Spirits.png;Beseech the Great Spirits;Ash Waste Nomads Tactics;"Great Spirits Play this gen vecnc during any
End phase, before making Recovery tests.

You may re-roll any Recovery tests you make this
round, but must keep the second result even if it
is worse.";Implorez les Grands Esprits;Clans nomades;Jouez cette tactique pendant n'importe quel phase finale, avant de faire des Recovery tests. Vous pouvez relancer tous les Recovery tests que vous effectuez à ce tour, mais vous devez conserver le deuxième résultat même s’il c'est pire.
../TacticsCards/ASH WASTE NOMADS/Blessed by the Storm.png;Blessed by the Storm;Ash Waste Nomads Tactics;"Play this gang tactic at the start of the battle,
after both sides have deployed, but before the
first round.

For the duration of this round, if the Visibility
CX"") rule is not active for this battle, apply the
Visibility (24"") rule. Otherwise, either increase
os pete a? the value of X"" by 6"" toa minimum
of 6"".";Bénis par la tempête;Clans nomades;"Jouez cette tactique au début de la bataille, après que les deux camps se soient déployés, mais avant le premier tour. Pendant la durée de ce tour, si la règle visibilité (« X ») n'est pas active pour cette bataille, appliquez la règle de visibilité (24""). Sinon, augmentez ou diminuez la valeur de X"" de 6"" à un minimum de 6""."
../TacticsCards/ASH WASTE NOMADS/Fade to Ash.png;Fade to Ash;Ash Waste Nomads Tactics;"Play this gang tactic during any End phase,
before your opponent makes any Recovery tests.
The battle ends as if your gang had retreated
from the battlefield. Friendly fighters who are
Seriously Injured automatically recover and
there is no chance for any fighters to be
Captured.";Retour aux cendres;Clans nomades;Jouez cette tactique pendant n'importe quelle phase de fin, avant que votre adversaire n'effectue un Recovery test. La bataille se termine comme si votre gang s'était retiré du champ de bataille. Les gangers et alliés qui sont Seriously injured récupèrent automatiquement, aucun d’entre eux ne peut être capturé.
../TacticsCards/ASH WASTE NOMADS/Ghosts on the Ash.png;Ghosts on the Ash;Ash Waste Nomads Tactics;"Play this gang tactic at the beginning of any
round, before rolling for Initiative.

For the duration of this round, friendly Ash
Waste Nomads fighters treat the Battlefield
Surface as open terrain.";Fantômes des cendres;Clans nomades;Jouez cette tactique au début de n'importe quel tour, avant de lancer le jet d’Initiative. Pendant toute la durée de ce tour, les combattants des Ash Waste Nomads considère le champ de bataille comme terrain ouvert.
../TacticsCards/ASH WASTE NOMADS/Master Sniper.png;Master Sniper;Ash Waste Nomads Tactics;"Play this gang tactic when activating a friendly
fighter.

For the duration of this activation, increase the
Long range of the fighter's weapons without
either the Melee or Grenade trait by 6"".";Maître tireur d'élite;Clans nomades;Jouez cette tactique lors de l'activation d’un combattant. Pendant la durée de cette activation, augmentez la longue portée des armes du combattant sans le trait Mêlée ou Grenade de 6.
../TacticsCards/ASH WASTE NOMADS/Mined!.png;Mined!;Ash Waste Nomads Tactics;"Play this gang tactic after an enemy vehicle has
completed its activation.

The enemy vehicle must immediately take a Loss
of Control test.";Miné !;Clans nomades;Jouez à cette tactique de gang après qu'un véhicule ennemi ait terminé son activation. Le véhicule ennemi doit immédiatement faire un Loss of control test.
../TacticsCards/ASH WASTE NOMADS/Now You See Me….png;Now You See Me...;Ash Waste Nomads Tactics;"Play this gang tactic at the start of a friendly
fighter's activation.

Remove the fighter from the battlefield and set it
up again within 9"" of its initial position and more
than 1"" away from any enemy model.";Maintenant vous me voyez...;Clans nomades;"Jouez cette tactique à l’activation d’un combattant allié, retirez le combattant du champ de bataille et placez-le à nouveau à au moins 9"" de sa position initiale et plus à plus de 1"" de toute figurine ennemie."
../TacticsCards/ASH WASTE NOMADS/Numbers without End.png;Numbers without End;Ash Waste Nomads Tactics;"Play this gang tactic during any End phase,
before your opponent makes any Recovery tests.
You may return to play D3 sendy Gangers /
/Juves that have been taken Out of Action but
did not suffer a Memorable Death result on the
Lasting Injury table by placing them in your
gang’s deployment zone. These fighters retain
any injuries suffered for going Out of Action
but discard any Flesh Wounds.";Sans fin;Clans nomades;Jouez cette tactique pendant n'importe quelle phase de fin, avant que votre adversaire n'effectue un Recovery test. Vous pouvez faire revenir à D3 Gangers /Juves qui ont été mis Out of Action sans subir de résultat de Memorable death en les plaçant dans la zone de déploiement du gang. Ces combattants conservent toute séquelle subie suite à une mise Out of action mais retire toutes les Flesh wound.
../TacticsCards/ASH WASTE NOMADS/Overcharge!.png;Overcharge!;Ash Waste Nomads Tactics;"Play this gang tactic when a friendly fighter
makes a ranged attack before rolling the dice.
For the duration of this attack, the Shock trait
activates on a Hit roll of 5+ instead of 6+.";Surcharge !;Clans nomades;Jouez à cette tactique de gang lorsqu'un combattant allié effectue une attaque à distance, avant de lancer les dés. Pendant toute la durée de cette attaque, le trait Shock s'active sur un jet de Touche de 5+ au lieu de 6+.
../TacticsCards/ASH WASTE NOMADS/Raiders without Equal.png;Raiders without Equal;Ash Waste Nomads Tactics;"Play this gang tactic during the Wrap-up phase
of the post-battle sequence.

Add D3x10 credits to your gang's Stash for each
enemy vehicle that was Wrecked during the battl";Pillards sans égal;Clans nomades;Jouez cette tactique pendant la phase de wrap-up durant la séquence d’après-bataille. Ajoutez D3x10 crédits à la réserve de votre gang pour chaque véhicule ennemi qui a été détruit pendant la bataille
../TacticsCards/ASH WASTE NOMADS/Secret Paths.png;Secret Paths;Ash Waste Nomads Tactics;"Play this gang tactic during any Rolling Roads
phase of a Rolling Roads battle before checking
to see if models rejoin the battle.

For the duration of this round, friendly fighters
can attempt to rejoin the battle regardless of their
Movement characteristic. If the scenario being
played does not use the Rolling Roads rules, you
may discard this gang tactic and select another.";Chemins secrets;Clans nomades;Jouez cette tactique pendant la phase de rolling road d'une bataille Rolling Roads, avant de faire le jet permettant de savoir si les figurines rejoignent la bataille. Pendant toute la durée de ce round, des combattants alliés peuvent tenter de rejoindre la bataille quel que soit leur caractéristique du mouvement. Si le scénario joué n'utilise pas les règles de Rolling Roads, vous pouvez abandonner cette tactique de gang et en choisir une autre.
../TacticsCards/ASH WASTE NOMADS/Spineroach Venom.png;Spineroach Venom;Ash Waste Nomads Tactics;"Play this gang tactic when a friendly fighter
makes a close combat attack before rolling the
dice.

For the duration of this attack, one of the
fighter's weapons with the Melee trait gains the
Toxin trait.";Venin de Spineroach;Clans nomades;Jouez à cette tactique de gang lorsqu'un combattant allié effectue une attaque de combat rapproché, avant de lancer le dés. Pendant toute la durée de cette attaque, l'une des armes du combattant avec le trait Melee gagnent le trait de Toxin.
../TacticsCards/ASH WASTE NOMADS/Survival Suits.png;Survival Suits;Ash Waste Nomads Tactics;"Play this gang tactic at the start of the battle,
after both sides have deployed, but before the
first round.

For the duration of this battle, D3 friendly
fighters of your choice in your starting crew

are immune to the effects of the Rad-phage trait.";Combinaisons de survie;Clans nomades;Jouez cette tactique au début de la bataille, après que les deux camps se soient déployés, mais avant le premier tour. Pendant toute la durée de cette bataille, D3 combattants allié de votre choix de votre gang de départ sont immunisés contre les effets du trait Rad-phage.
../TacticsCards/ASH WASTE NOMADS/War of Attrition.png;War of Attrition;Ash Waste Nomads Tactics;"Play this gang tactic during the Wrap-up phase
of the post-battle sequence.

If your gang has fewer fighters taken Out of
Action than the opposing gang, your gang gains
D3 Reputation.";Guerre d'usure;Clans nomades;Jouez cette tactique pendant la phase de wrap-up de la séquence d’après-bataille. Si votre gang a moins de combattants Out of action que le gang adverse, votre gang gagne D3 Réputation.
../TacticsCards/ASH WASTE NOMADS/Will-o’-the-Wastes.png;Will-o'-the-Wastes;Ash Waste Nomads Tactics;"Play this gang tactic at the start of the battle,
after both sides have deployed, but before the
first round.

For the duration of this battle, D3 friendly
fighters of your choice in your starting crew gain
the Dodge skill.";Feu follet des Désolations;Clans nomades;Jouez cette tactique au début de la bataille, après que les deux camps se sont déployés, mais avant le premier round. Pendant toute la durée de cette bataille, D3 combattants alliés de votre équipe de départ gagnent la compétence Dodge.
../TacticsCards/ASH WASTES/Always Carry a Spare.png;Always Carry a Spare;Ash Wastes Tactics;"Play this tactic when activating a friendly model
with a weapon that is Out of Ammo.

One of the model's weapons is automatically
reloaded at the cost of one action - no Ammo
check is required,";Ayez toujours une pièce de rechange;Désolations cendrées;Jouez cette tactique lors de l'activation d'un figurine alliée avec une arme à Out of ammo. L'une des armes du modèle est automatiquement rechargé au prix d'une action - Aucun test de munitions n’est requis
../TacticsCards/ASH WASTES/Back to the Fray!.png;Back to the Fray!;Ash Wastes Tactics;"Play this tactic when checking to see if a friendly
model rejoins the fight in a Rolling Roads
scenario, before rolling the dice.

The model automatically passes the Intelligence
check to rejoin the battle.";Retour à la mêlée !;Désolations cendrées;Jouez cette tactique lorsque vous vérifiez si un figurine alliée rejoint le combat dans un Rolling Roads scénario, avant de lancer les dés. La figurine réussit automatiquement le test d'Intelligence pour rejoindre la bataille.
../TacticsCards/ASH WASTES/Belching Smoke.png;Belching Smoke;Ash Wastes Tactics;"Play this tactic at the start of around, before
rolling for Initiative.

Pick a friendly vehicle, all shooting attacks made
by it or targeting it suffer a -1 modifier to hit
rolls,";Fumée éructante;Désolations cendrées;Jouez cette tactique au début du round, avant lancer pour l’Initiative. Choisissez un véhicule allié, toutes les attaques de tir effectuées par lui ou en le ciblant subissent un malus de -1 pour toucher
../TacticsCards/ASH WASTES/Born to the Wastes.png;Born to the Wastes;Ash Wastes Tactics;"Play this tactic when activating a friendly model.
The model treats both difficult terrain and
dangerous terrain as open ground.";Né dans les Désolations;Désolations cendrées;Jouez cette tactique lors de l’activation d’une figurine alliée. La figurine traite à la fois les terrains difficiles et terrain dangereux comme terrain découvert.
../TacticsCards/ASH WASTES/Full Nitro.png;Full Nitro;Ash Wastes Tactics;"Play this tactic when activating a friendly vehicle.
For the duration of this activation, increase its
Movement characteristic by 2"".";Plein nitro;Désolations cendrées;"Jouez cette tactique lors de l’activation d’un véhicule allié. Pendant la durée de cette activation, augmentez sa caractéristique de mouvement de 2""."
../TacticsCards/ASH WASTES/Gunk Spill.png;Gunk Spill;Ash Wastes Tactics;"Play this tactic when an enemy vehicle moves
within 2"" of a friendly vehicle's rear arc.

The coe vehicle must immediately make

a Loss of Control test with a -2 modifier.";Déversement de crasse;Désolations cendrées;"Jouez cette tactique lorsqu'un véhicule ennemi se déplace à au moins 2"" de l'arc arrière d'un véhicule allié. Ce véhicule ennemi doit immédiatement faire un test de perte de contrôle avec un modificateur de -2."
../TacticsCards/ASH WASTES/Hidden in the Ash.png;Hidden in the Ash;Ash Wastes Tactics;"Play this tactic at the start of the battle before
deploying gangs.
D3 of your fighters gain the Infiltrate skill.";Caché dans les cendres;Désolations cendrées;Jouez cette tactique au début de la bataille avant déployer des gangs. D3 de vos combattants acquièrent la compétence Infiltration.
../TacticsCards/ASH WASTES/It'll Hold!.png;It'll Hold!;Ash Wastes Tactics;"Play this tactic when a friendly vehicle loses a HP
The vehicle loses one less HP.";Ça tiendra !;Désolations cendrées;Jouez cette tactique lorsqu'un véhicule allié perd un PV. Le véhicule perd un PV de moins.
../TacticsCards/ASH WASTES/Lightning Strike.png;Lightning Strike;Ash Wastes Tactics;"Play this tactic when a friendly fighter subject to
the Mounted condition makes a Ride By attack
before resolving Reaction attacks.

Any Reaction attacks have a -1 modifier to hit.";Coup de foudre;Désolations cendrées;Jouez cette tactique lorsqu'un combattant allié Monté effectue une attaque Ride By, avant de résoudre les attaques de réaction. Toutes les attaques de réaction ont un modificateur de -1 pour toucher.
../TacticsCards/ASH WASTES/Look Out Below!.png;Look Out Below!;Ash Wastes Tactics;"Play this tactic when a friendly fighter is jumping
from one vehicle to another.
Add 1 to the Agility test to make the jump.";Attention en dessous !;Désolations cendrées;Jouez cette tactique lorsqu'un combattant allié saute d'un véhicule à l'autre. Ajoutez 1 au test d'Agilité pour faire le saut.
../TacticsCards/ASH WASTES/Mad Mechanics.png;Mad Mechanics;Ash Wastes Tactics;"Play this tactic when a friendly vehicle is
Wrecked, before rolling on the Lasting Damage
table.

Roll twice on the Lasting Damage table and
choose which result to apply.";Mécanos déments;Désolations cendrées;Jouez cette tactique lorsqu'un véhicule allié est détruit, avant de lancer sur les dégâts durables tableau. Lancez deux fois sur le tableau des dégâts durables et choisissez le résultat à appliquer.
../TacticsCards/ASH WASTES/Mag Lock Handholds.png;Mag Lock Handholds;Ash Wastes Tactics;"Play this tactic at the start of the battle, after
gangs are deployed but before the first roll for
Initiative.

Select two friendly fighters, they both
automatically pass all Initiative checks to remain
on a vehicle when it moves.";Poignées magnétiques;Désolations cendrées;Jouez cette tactique au début de la bataille, après les gangs sont déployés mais avant le premier jet de Initiative. Choisissez deux combattants alliés, ils réussiront automatiquement tous les tests d'initiative pour rester sur un véhicule lorsqu'il se déplace.
../TacticsCards/ASH WASTES/Nitro Cells Overload!.png;Nitro Cells Overload!;Ash Wastes Tactics;"Play this tactic when a friendly vehicle is
Wrecked, before rolling on the Lasting Damage
table.

Place the 5"" Blast template so that its central
hole is entirely over the vehicle. All models
touched by the template take a Strength 4, AP -1,
Damage | hit.";Surcharge des cellules nitro !;Désolations cendrées;"Jouez cette tactique lorsqu'un véhicule allié est détruit, avant de lancer sur les dégâts durables tableau. Placez le gabarit Blast 5"" de manière à ce que sa partie centrale soit entièrement au-dessus du véhicule. Toutes les figurines touchées par le gabarit subissent une touche Force 4, AP -1"
../TacticsCards/ASH WASTES/One with the Road.png;One with the Road;Ash Wastes Tactics;"Play this tactic when a friendly vehicle needs to
make a Loss of Control test, before any dice are
rolled.

The vehicle automatically passes the Loss of
Control test.";Faire corps avec la route;Désolations cendrées;Jouez cette tactique lorsqu’un véhicule allié doit effectuer un test de Perte de contrôle, avant de lancer les dés. Le véhicule réussit automatiquement le test de Perte de contrôle.
../TacticsCards/ASH WASTES/Ramming Speed!.png;Ramming Speed!;Ash Wastes Tactics;"Play this tactic after a friendly vehicle has had

a head-on collision with an enemy vehicle, before
determining the Strength of the hit.

Increase the Strength, AP and Damage of the hit
suffered by the enemy vehicle by 1.";Vitesse d’éperonnage !;Désolations cendrées;Jouez cette tactique après qu'un véhicule allié ait eu une collision frontale avec un véhicule ennemi, avant déterminer la force du coup. Augmente la Force, les AP et les Dégâts du coup subi par le véhicule ennemi de 1.
../TacticsCards/ASH WASTES/Spring Back.png;Spring Back;Ash Wastes Tactics;"Play this card when activating a friendly fighter
with the Mounted condition who is Prone and
Pinned.

The fighter becomes Standing and Active at the
cost of one action - no Agility test is required.";Rétablissement;Désolations cendrées;Jouez cette tactique lors de l'activation d'un combattant allié Montée qui est À Terre et Cloué. Le combattant devient Debout et Actif au coût d'une action - aucun test d'Agilité n'est requis.
../TacticsCards/ASH WASTES/Survival Gear.png;Survival Gear;Ash Wastes Tactics;"Play this tactic after gangs have deployed but
before the first round begins.
D3 fighters gain the benefits of a Respirator.";Équipement de survie;Désolations cendrées;Utilisez cette tactique après le déploiement des gangs, mais avant le début du premier tour. D3 combattants bénéficient des avantages d'un respirateur.
../TacticsCards/ASH WASTES/The Ash is in my Blood.png;The Ash is in my Blood;Ash Wastes Tactics;"Play this tactic at the start of the battle, after
gangs have deployed but before the first round
begins.

D3 models ignore the effects of the Battlefield
Surface.";La cendre coule dans mon sang;Désolations cendrées;Jouez cette tactique au début de la bataille, après les gangs soient déployés mais avant que le premier tour commence. D3 figurines ignorent les effets du champ de bataille.
../TacticsCards/CAWDOR/Apostates (redacted).png;Apostates;Cawdor Tactics;"Play at the start of the Deployment step of the Pre-
battle sequence, before deploying fighters. You may
recruit up to three Bonepickers for free. They'll leave
the gang after this battle. Each has a fighting knife
ana ah ee a reclaimed autopistol or a cleaver. They're
taken in addition to your starting crew and don't
count towards your max Crew sise. If, during

the End phase of any round, such Bonepicker isn't
within 6"" of a friendly Cawdor Champion er Leader,
it immediately goes OOA. If you lack models,

you may discard this card and select another.";Apostats;Cawdor;"Jouez au début de l’étape de Déploiement de la séquence Pré-bataille, avant de déployer les combattants. Vous pouvez recruter gratuitement jusqu’à trois Bonepickers. Ils quitteront le gang après cette bataille. Chacun possède un combat knife ou un cleaver et un reclaimed autopistol. Ils ne comptent pas dans la taille maximale de votre équipe. Si, pendant la phase de fin d’un round, l’un de ces Bonepickers n’est pas à 6"" ou moins d’un Champion ou Leader Cawdor allié, il est immédiatement mis Out of action."
../TacticsCards/CAWDOR/Blessed Visions.png;Blessed Visions;Cawdor Tactics;"| Play at the start of the game after both sides
have deployed.

For the duration of the game, the gang’s |
fighters may use their normal BS when
making Blind Fire ranged attacks or ranged
attack through Ductways.";Visions bénies;Cawdor;Jouer en début de partie après que les deux gangs soient déployés. Pendant toute la durée de la partie, les combattants alliés peuvent utiliser leur BS normal lorsque ils effectuent des attaques à distance Blind Fire ou à travers les conduits.
../TacticsCards/CAWDOR/Call the Faithful.png;Call the Faithful;Cawdor Tactics;"| Play this card after both sides have deployed.
You may add an extra D3 fighters to your
crew (potentially exceeding the normal crew |
size for the scenario). These fighters must

be chosen randomly from any fighters not
already included in your crew.";Appel aux fidèles;Cawdor;Jouez cette tactique une fois que les deux camps se sont déployés. Vous pouvez D3 combattant supplémentaires à votre gang (dépassant potentiellement la taille pour le scénario). Ces combattants doivent être choisi au hasard parmi tous les combattants non déjà inclus dans votre équipage.
../TacticsCards/CAWDOR/Deadmen Walking.png;Deadmen Walking;Cawdor Tactics;"Play at the start of any End phase. |
If your gang is required to make a Bottle test |
during this End phase, it will |
automatically pass.";Morts en marche;Cawdor;Jouez au début d’une phase de fin. Si votre gang doit faire un Bottle test au cours de cette phase de fin, le test passe automatiquement.
../TacticsCards/CAWDOR/Divine Avatar (redacted).png;Divine Avatar;Cawdor Tactics;"Play at the start of the Deployment step of the
Pre-battle sequence, before any fighters have
been deployed. Choose a friendly House Cawdor
Champion or Leader. Until the end of this battle,
they gain the Terrifying special rule: Enemy
Fighters must make a Willpower check before
performing a Fight (Basic) or Shoot (Basic) action
that targets this fighter. If they fail, they can't perform
the action and their action ends. If, at any span, the
chosen fighter is Seriously Injured, this card has no
effect for the rest of the battle.";Avatar divin;Cawdor;Jouez au début de l'étape de déploiement de la Séquence pré-bataille, avant que les combattants n'aient été déployé. Choisissez un Champion ou Leader Cawdor. Jusqu'à la fin de cette bataille, ils gagnent la règle Fearsome. Si, à un moment donné, le combattant choisi est Seriously injured, cette carte n'a plus d’effet pour le reste de la bataille.
../TacticsCards/CAWDOR/Divine Guidance.png;Divine Guidance;Cawdor Tactics;"Play this gang tactic when activating a friendly
House Cawdor fighter.

Until the end of the fighter's activation, this
fighter may re-roll dice rolls of a natural 1.";Guidance divine;Cawdor;Jouez cette tactique lors de l'activation d'un combattant Cawdor allié. Jusqu'à la fin de l'activation du combattant, ce combattant peut relancer les jets de dés d’un 1 naturel.
../TacticsCards/CAWDOR/Divine Motivation.png;Divine Motivation;Cawdor Tactics;"Play at the start of the game after both sides have
deployed.

For the duration of the battle, the gang's Leader
adds 2 to the dice roll for any Cool checks they
are required to take. If the leader is taken Out of
Action, all friendly fighters must make an
immediate Cool check or become Broken.";Motivation divine;Cawdor;Jouez au début de la partie une fois que les deux équipes sont déployées. Pendant toute la durée de la bataille, le chef du gang ajoute 2 au jet de dés pour tous les tests de Cool. Si le leader est mis hors combat, tous les combattants alliés doivent faire un test de Cool ou devenir Broken.
../TacticsCards/CAWDOR/Effigy of the Damned.png;Effigy of the Damned;Cawdor Tactics;"Play at the start of any turn.

Choose a terrain feature at least 6"" in diameter or
a board tile. For the duration of this turn, any
models entering or beginning their turns in the
affected area must roll to see if they catch fire,
just as if they had been hit by a weapon with the
Blaze trait";Effigie des damnés;Cawdor;"Jouez au début d’un tour. Choisissez un élément de terrain d'au moins 6"" de diamètre ou une tuile de plateau. Pendant toute la durée de ce tour, les figurines entrant ou commençant leur tour dans le la zone affectée doivent jeter un dé pour voir si elle prennent feu, comme si elles avaient été touchées par une arme avec le trait Blaze"
../TacticsCards/CAWDOR/Faith Through Fear.png;Faith Through Fear;Cawdor Tactics;"Play this card when a fighter fails a Cool |
check.

Instead of suffering the normal effects |
of failing a Cool check, the fighter
immediately charges the nearest enemy
model. If there are no enemy models in |
range, they become Pinned. |";La foi à travers la peur;Cawdor;Jouez cette tactique lorsqu'un combattant échoue à un test de Cool. Au lieu de subir les effets normaux d'avoir échoué à un test de Cool, le combattant charge immédiatement l'ennemi le plus proche. S'il n'y a aucune figurine ennemie dans portée, ils deviennent Pinned.
../TacticsCards/CAWDOR/Faith Through Fire.png;Faith Through Fire;Cawdor Tactics;"| Play at the start of any round.

|

For the duration of this round, friendly

models with a Blaze marker on them may

move and take actions as normal - though
they still take damage as normal. In addition,

| all their melee attacks gain the Blaze trait.

|";La foi par le feu;Cawdor;Jouez au début d’un round. Pendant toute la durée de ce round, les figurines alliées portant un marqueur Blaze peuvent se déplacer et agir normalement. Elles subissent toutefois toujours les dégâts normalement. De plus, toutes leurs attaques de mêlée gagnent le trait Blaze.
../TacticsCards/CAWDOR/Faithful Masses.png;Faithful Masses;Cawdor Tactics;"Play this gang tactic during the Priority phase of
any round, after Roll for Priority, but before
Ready Fighters.

Until the end of this round, Faith dice are added
to the crew's Faith dice pool on a roll of a 4+,
rather than the usual roll of 5 or 6.";Masses de fidèles;Cawdor;Jouez cette tactique pendant la phase de Priorité d’un tour, après le lancer de priorité, mais avant l’activation des combattants. Jusqu'à la fin de ce tour, les dés de Foi sont ajoutés à la réserve de l'équipe sur un résultat de 4+, plutôt que le résultat habituel de 5 ou 6.
../TacticsCards/CAWDOR/Faithful and Resolved.png;Faithful and Resolved;Cawdor Tactics;"Play this gang tactic when activating a friendly
fighter.

The fighter may immediately perform

a Universal Article of Faith; no Faith dice are
rolled and the Threshold test is automatically
passed.";Fidèles et résolus;Cawdor;"Jouez cette tactique lors de l'activation d'un combattant allié. Le combattant peut immédiatement effectuer un article de foi; aucun dé de foi n'est lancé et le test est automatiquement réussi."
../TacticsCards/CAWDOR/Fire and Zeal.png;Fire and Zeal;Cawdor Tactics;"Play this gang tactic when activating a friendly
fighter.

Until the start of their next activation, this
fighter becomes subject to the Insane condition.
In addition, the fighter immediately makes

a free Shoot (Basic) action with an incendiary
charge; this attack is made even if the es is
not equipped with incendiary a ae e Blast
marker must be centred on this fighter and does
not scatter.";Feu et zèle;Cawdor;"Jouez cette tactique lors de l'activation d'un combattant allié. Jusqu'au début de sa prochaine activation, ce combattant devient soumis à la condition Insane. De plus, le combattant fait immédiatement une action Shoot (basic) gratuite avec une Incendiary charge; cette attaque est faite même si le combattant n’est pas équipé d’une Incendiary charge ; le marqueur Blast doit être centré sur ce combattant et ne dévie pas."
../TacticsCards/CAWDOR/Followers of the Path.png;Followers of the Path;Cawdor Tactics;"Play this gang tactic during the Priority phase of
any round, after Roll for Priority, but before
Ready Fighters.

Until the end of this round, you may apply a +1
modifier to any Threshold test made when
attempting to perform an Article of Faith.";Les adeptes du chemin;Cawdor;Jouez cette tactique pendant la phase de Priorité d’un tour, après le lancer de priorité, mais avant l’activation des combattants. Jusqu'à la fin de ce tour, vous pouvez appliquer un +1 modificateur à tout test effectué pour tenter d'exécuter un article de foi.
../TacticsCards/CAWDOR/For The Lost.png;for The Lost!;Cawdor Tactics;"| Play at the start of any round.

For every friendly model that has been taken
Out of Action in the battle so far, one chosen
Champion or Leader can add +1 to their
Strength and Attacks characteristic, to

a maximum of +3. These effects last until
the end of the round.";Pour les Perdus !;Cawdor;Jouez au début d’un tour. Pour chaque figurine alliée qui a été mise Out of action dans la bataille jusqu'à présent, un Champion ou le Leader peut ajouter +1 à sa caractéristique de Strenght et d'attaques, jusqu’à un maximum de +3. Ces effets durent jusqu'à la fin du round.
../TacticsCards/CAWDOR/Keeper of Sacred Vermin.png;Keeper of Sacred Vermin;Cawdor Tactics;"Play this gang tactic when a friendly House
Cawdor fighter deploys a bomb delivery rat.
This fighter automatically passes their
Intelligence check and may choose the direction
in which the rat moves.";Gardien de la vermine sacrée;Cawdor;Jouez cette tactique lorsqu’un combattant Cawdor déploie un rat livreur de bombes. Ce combattant réussit automatiquement son test d’Intelligence et peut choisir la direction dans lequel le rat se déplace.
../TacticsCards/CAWDOR/Let It Burn!.png;Let It Burn!;Cawdor Tactics;"| Play at the start of any round.

For the duration of this round, all ranged
weapons used by friendly models gain |
the Blaze trait.";Que ça brûle !;Cawdor;Jouez au début d’un tour. Pendant toute la durée de ce tour, toutes les armes à distance utilisées par les figurines alliés gagnent le trait Blaze.
../TacticsCards/CAWDOR/Light of the Emperor.png;Light of the Emperor;Cawdor Tactics;"Play this gang tactic when activating a friendly
fighter.

Place a Divine Brazier (see page 107) within 1""
of the fighter, ensuring that its base is not
overlapping an obstacle or another fighter's base.
This fighter's activation then ends.";Lumière de l'Empereur;Cawdor;"Jouez cette tactique lors de l'activation d'un combattant allié. Placez un Brasero Divin (voir page 107) à au moins 1"" du combattant, en s'assurant que sa base ne chevauche pas un obstacle ou la base d'un autre combattant. L'activation de ce combattant prend alors fin."
../TacticsCards/CAWDOR/No Prisoners!.png;No Prisoners!;Cawdor Tactics;"| Play at the start of any End phase.

For the duration of the End phase, Seriously
Injured enemy models making Recovery |
tests must roll two Injury dice and pick the
worst result.";Pas de prisonniers !;Cawdor;Jouez au début d’une phase de fin. Pendant toute la durée de la phase de fin, Les figurines ennemies Seriously injured effectuant un Recovery test doivent lancer deux dés et choisir le pire résultat.
../TacticsCards/CAWDOR/Preacher Amongst Us.png;Preacher Amongst Us;Cawdor Tactics;"Play this gang tactic at the start of

the Deployment step of the Pre-battle sequence,
before any fighters have been deployed.

Choose a friendly House Cawdor fighter that is
not a Champion or Leader. Until the end of this
battle, that fighter gains the Group Activation (1)
special rule.";Prédicateur parmi nous;Cawdor;Jouez cette tactique au début de l'étape de Déploiement de la séquence Pré-bataille, avant que des combattants aient été déployés. Choisissez un combattant Cawdor allié  qui n’est pas un champion ou un leader. Jusqu'à la fin de ça bataille, ce combattant gagne règle spéciale Group activation (1).
../TacticsCards/CAWDOR/Purification Through Blood.png;Purification Through Blood;Cawdor Tactics;"Play this gang tactic during the Priority phase of
any round, after Roll for Priority, but before
Ready Fighters.

Choose a friendly House Cawdor Champion or
Leader. Until the end of this round, friendly
fighters that are within 6"" of this fighter and can
draw line of sight to them improve both their
WS and A characteristics by 1.";Purification par le sang;Cawdor;"Jouez cette tactique pendant la phase de Priorité d’un tour, après le lancer de priorité, mais avant l’activation des combattants. Choisissez un champion ou un leader Cawdor allié. Jusqu'à la fin de ce tour, les combattants alliés qui se trouvent à au moins 6"" de ce combattant et peuvent leur tracer une ligne de vue vers lui peuvent améliorer leur Caractéristiques WS et A de 1."
../TacticsCards/CAWDOR/Purity Through Fire.png;Purity Through Fire;Cawdor Tactics;"Play this gang tactic when a friendly House
Cawdor fighter makes a Shoot (Basic) or Fight
(Basic) action using a weapon with the Blaze trait
Until the end of the fighter's activation, hit
targets become subject to the Blaze condition on
a 2+, rather than the usual 4+.";La pureté par le feu;Cawdor;Jouez cette tactique lorsqu’un combattant allié Cawdor effectue un Shoot (basic) ou un Combat (basic) utilisant une arme avec le trait Blaze. Jusqu'à la fin de l'activation du combattant, ses cibles deviennent soumises à la condition Blaze sur un 2+, plutôt que le 4+ habituel.
../TacticsCards/CAWDOR/Redemption.png;| Redemption;Cawdor Tactics;"| Play when a friendly fighter is taken Out of
Action.

Centre the 3” Blast marker on the fighter |
that has just been taken Out of Action. All
models under the marker count as being hit
by a frag grenade.";Rachat;Cawdor;"Jouez lorsqu'un combattant allié est mis Out of Action. Centrez le marqueur Blast de 3"" sur le combattant qui vient d'être mis Out of action. Tout les figurines touchées par le gabarit comptent comme étant touchées par une Frag grenade."
../TacticsCards/CAWDOR/Reformation.png;Reformation;Cawdor Tactics;"Play this gang tactic during the Priority phase of
any round, after Roll for Priority, but before
Ready Fighters.

Until the end of this round, friendly House
Cawdor fighters may perform Articles of Faith
chosen from a Path their gang does not follow.
If, however, your gang follows no particular
Path, discard this gang tactic and select another.";Réformation;Cawdor;Jouez cette tactique pendant la phase de Priorité d’un tour, après le lancer de priorité, mais avant l’activation des combattants. Jusqu’à la fin de ce tour, les combattants Cawdor alliés peuvent accomplir des articles de foi choisi parmi un chemin que leur gang ne suit pas. Toutefois, si votre gang ne suit aucun Chemin, abandonnez cette tactique de gang et sélectionnez-en une autre.
../TacticsCards/CAWDOR/Righteous Day.png;Righteous Day;Cawdor Tactics;"Play at the start of any round.

For the duration of the round, all successful
wound rolls made against friendly fighter must
be re-rolled. However, friendly fighters not
engaged in melee must charge the nearest enemy
model if possible, or use their entire

activation to move as close to the enemy as
possible.";Jour de justice;Cawdor;Jouez au début d’un tour. Pendant toute la durée du round, tous les jets de blessure effectués et réussis contre un combattant allié doivent être relancé. Cependant, les combattants alliés non engagé en mêlée doivent charger l'ennemi le plus proche possible, ou utiliser l'intégralité de leur activation pour se rapprocher le plus possible de l’ennemi le plus proche.
../TacticsCards/CAWDOR/Rise Anew.png;Rise Anew;Cawdor Tactics;"Play this gang tactic when activating a Seriously
Injured friendly fighter.

This Fgh tes regains a single Wound and is no
longer Seriously Injured; instead the fighter
becomes Standing and Active. This fighter's
activation then ends.";Renaître;Cawdor;"Jouez cette tactique lors de l'activation d'un combattant allié Seriously injured. Ce combattant regagne un point de vie et n'est pas plus Seriously injured; à la place le combattant devient Debout et Actif. L’activation de ce combattant se termine alors."
../TacticsCards/CAWDOR/Shielded by Faith.png;Shielded by Faith;Cawdor Tactics;"Play this gang tactic when a friendly House
Cawdor fighter is hit by a Blast weapon.

Roll a D6. On a 2+, the hit has no effect against
the chosen fighter. On a 1, they are affected as
normal but this gang tactic is not discarded.";Protégé par la foi;Cawdor;Jouez cette tactique lorsqu’un combattant allié Cawdor est touché par une arme Blast. Lancez un D6. Sur 2+, le coup n'a aucun effet contre le combattant choisi. Sur 1, il est affecté normalement mais cette tactique n’est pas défaussée.
../TacticsCards/CAWDOR/Stirring Oration.png;Stirring Oration;Cawdor Tactics;"Play at the start of any round.

Choose one fen Leader or Champion model.
For the duration of the round, the Leading by
Example rule applies as long as the fighter can
draw line of sight to the chosen model. For this
round, the chosen Leader or Champion cannot
benefit from the effects of cover.";Harangue inspirante;Cawdor;Jouez au début d’un tour. Choisissez un Leader ou un Champion. Pendant toute la durée du round, la règle Leading by example s'applique tant qu’un combattant peut tracez une ligne de vue vers le modèle choisi. Pour ce tour, le Leader ou le Champion choisi ne peut pas bénéficier des effets des couverts.
../TacticsCards/CAWDOR/The Emperor Protects (redacted).png;The Emperor Protects;Cawdor Tactics;"Play this card during the Priority phase of

any round, after Roll for Priority, but before
Ready Fighters.

Until the end of this round, all friendly House
Cawdor fighters gain a 5+ save roll that cannot
be modified in any way. However, if a fighter
attempts to use this save but the roll is failed, any
Injury dice that are subsequently rolled treat rolls
of Seriously Injured as Out of Action. A House
Cawdor fighter can choose not to make this save.";L'Empereur protège;Cawdor;Jouez cette tactique pendant la phase de Priorité d’un round, après le jet de Priorité mais avant l’activation des combattant. Jusqu’à la fin de ce round, tous les combattants Cawdor alliés gagnent une sauvegarde de 5+ qui ne peut être modifiée d’aucune manière. Toutefois, si un combattant tente d’utiliser cette sauvegarde et échoue, il traite les blessures grave comme des résultats Out of action.
../TacticsCards/CAWDOR/The Price of Avarice.png;The Price of Avarice;Cawdor Tactics;"Play this gang tactic during the Priority phase of
any round, after Roll for Priority, but before
Ready Fighters.

Until the end of this round, any enemy fighters
that are within 4"" of a friendly House Cawdor
fighter must re-roll successful Ammo checks to
see if their weapon goes Out of Ammo (they do
not have to re-roll Ammo checks made as part
of the Reload action).";Le prix de l’avarice;Cawdor;"Jouez cette tactique pendant la phase de Priorité de un tour, après le lancer de priorité, mais avant activation des combattants. Jusqu'à la fin de ce tour, tous les combattants ennemis qui se trouvent à au moins 4"" d’un combattant Cawdor doivent relancer leur tests de munitions (ils ne font pas de relance si le test est effectué dans le cadre de l'action Reload)."
../TacticsCards/CAWDOR/Unyielding Zeal.png;Unyielding Zeal;Cawdor Tactics;"Play this gang tactic during the Priority phase of
any round, after Roll for Priority, but before
Ready Fighters.

Until the end of this round, every friendly House
Cawdor fighter currently on the battlefield gains
a +2 modifier to any Cool checks they are
required to make.";Un zèle inébranlable;Cawdor;Jouez cette tactique pendant la phase de Priorité de un tour, après le lancer de priorité, mais avant activation des combattant. Jusqu'à la fin de ce tour, chaque combattant Cawdor allié actuellement sur le champ de bataille gagne un modificateur de +2 à tous les tests de Cool qu'ils effectuent.
../TacticsCards/CAWDOR VEHICLES/Armoured by Faith.png;Armoured by Faith;Cawdor Vehicle Tactics;"Play this gang tactic after both gangs have
deployed before the first roll for Priority.
For the duration of the battle, D3 friendly
vehicles increase their Front Toughness by 1.";Armé par la foi;Véhicules Cawdor;Jouez cette tactique une fois que les deux gangs sont déployés, avant le premier lancer de Priorité. Pendant toute la durée de la bataille, D3 véhicules alliés augmentent leur Toughness frontal de 1.
../TacticsCards/CAWDOR VEHICLES/Beacon of Faith.png;Beacon of Faith;Cawdor Vehicle Tactics;"Play this gang tactic after both gangs have
deployed but before the first roll for Priority.
Select a friendly vehicle.

For the duration of this battle, while this vehicle
is not Wrecked, all friendly models within 9""
may apply a +1 modifier to all Cool checks.";Phare de la foi;Véhicules Cawdor;"Jouez cette tactique une fois que les deux gangs sont déployés mais avant le premier jet de Priorité. Choisissez un véhicule allié. Pendant toute la durée de cette bataille, tant que ce véhicule n'est pas détruit, toutes les figurines amies dans un rayon de 9"" peuvent appliquer un modificateur de +1 à tous les tests de Cool."
../TacticsCards/CAWDOR VEHICLES/Blessed Dodge.png;Blessed Dodge;Cawdor Vehicle Tactics;"Play this gang tactic when a friendly fighter fails
an Initiative check to avoid being run over by

a vehicle.

The fighter is considered to have passed the
Initiative check.";Esquive bénie;Véhicules Cawdor;Jouez cette tactique lorsqu'un combattant allié échoue un test d’Initiative pour éviter de se faire écraser par un véhicule. Le combattant est considéré comme ayant réussi le test d'initiative.
../TacticsCards/CAWDOR VEHICLES/Cleansed by Fire.png;Cleansed by Fire;Cawdor Vehicle Tactics;"Play this gang tactic when activating a friendly
vehicle, before performing any actions.

The vehicle becomes subject to the Blaze
condition. Until the flames go out, any models
that either start their activation within 1"" or
move within 1"" of this vehicle during their
activation become subject to the Blaze condition
on a D6 roll of 3+.";Purifié par le feu;Véhicules Cawdor;"Jouez cette tactique lors de l'activation d'un véhicule allié, avant d’effectuer toute action. Le véhicule devient sujet à l’état Blaze. Jusqu'à ce que les flammes s'éteignent, toute figurine qui débute son activation dans un rayon de 1"" ou se déplace à au moins 1"" de ce véhicule pendant leur l'activation devient soumise à la condition Blaze sur un jet de 3+ sur D6."
../TacticsCards/CAWDOR VEHICLES/Doused in Promethium.png;Doused in Promethium;Cawdor Vehicle Tactics;"Play this gang tactic when activating a fighter
subject to the Mounted condition before they
perform any actions.

For the duration of the fighter's activation, one
of their weapons with the Melee trait gains

the Blaze trait.";Arrosé de Prométhium;Véhicules Cawdor;Jouez cette tactique lors de l'activation d'un combattant monté avant d'être effectuer des actions. Pendant toute la durée d'activation du combattant, une de ses armes avec les gains du trait Mêlée le trait Blaze.
../TacticsCards/CAWDOR VEHICLES/Fateful Swerve.png;fateful Swerve;Cawdor Vehicle Tactics;"Play this gang tactic when a friendly vehicle
suffers a Penetrating Hit or Catastrophic Hit.
The vehicle suffers a Glancing Hit instead.";Ecart fatidique;Véhicules Cawdor;Jouez cette tactique lorsqu'un véhicule allié subit un coup pénétrant ou catastrophique (Penetrating or Catastrophic Hit). Le véhicule subit à la place un coup superficiel (Glancing Hit).
../TacticsCards/CAWDOR VEHICLES/Fury of Righteous Convictions.png;Fury of Righteous Convictions;Cawdor Vehicle Tactics;"Play this gang tactic when activating a friendly
fighter subject to the Mounted condition before
performing any actions.

For the duration of their activation, they gain +2
Strength and all of their weapons gain the
Reckless trait.";Fureur des convictions justes;Véhicules Cawdor;Jouez cette tactique lors de l'activation d'un combattant allié soumis Monté, avant effectuer des actions. Pendant toute la durée de son activation, ils gagnent +2 Force et toutes ses armes gagnent le trait Reckless.
../TacticsCards/CAWDOR VEHICLES/Incendiary Ram.png;Incendiary Ram;Cawdor Vehicle Tactics;"Play this gang tactic when a friendly vehicle has
a head-on collision during its activation, before
resolving the collision.

Place the 5"" Blast marker in the centre of the
vehicle's front hull. All models under the blast
marker, including the activated model, suffer

a $3, AP-1, D1 hit as if by a weapon with

the Blaze trait. Then resolve the collision
normally.";Bélier incendiaire;Véhicules Cawdor;"Jouez cette tactique lorsqu'un véhicule allié effectue une collision frontale lors de son activation, avant résoudre la collision. Placez le marqueur Blast de 5"" au centre du coque avant du véhicule. Tous les figurines sous le gabarit, y compris la figurine activée, subissent une touche S3, AP-1, D1 avec le trait Blaze. Puis résolvez la collision normalement."
../TacticsCards/CAWDOR VEHICLES/Joust.png;Joust;Cawdor Vehicle Tactics;"Play this gang tactic when a friendly fighter
subject to the Mounted condition causes
an enemy vehicle to become Wrecked.

The fighter gains an additional D3 XP.";Joute;Véhicules Cawdor;Jouez cette tactique lorsqu'un combattant allié monté détruit un véhicule ennemi. Le combattant gagne D3 XP supplémentaires.
../TacticsCards/CAWDOR VEHICLES/Judgement Due.png;Judgement Due;Cawdor Vehicle Tactics;"Play this gang tactic after both gangs have
deployed, before the first roll for Priority.
Select an enemy vehicle. If it is Wrecked

at the end of the battle, your gang's Leader
gains D3 XP.";Jugement dû;Véhicules Cawdor;Jouez cette tactique une fois que les deux gangs sont déployés, avant le premier jet de Priorité. Choisissez un véhicule ennemi. S'il est détruit à la fin de la bataille, le chef de votre gang gagne D3 XP.
../TacticsCards/CAWDOR VEHICLES/Martyrdom.png;| Martyrdom;Cawdor Vehicle Tactics;"Play this gang tactic when a friendly fighter is
taken Out of Action by an enemy model before
rolling on the Lasting Injury table.

Do not roll on the Lasting Injury table - the
fighter automatically suffers the Memorable
Death result. For the remainder of the battle,
all friendly models apply a +1 modifier to any
rolls to wound the enemy model, and friendly
models earn an additional D3 XP if they take
the enemy model Out of Action.";Martyre;Véhicules Cawdor;Jouez cette tactique lorsqu'un combattant allié est mis Out of Action par une figurine ennemie, avant lancer sur la table des Blessures Durables. Ne lancez pas de jet sur le tableau des Blessures Durables - le combattant subit automatiquement le résultat Memorable death. Pour le reste de la bataille, toutes les figurines allié appliquent un bonus de +1 sur les jets pour blesser les ennemies, de plus les combattant alliés gagnent D3 XP supplémentaire s'ils prennent mettent un ennemi Out of action.
../TacticsCards/CAWDOR VEHICLES/Prayer Wagon.png;Prayer Wagon;Cawdor Vehicle Tactics;"Play this gang tactic after both gangs have
deployed, before the first roll for Priority.

Select a friendly vehicle. For the duration of

the battle it rolls 3 dice to see if it generates Faith
dice.";Chariot de prière;Véhicules Cawdor;Jouez cette tactique une fois que les deux gangs sont déployés, avant le premier jet de Priorité. Choisissez un véhicule allié. Pour la durée de la bataille, il lance 3 dés pour générer de la Foi.
../TacticsCards/CAWDOR VEHICLES/Pyroclastic Rain.png;Pyroclastic Rain;Cawdor Vehicle Tactics;"Play this gang tactic when activating a friendly
vehicle before performing any actions.

For the duration of this activation, any weapon
with the Blaze and Template traits may place the
template within 6"" instead of in contact with the
weapon so that the narrow end of the template is
closer to the attacking vehicle than the wide end.";Pluie pyroclastique;Véhicules Cawdor;"Jouez cette tactique lors de l'activation d'un véhicule allié, avant d’effectuer toute action. Pendant la durée de cette activation, toute arme avec les traits Blaze et Template peuvent placer le gabarit dans les 6"" au lieu d'être en contact l’arme de sorte que l'extrémité étroite du gabarit soit plus proche du véhicule attaquant que l’extrémité large."
../TacticsCards/CAWDOR VEHICLES/Rearm!.png;Rearm!;Cawdor Vehicle Tactics;"Play this gang tactic after resolving an attack
from a weapon with the Lancebomb trait.
The next successful hit from this erpon will
use the Primed profile instead of the Spent
profile.";Réarmez !;Véhicules Cawdor;Jouez cette tactique après avoir résolu une attaque d'une arme avec le trait Lance-bomb. Le prochain succès de cet arme utilisera le profil Primed au lieu du profil Spent.
../TacticsCards/CAWDOR VEHICLES/Scrap Dealers.png;Scrap Dealers;Cawdor Vehicle Tactics;"Play this gang tactic during the post-battle
sequence when making the Negotiate Repairs
post-battle action.

Reduce the cost of repairs by D6x10 credits to
a minimum of 5 credits.";Ferrailleurs;Véhicules Cawdor;Jouez cette tactique pendant la séquence d’après-bataille, lors de la négociation des réparations d'après-bataille. Réduisez le coût des réparations de D6x10 crédits pour un minimum de 5 crédits.
../TacticsCards/CAWDOR VEHICLES/Self Destruct.png;Self Destruct;Cawdor Vehicle Tactics;"Play this gang tactic at any point during

a friendly vehicle's activation.

All models, both friend and foe, within 5"" of
the vehicle suffer a S6, AP-1, D1 hit as if from
a weapon with the Blaze trait. The activated
vehicle is then Wrecked, add 1 to the roll on
the Lasting Damage table.";Autodestruction;Véhicules Cawdor;"Jouez cette tactique à tout moment pendant l'activation d'un véhicule allié. Toutes les figurines, amies et ennemies, à au moins 5"" de le véhicule subissent un impact S6, AP-1, D1 avec le trait Blaze. Le véhicule est alors détruit, ajoutez 1 au jet le tableau des dégâts durables."
../TacticsCards/CAWDOR VEHICLES/Weak Spot.png;Weak Spot;Cawdor Vehicle Tactics;"Play this gang tactic before rolling Damage dice.
Roll one additional Damage dice.";Point faible;Véhicules Cawdor;Jouez cette tactique avant de lancer les dés de dégâts. Lancez un dé de dégâts supplémentaire.
../TacticsCards/CAWDOR VEHICLES/Where There’s Scrap....png;Where There’s Scrap...;Cawdor Vehicle Tactics;"Play this gang tactic during the post-battle
sequence during the Receive Rewards step.

Add D3x5 credits to your gang’s Stash for each
Wrecked enemy vehicle and enemy fighter
subject to the Mounted condition who was taken
Out of Action.";Là où il y a de la ferraille...;Véhicules Cawdor;Jouez cette tactique pendant la séquence d’après-bataille, pendant l’étape recevoir les récompenses. Ajoutez des D3x5 crédits à la réserve de votre gang pour chaque véhicule ennemi détruit et combattant ennemi Monté qui a été mis Out of action.
../TacticsCards/CORPSE GRINDERS/Blessed by Death.png;Blessed by Death;Corpse Grinders Tactics;"Play this card when a fighter in your gang

takes an enemy fighter Out of Action with

a weapon with a Melee trait.

Tuck this card under the fighter's card; for
the remainder of the battle, the fighter

| gains +1 WS.

|";Béni par la mort;Corspe grinders;"Jouez cette tactique lorsqu'un combattant de votre gang met un combattant ennemi Out of Action avec une arme avec un trait Mêlée. Glissez cette carte sous la carte du combattant ; pour le reste de la bataille, le combattant gagne +1 WS."
../TacticsCards/CORPSE GRINDERS/Blood Surge.png;Blood Surge;Corpse Grinders Tactics;"Play this card when a Standing and Active

‘fighter in your gang is hit by a ranged attack.

|

|The fighter does not become Pinned. |

Instead they may immediately make a Move
(Simple) action. The fighter may perform

| this action even if they are not Ready.

|";Afflux de sang;Corspe grinders;Jouez cette tactique lorsqu'un combattant debout est touché par une attaque à distance. Le combattant n’est pas Bloqué. Au lieu de cela, il peut immédiatement effectuer une action de mouvement (Simple). Le combattant peut effectuer cette action même s'ils n’est pas Ready.
../TacticsCards/CORPSE GRINDERS/Bountiful Feast.png;Bountiful Feast;Corpse Grinders Tactics;"| Play immediately after a fighter in your gang
performs a Coup de Grace (Simple) action.
Remove anumber of Flesh Wounds from |
the fighter equal to the Wounds
characteristic of the enemy fighter taken

Out of Action by the Coup de Grace.";Festin abondant;Corspe grinders;Jouez immédiatement après un combattant de votre gang effectue une action Coup de Grâce (Simple). Supprimez un nombre de Blessures Légères de ce combattant égal aux à la caractéristique de Wounds du combattant ennemi mis Out of action par le coup de grâce.
../TacticsCards/CORPSE GRINDERS/Frenzy.png;| Frenzy;Corpse Grinders Tactics;"Play this card instead of activating a fighter.
Choose a single Ready enemy fighter within 9""
and line of sight of one of your fighters. The
chosen fighter must make a Cool check. If they
fail, they lose their Ready marker and must
immediately make a Move (Simple) action,
moving as if subject to the Broken condition.";Frénésie;Corspe grinders;"Jouez cette tactique au lieu d'activer un combattant. Choisissez un seul combattant ennemi prêt dans un rayon de 9"" et en ligne de vue d'un de vos combattants. Le combattant choisi doit faire un test de Cool. S'ils échouent, il perd son marqueur Prêt et doit effectuez immédiatement une action Déplacement (Simple), se déplaçant comme s’il était soumis à la condition Broken."
../TacticsCards/CORPSE GRINDERS/Infamous Butcher.png;Infamous Butcher;Corpse Grinders Tactics;"| Play this card at the start of the Deployment
step of the pre-battle sequence, before any
fighters have been deployed.

For the duration of this battle, one Corpse
Grinder fighter of your choice gains the
Fearsome skill.";Boucher infâme;Corspe grinders;Jouez cette tactique au début de la phase de déploiement de la séquence pré-bataille, avant que les combattants aient été déployés. Pendant toute la durée de cette bataille, un combattant Corpse Grinder allié de votre choix gagne le Compétence Fearsome.
../TacticsCards/CORPSE GRINDERS/Reign of Blood.png;Reign of Blood;Corpse Grinders Tactics;"Play this card when a Leader or Champion in
your gang takes an enemy fighter Out of Action
with a weapon with the Melee trait.

Tuck this card under the fighter's card. When
this fighter makes a group activation, they may
include one more fighter than normal as part of
the group.";Règne du sang;Corspe grinders;Jouez cette tactique lorsqu'un Leader ou un Champion votre gang met un combattant ennemi Out of Action avec une arme avec le trait Mêlée. Glissez cette carte sous la carte du combattant. Quand ce combattant effectue une activation de groupe, il peut inclure un combattant de plus.
../TacticsCards/CORPSE GRINDERS/Rend and Tear.png;Rend and Tear!;Corpse Grinders Tactics;"| Play this card at the start of any Action
phase.

Until the End phase of this round, all |
weapons with the Melee trait used by
friendly fighters gain the Rending trait.";Lacérer et déchirer !;Corspe grinders;Jouez cette tactique au début de la phase d’action. Jusqu'à la phase de fin de ce tour, toutes armes avec le trait Mêlée utilisées par les combattants alliés acquièrent le trait Rending.
../TacticsCards/CORPSE GRINDERS/Savage Brutality.png;Savage Brutality;Corpse Grinders Tactics;"Play when an enemy fighter is Seriously Injured
or taken Out of Action by a Melee attack.

All enemy fighters within 12"" that can draw line
of sight to the target must take Nerve tests. Any
fighters not within 3"" become Broken as normal
if they fail, but automatically rally in the End
phase of the round.";Brutalité sauvage;Corspe grinders;"Jouez cette tactique lorsqu'un combattant ennemi est grièvement blessé ou mis Out of Action par une attaque de mêlée. Tous les combattants ennemis à au moins 12"" pouvant tracer une ligne de vue sur la cible doivent passer un Nerve test. S'ils échouent il subissent la condition Broken, mais se rallient automatiquement à la phase de fin du round."
../TacticsCards/CORPSE GRINDERS/Scent of Blood.png;Scent of Blood;Corpse Grinders Tactics;"| Play this card when a fighter in your gang is
taken Out of Action.
Choose a friendly Standing and Engaged |
fighter within 9"" and line of sight of the
fighter taken Out of Action. They may
immediately make a Fight (Basic) action,
even if they are not Ready.";Odeur du sang;Corspe grinders;"Jouez cette tactique lorsqu'un combattant de votre gang est mis Out of action. Choisissez un allié debout, engagé, à au moins 9"" et en ligne de vue du combattant mis Out of Action. Cet allié peut effectuer immédiatement une action Combat (Basique), même s'il n’est pas prêts."
../TacticsCards/CORPSE GRINDERS/The Red Hunt.png;The Red Hunt;Corpse Grinders Tactics;"| Play this card during any Action phase, after
Fleeing the battlefield but before Activate
Fighters.

Each friendly fighter Engaged with an
enemy fighter can take a Reaction attack;
they do not need to make an Initiative check.";La chasse rouge;Corspe grinders;Jouez cette tactique pendant une phase d’action, après les tests de Déroute mais avant d'activer les combattants. Chaque combattant allié Engagé avec un combattant ennemi qui à l’opportunité de faire une attaque de réaction réussi automatiquement son test d’Initiative.
../TacticsCards/CORPSE GRINDERS/Visions of Slaughter.png;Visions of Slaughter;Corpse Grinders Tactics;"| Play this card at the start of any Action phase.
|

Until the End phase of this round, fighters
from your gang treat the Charge action as __
(Basic) rather than (Double). However,

until the End phase of this turn, any fighter
from your gang that performs a Charge

| (Basic) action reduces their Weapon Skill
characteristic by -1.";Visions de massacre;Corspe grinders;Jouez cette tactique au début d’une phase d’action. Jusqu'à la phase de fin de ce tour, les combattants de votre gang traitent l'action de Charge comme (Basique) plutôt que (Double). Cependant, jusqu'à la phase de fin de ce tour, un combattant de votre gang qui effectue une l’action Charge (basique) subit un malus de -1 à sa WS.
../TacticsCards/CORPSE GRINDERS/Whirlwind of Blows.png;Whirlwind of Blows;Corpse Grinders Tactics;"| Play this card when activating a fighter in
your gang that is Standing and Engaged.

For the duration of this fighter's |
activation, increase their Attacks
characteristic by 1 for each enemy fighter
they are Engaged with.";Tourbillon de coups;Corspe grinders;Jouez cette tactique lors de l'activation d'un combattant dans votre gang debout et engagé. Pour la durée de l’activation de ce combattant, augmentez sa caractéristique d’attaque de 1 pour chaque combattant ennemi avec lesquels ils est engagé.
../TacticsCards/DELAQUE/A Debt to Pay.png;A Debt to Pay;Delaque Tactics;"Play this gang tactic at the start of the battle, afte
both sides have deployed, but before the first
round. Choose one enemy Ganger or Juve. That
fighter owes a debt to your gang and is not about
to anger their creditors. For the duration of this
battle, that fighter must take a Willpower check
before they can make a Charge (Double) action
targeting an enemy Delaque fighter. If the check
is failed, the fighter cannot perform the action
and must declare another. If the check is passed,
the fighter may perform the action as normal.";Une dette à payer;Delaque;Jouez cette tactique au début de la bataille, après les deux camps soient déployés, mais avant le premier rond. Choisissez un Ganger ou un Juve ennemi. Ce combattant a une dette envers votre gang. Pendant la durée de ce bataille, ce combattant doit passer un test de Willpower avant de pouvoir effectuer une action Charge (Double) visant un combattant Delaque. Si le test est un échec, le combattant ne peut pas effectuer l'action et doit en déclarer un autre. Si le test est réussi, le combattant peut effectuer l'action normalement.
../TacticsCards/DELAQUE/Assassins.png;Assassins;Delaque Tactics;"Play instead of activating a fighter. |
For the remainder of this round, any ranged —
attacks made by a fighter that is outside of
the target's vision are gains +2 to hit.";Assassins;Delaque;Jouez au lieu d'activer un combattant. Pour le reste de ce tour, toute attaque à distance effectuée par un combattant qui se trouve hors de toute ligne de vue ennemi gagne +2 pour toucher.
../TacticsCards/DELAQUE/Blinding Revelations.png;Blinding Revelations;Delaque Tactics;"Play this gang tactic when a friendly Delaque
fighter is taken Out of Action by a close combat
attack or by a Coup De Grace (Simple) action.
Before the fighter is removed from play, place

a large 5"" Blast marker, centred on the fighter.
All fighters touched by the marker are hit as if by
a weapon with the Flash trait.";Des révélations aveuglantes;Delaque;"Jouez cette tactique lorsqu'un combattant Delaque allié est mis Out of Action en combat rapproché ou par une action Coup de Grâce (Simple). Avant que le combattant ne soit retiré du jeu, placez un grand marqueur Blast de 5"", centré sur le combattant. Tous les combattants touchés par le marqueur sont touchés comme par une arme avec le trait Flash."
../TacticsCards/DELAQUE/Cloying Darkness.png;Cloying Darkness;Delaque Tactics;"Play this gang tactic when an enemy fighter
performs a Fight (Basic) action.

Darkness swirls around the enemy fighter,
seeming to grasp at their weapons. Apply a -D3
modifier to the fighter's Hit roll.";Ténèbres suffocantes;Delaque;Jouez cette tactique lorsqu’un combattant ennemi effectue une action Combat (Basique). Les ténèbres tourbillonnent autour du combattant ennemi et semblent s’agripper à ses armes. Appliquez un modificateur de -D3 au jet de Touche de ce combattant.
../TacticsCards/DELAQUE/Confusion (redacted).png;Confusion;Delaque Tactics;"Play this card at the start of the battle, after both
sides have deployed, but before the first round.
Choose a fighter from opponent's starting crew
that is on the battlefield and place a marker on
their card. Choose one Melee weapon they're
equipped with. During this battle, when they
wish to use that weapon, they must first make an
Intelligence check. If the check is passed, they
may use the weapon as normal. If the check is
failed, their WS is treated as 6+ when making
attacks with that wapon during this activation.";Confusion;Delaque;Jouez cette tactique au début de la bataille, après les deux les équipes soient déployées, mais avant le premier tour. Choisissez un combattant parmi l'équipe de départ de l'adversaire qui se trouve sur le champ de bataille et placez un marqueur sur sa carte. Choisissez une arme de mêlée dont il est équipé. Durant cette bataille, lorsqu’il utilise cette arme, il doit d'abord faire un test d’Intelligence. Si le test est réussi, ils peut utiliser l’arme normalement. Si le test est échoué, sa WS est traité comme 6+.
../TacticsCards/DELAQUE/Dancing Shadows.png;Dancing Shadows;Delaque Tactics;"| Play this card when an enemy fighter makes
a ranged attack.

The attacking enemy fighter must passan  _
Intelligence check. If they fail, the attack
automatically misses and their activation
ends.";Ombres dansantes;Delaque;Jouez cette tactique lorsqu'un combattant ennemi fait une attaque à distance. Le combattant ennemi attaquant doit passer un test d’Intelligence. S'ils échouent, l'attaque manque automatiquement et son activation se termine.
../TacticsCards/DELAQUE/Darkness Descends.png;Darkness Descends;Delaque Tactics;"Play at the start of any round other than the first,
after rolling for Priority.

At a pre-planned signal, the lights go out and the
battlefield is plunged into darkness. For the
remainder of the battle, the Pitch Black scenario
rules are in effect. During each End phase, your
opponent may roll a d6. On a 6, the Pitch Black
rules are lifted and the lights come back on.";Les ténèbres tombent;Delaque;Jouez cette tactique au début d’un tour autre que le premier, après avoir lancé le jet Priorité. Les lumières s'éteignent et le Le champ de bataille est plongé dans l'obscurité. Pour le reste de la bataille, les règles Pitch Black sont en vigueur. Durant chaque phase de fin, votre L'adversaire peut lancer un D6. Sur un 6, les lumières se rallument.
../TacticsCards/DELAQUE/Deceit.png;Deceit;Delaque Tactics;"Play this gang tactic during the Priority phase of
any round, after Roll for Priority, but before
Ready Fighters.

You may immediately reverse the results of the
Priority roll. In other words, you may choose to
take Priority if your opponent won the roll, or
you may choose to give your opponent Priority if
you won the roll.";Tromperie;Delaque;Jouez cette tactique pendant la phase de Priorité d'un tour, après le lancer de priorité, mais avant activation des combattant. Vous pouvez immédiatement inverser les résultats du jet de priorité. En d'autres termes, vous pouvez choisir de prendre la priorité si votre adversaire a gagné le jet, ou vous pouvez choisir de donner la priorité à votre adversaire si vous avez gagné le jet.
../TacticsCards/DELAQUE/Dirt on You.png;Dirt on You;Delaque Tactics;"Play at the start of the game, after both gangs
have been deployed.

Your gang has some information that is making
the Leader of the enemy gang particularly
twitchy. For the duration of the battle, your
opponent's Leader suffers a -1 modifier to any
Cool checks they must make. If your opponent's
leader is not available for this battle, discard this
card.";Dossier compromettant;Delaque;Jouez cette tactique au début du jeu, après les deux gangs soient déployés. Votre gang a des informations qui rendent le chef du gang ennemi nerveux. Pendant toute la durée de la bataille, votre Le chef de l'adversaire subit un modificateur de -1 à tout test de Cool qu’il doit faire. Si le leader de votre adversaire n'est pas disponible pour cette bataille, défaussez cette carte.
../TacticsCards/DELAQUE/Disquieting Susurration.png;Disquieting Susurration;Delaque Tactics;"Play this gang tactic when a friendly Delaque
fighter fails their Willpower check to perform
a Wyrd Power action.

You may immediately re-roll the failed
Willpower check. However, you must accept
the result of the second roll, even if it is worse
than the first.";Murmures inquiétants;Delaque;Jouez cette tactique lorsqu'un combattant Delaque allié échoue à son test de Willpower lors d’une action de Wyrd power. Vous pouvez immédiatement relancer le jet raté. Cependant, vous devez accepter le résultat du deuxième lancer, même s'il est pire que le premier.
../TacticsCards/DELAQUE/Distrust.png;| Distrust;Delaque Tactics;"Play this gang tactic at the start of the battle,
after both sides have deployed, but before the
first round. Choose one enemy Ganger or

Juve. For the duration of this battle, fighters
belonging to both gangs treat that fighter as an
enemy fighter. Note that the opposing player still
treats this fighter as part of their crew, activating
them, performing actions and so forth, but in all
other regards the fighter is treated as an enemy
fighter and not as a part of the gang.";Méfiance;Delaque;Jouez cette tactique au début de la bataille, après que les deux camps soient déployés, mais avant le premier tour. Choisissez un Ganger ou un Juve ennemi. Pendant toute la durée de cette bataille, les combattants appartenant aux deux gangs traitent ce combattant comme un combattant ennemi. Notez que le joueur adverse compte toujours ce combattant comme faisant partie de son gang, l’activant normalement, accomplissant des actions et ainsi de suite, cependant, le combattant est traité comme un combattant ennemi et non en tant que membre du gang.
../TacticsCards/DELAQUE/Eyes in the Dark.png;Eyes in the Dark;Delaque Tactics;"Play at the start of any round, after rolling for
Priority.

For the duration of the round, all friendly
fighters are treated as having photo goggles.
Friendly fighters already equipped with photo
goggles may instead ignore cover when making
a Shoot (Basic) action targeting a Standing and
Active enemy fighter. Note that this does not
apply if the action would be (Simple) or
(Double) for any reason.";Des yeux dans le noir;Delaque;Jouez cette tactique au début d’un tour, après avoir lancé Priorité. Pendant toute la durée du round, tous les combattants alliés sont traités comme ayant des photo-goggles. Les combattants alliés déjà équipés de photo-goggles peuvent à la place ignorer la couverture lors d’une action Tir (Basique) ciblant un Personnage Debout. Notez que cela s’applique pas si l'action est (Simple) ou (Double) pour quel que raison que ce soit.
../TacticsCards/DELAQUE/Faceless.png;Faceless;Delaque Tactics;"| Play at the start of any round, after rolling
for Priority.

Choose two of your fighters anywhereon
the board. These fighters swap positions,
even if they are Engaged in melee. Leaders,
Champions, Brutes, Hired Guns, and
Seriously Injured fighters may not be moved
using this card.";Sans visage;Delaque;Jouez cette tactique au début d’un tour, après avoir lancé pour la Priorité. Choisissez deux de vos combattants n'importe où sur le champs de bataille. Ces combattants échangent leurs positions, même s'ils sont engagés en mêlée. Leader, Champions, brutes, mercenaires et Les combattants grièvement blessés ne peuvent pas être déplacés en utilisant cette carte.
../TacticsCards/DELAQUE/Faces in the Gloom.png;Faces in the Gloom;Delaque Tactics;"Play this gang tactic when an enemy fighter
performs a Shoot (Basic) action.

Faces loom from the darkness of the underhive,
making the fighter think they are surrounded by
enemies. Apply a -D3 modifier to the fighter's
Hit roll.";Visages dans la pénombre;Delaque;Jouez cette tactique lorsqu'un combattant ennemi effectue une action Tir (Basique). Des visages surgissent des ténèbres du sous-monde, faisant croire au combattant qu'il est entouré de ennemis. Appliquez un modificateur de -D3 au jet de touche du combattant.
../TacticsCards/DELAQUE/Friend or Foe_.png;Friend or Foe?;Delaque Tactics;"Play at the start of any round, after rolling for
Priority.

Choose one of your fighters. For the duration of
the round, fighters on the enemy gang may not
target this fighter with any attacks. Additionally,
this fighter may move within 1"" of enemy
fighters, and vice versa. Should this fighter make
any attacks targeting an enemy fighter, this card
immediately expires.";Ami ou ennemi ?;Delaque;"Jouez cette tactique au début d’un tour, après avoir lancé la Priorité. Choisissez un de vos combattants. Pour la durée du tour, les combattants du gang ennemi ne peuvent pas ciblez ce combattant avec une attaque. De plus, ce combattant peut se déplacer à au moins 1"" des combattants ennemis, et vice versa. Si ce combattant attaque un combattant ennemi, cette carte expire immédiatement."
../TacticsCards/DELAQUE/Ghostly.png;Ghostly;Delaque Tactics;"Play this card when activating a fighter.

Tuck this card under the fighter's card.

While it is there, all ranged attacks targeting

this fighter suffer an additional -1 modifier
to the hit roll. In each End phase, roll a D6.
On a 1, the card is discarded.";Fantomatique;Delaque;Jouez cette tactique lors de l'activation d'un combattant. Glissez cette carte sous la carte du combattant. Tant qu'il est là, toutes les attaques à distance ciblant ce combattant subissent un modificateur supplémentaire de -1 au jet de touche. À chaque phase de fin, lancez un D6. Sur un 1, la carte est défaussée.
../TacticsCards/DELAQUE/Labyrinth.png;| Labyrinth;Delaque Tactics;"| Play at the start of the game, after both

gangs have been deployed.

You may immediately move D6 obstacles up
to 3"" in any direction. Alternatively, you

may either add or remove D3 obstacles.";Labyrinthe;Delaque;"Jouez cette tactique au début du jeu, après les deux des gangs ont été déployés. Vous pouvez immédiatement déplacer D6 obstacles de jusque’à 3"" dans une direction. Alternativement, vous pouvez ajouter ou supprimer D3 obstacles."
../TacticsCards/DELAQUE/Maddening Voices.png;Maddening Voices;Delaque Tactics;"Play this gang tactic when the opposing player
activates one of their fighters.

The activated fighter must immediately make a
Willpower check, applying a -1 modifier for each
of your Delaque fighters that is within 3"" of
them. If this check is failed, the activated fighter
immediately becomes subject to the Insane
condition (as described in the Necromunda
Rulebook).";Voix affolantes;Delaque;"Jouez cette tactique lorsque le joueur adverse active l'un de ses combattants. Le combattant activé doit immédiatement effectuer un Test de Willpower, appliquant un modificateur de -1 pour chacun de vos combattants Delaque qui se trouve à au moins 3"" de lui. Si ce test échoue, le combattant activé devient immédiatement soumis à l’état Insane"
../TacticsCards/DELAQUE/Mass Infiltration.png;Mass Infiltration;Delaque Tactics;"| Play this card during deployment.

Choose D3 fighters in your crew. For the
duration of this battle, these fighters gain |
the Infiltrate skill";Infiltration massive;Delaque;Jouez cette tactique pendant le déploiement. Choisissez D3 combattants dans votre équipage. Pour le durée de cette bataille, ces combattants gagnent la compétence Infiltration
../TacticsCards/DELAQUE/Over Here....png;Over Here...;Delaque Tactics;"Play when an enemy model makesa Move |
(Simple) action.

Instead of moving normally, the chosen |
enemy fighter moves D6"" in a direction
chosen by you, stopping if they come into
contact with any terrain. |";Par ici...;Delaque;"Jouez cette tactique lorsqu'une figurine ennemie effectue un mouvement action (Simple). Au lieu de se déplacer normalement, le combattant ennemi se déplace de D6"" dans une direction choisis par vous, s'arrêtant s'il entre contact avec un terrain."
../TacticsCards/DELAQUE/Perfect Disguises.png;Perfect Disguises;Delaque Tactics;"Play during the pre-battle sequence, during Step
Five: Choose Crews.

If the scenario uses the Random Selection (X)
method for choosing crews, you may add D3 to
the number shown in brackets.";Déguisements parfaits;Delaque;Jouez cette tactique pendant la séquence pré-bataille, pendant l'étape « Choose crew ». Si le scénario utilise la méthode de sélection aléatoire (X), vous pouvez ajouter D3 au numéro indiqué entre parenthèses.
../TacticsCards/DELAQUE/Shadowfast.png;Shad owfast;Delaque Tactics;"Play this gang tactic when a friendly Delaque
fighter takes an enemy fighter Out of Action with
an attack as part of a Charge (Double) action.

If the fighter is no longer Engaged, they may
immediately make a free Move (Simple) action.
If the fighter is Engaged, they may immediately
make a free Fight (Basic) action instead.";Rapide comme l’ombre;Delaque;Jouez cette tactique lorsqu'un combattant Delaque allié met un combattant ennemi Out of Action avec une attaque dans le cadre d’une action Charge (Double). Si le combattant n'est plus Engagé, il peut effectuez immédiatement une action de Déplacement (Simple) gratuite. Si le combattant est Engagé, il peut immédiatement effectuez une action gratuite Combat (Basique).
../TacticsCards/DELAQUE/Shape Shifting.png;Shape Shifting;Delaque Tactics;"Play this gang tactic when a friendly Delaque
fighter becomes Seriously Injured.

Immediately remove the Seriously Injured fighter
from the battlefield and replace them with
another member of the gang that is not currently
on the battlefield (i.e., a fighter that is not part of
your starting crew). Do not make a Lasting Injury
roll against the Seriously Injured fighter. Instead,
they go straight into Recovery as if a roll of 31-45,
Grievous Injury, had been made against them.";Métamorphose;Delaque;Jouez cette tactique lorsqu’un combattant Delaque allié est grièvement blessé. Retirez immédiatement le combattant grièvement blessé du champ de bataille et remplacez le par un autre membre du gang qui n'est pas sur le champ de bataille (c'est-à-dire un combattant qui ne fait pas partie votre équipage de départ). Ne faites pas de jet de Lasting injurues pour le combattant Seriously injured. Au lieu de cela, il va directement en Recovery comme s'il s'agissait d'un jet de 31-45.
../TacticsCards/DELAQUE/Shifting Shadows.png;Shifting Shadows;Delaque Tactics;"Play this gang tactic when activating a friendly
Delaque fighter.

The activated pphtes may immediately be
removed from the battlefield and replaced
anywhere within 4"" of its previous location.";Ombres changeantes;Delaque;"Jouez cette tactique lors de l'activation d'un combattant Delaque allié. Ce combattant peut être immédiatement retiré du champ de bataille et remplacé n'importe où dans les 4"" de son emplacement précédent."
../TacticsCards/DELAQUE/Shooting at Shadows.png;Shooting at Shadows;Delaque Tactics;"Play this gang tactic when a friendly Delaque
fighter is hit by an enemy ranged attack.

Roll a D6. On a 2+, the hit has no effect against
the chosen fighter. On a 1, they are affected as
normal but this gang tactic is not discarded.";Tirer dans les ombres;Delaque;Jouez cette tactique lorsqu'un combattant Delaque allié est touché par une attaque à distance ennemie. Lancez un D6. Sur 2+, le coup n'a aucun effet contre le combattant choisi. Sur 1, il est affecté normalement mais cette tactique n’est pas défaussée.
../TacticsCards/DELAQUE/Sightblind Traps.png;Sightblind Traps;Delaque Tactics;"Play this gang tactic instead of activating a fighter
Place a Sightblind trap marker anywhere within
2"" of one of your fighters. When triggered roll

a D6, on a 4+ it is a Real Trap as detailed in the
rules for Hidden Traps.";Pièges aveuglants;Delaque;"Jouez cette tactique au lieu d'activer un combattant. Placez un marqueur de piège Sightblind (house of shadows p.102)  dans les 2"" d'un de vos combattants. Lorsqu'il est déclenché, lancez un jet un D6, sur un 4+ c'est un vrai piège comme détaillé dans la règle Hidden trap."
../TacticsCards/DELAQUE/Snakes in the Dark.png;Snakes in the Dark;Delaque Tactics;"Play this gang tactic at the start of the
Deployment step of the pre-battle sequence,
before any fighters have been deployed. If the
scenario requires you to deploy your gang first,
you may redeploy any number of your fighters
after your opponent has deployed their gang.

In other words, you may remove any number of
your fighters from the battlefield and deploy
them again. Redeployed fighters must follow the
deployment rules as determined by the scenario.";Serpents dans le noir;Delaque;Jouez cette tactique au début du Étape de déploiement de la séquence pré-bataille, avant que des combattants ne soient déployés. Si le le scénario vous oblige à déployer votre gang en premier, vous pouvez redéployer n’importe quel nombre de combattants après que votre adversaire ait déployé son gang. En d'autres termes, vous pouvez retirer n’importe lequel de vos combattants du champ de bataille et les redéployer. Les combattants redéployés doivent suivre les règles de déploiement déterminées par le scénario.
../TacticsCards/DELAQUE/Vanish.png;Vanish;Delaque Tactics;"| Play during any End phase, immediately
after failing a Bottle test.

Remove all friendly models from the board, |
even if they are Engaged in melee. The game
then ends.";Disparaître;Delaque;Jouez cet tactique pendant une phase de fin, immédiatement après avoir échoué à un Bottle test. Supprimez toutes les figurines amies du plateau, même si elles sont engagées en mêlée. La partie se termine.
../TacticsCards/DELAQUE/Web Traps.png;Web Traps;Delaque Tactics;"Play this gang tactic instead of activating a fighter
Place a Web trap marker anywhere within 2"" of
one of your penters: When triggered roll a D6,
on a 4+ it is a Real Trap as detailed in the rules
for Hidden Traps.";Pièges à toile;Delaque;"Jouez cette tactique au lieu d'activer un combattant. Placez un marqueur de piège Web n'importe où à au moins 2"" de l'un de vos combattant : Lorsqu'il est déclenché, lancez un D6, sur 4+ c'est un Vrai Piège comme détaillé dans comme détaillé dans la règle Hidden trap."
../TacticsCards/DELAQUE/Whispered Threats.png;Whispered Threats;Delaque Tactics;"Play this gang tactic when the enemy gang makes
its first Bottle test of the battle.

The enemy player must make this Bottle test on
21D6, rather than the usual D6.";Menaces chuchotées;Delaque;Jouez cette tactique lorsque le gang ennemi fait son premier Bottle test de la bataille. Le joueur ennemi doit faire ce Bottle test sur 2D6, plutôt que le D6 habituel.
../TacticsCards/DELAQUE/Whisperer.png;Whisperer;Delaque Tactics;"Play this gang tactic at the start of the battle,
after both sides have deployed, but before

the first round.

Choose a friendly Delaque fighter in your
starting crew. Until the end of this battle, that
fighter gains the Psychoteric Mastery and Non-
Sanctioned es special rules and knows one
Psychoteric Whisper of your choice. This does
not affect their Credits cost.";Chuchoteur;Delaque;Jouez cette tactique au début de la bataille, après que les deux camps se soient déployés, mais avant le premier tour. Choisissez un combattant Delaque allié dans votre gang de départ. Jusqu'à la fin de cette bataille, ce combattant acquiert les règles Psychoteric Mastery et Non-Sanctioned avec un Psychoteric Whisper de votre choix.
../TacticsCards/ENFORCERS/Ankle Holster.png;Ankle Holster;Enforcers Tactics;"Play this card when activating a fighter.

Tuck this card under the fighter's card. While it
is there, the fighter may use their stub gun to
make Shoot (Simple) actions as well as or in
place of making Shoot (Basic) actions with

any other ranged weapon. If the Ammo symbol
is rolled on the Firepower dice, the card is
discarded.";Étui de cheville;Enforcers;Jouez cette tactique lors de l'activation d'un combattant. Glissez cette carte sous la carte du combattant. tant qu’elle est là, le combattant peut utiliser son stub gun pour faire des actions de shoot (simple) ainsi que ou une action Shoot (Basic) avec toute autre arme à distance. Si le symbole Munitions est lancé sur le firepower dice, la carte est défaussée.
../TacticsCards/ENFORCERS/Appropriate Force.png;Appropriate Force;Enforcers Tactics;"Play this card when activating a fighter.

If this fighter makes a Fight (Basic) action, they
gain one additional attack. This attack must be
made with a weapon with the Melee trait and
cannot be made with a weapon with the Sidearm
trait. Roll for this attack separately and, if it hits,
is resolved at +1 Damage.";Force appropriée;Enforcers;Jouez cette tactique lors de l'activation d'un combattant. Si ce combattant effectue une action Combat (Basique), il gagnez une attaque supplémentaire. Cette attaque doit être faite avec une arme avec le trait Mêlée et ne peut pas être faite avec une arme avec sidearm. Lancez le dé pour cette attaque séparément, si elle réussit, elle est résolue à +1 Dégâts.
../TacticsCards/ENFORCERS/Big Red Key.png;Big Red Key;Enforcers Tactics;"Play at the start of any round. |
For the duration of this round, any Force |
Door (Basic) actions taken by friendly |
fighters automatically succeed.";Grosse clé rouge;Enforcers;Jouez cette tactique au début d’un tour. Pendant la durée de ce tour, une action Force door (basic) faite par un combattant allié réussi automatiquement.
../TacticsCards/ENFORCERS/Crackdown.png;| Crackdown;Enforcers Tactics;"| Play at the start of any round.

Untul the End phase of this round, all
weapons with the Melee trait used by |
friendly fighters gain the Concussion trait.";Répression;Enforcers;Jouez cette tactique au début d’un tour. Jusqu'à la phase de fin de ce tour, tous armes avec le trait Mêlée utilisées par les combattants alliés acquièrent le trait Concussion.
../TacticsCards/ENFORCERS/Don_t Trip.png;Don't Trip!;Enforcers Tactics;"Play this card when an enemy fighter that has
used a Move (Simple) action to climb finishes
the action.

The enemy fighter must immediately pass an
Initiative check. If they fail, they will fall and are
placed back where they started. If the enemy
fighter climbed pane a ladder or stairs, they gain
a+2 modifier to the Initiative check.";Ne trébuchez pas !;Enforcers;Jouez cette tactique lorsqu'un combattant ennemi qui a utilisé une action de déplacement (simple) pour grimper se termine. Le combattant ennemi doit immédiatement passer un d'initiative. S'il échoue, il tombe et est replacé là où il a commencé son action. Si le combattant ennemi a grimpé par une échelle ou un escalier, il gagne un modificateur de +2 au test d’Initiative.
../TacticsCards/ENFORCERS/Excellent Reconnaissance.png;Excellent Reconnaissance;Enforcers Tactics;"| Play this card at the start of the Deployment
step of the Pre-battle sequence, before any
fighters have been deployed.

For the duration of this battle, one Palanite
fighter of your choice (1.e., a fighter that is
not a Subjugator) gains the Infiltrate skill.";Reconnaissance excellente;Enforcers;Jouez cette tactique au début du déploiement de la séquence pré-combat, avant que tous les combattants aient été déployés. Pour la durée de cette bataille, un combattant Palanite de votre choix (1.e., un combattant qui n’est pas un Subjugator) acquiert la compétence Infiltration.
../TacticsCards/ENFORCERS/Extra Vest.png;Extra Vest;Enforcers Tactics;"| Play this card immediately after a fighter |
fails a save roll.

Roll a D6. On the roll of a 6, the save rollis |
passed. On any other result, the failed save
roll stands.";Gilet supplémentaire;Enforcers;Jouez cette tactique immédiatement après qu’un combattant échoue à un jet de sauvegarde. Lancez un D6. Sur le résultat d'un 6, le jet de sauvegarde est passé.
../TacticsCards/ENFORCERS/Informant.png;, Informant;Enforcers Tactics;"| Play during the pre-battle sequence, during
Step 8. Deployment.

Nominate one fighter from your opponent's |
starting crew. You may remove this fighter
and redeploy them as you wish, following
the normal deployment rules for the scenario
being played.";Informateur;Enforcers;Jouez cette tactique pendant la séquence d'avant-bataille, Étape 8. Déploiement. Nommez un combattant parmi le gang de départ de votre adversaire. Vous pouvez redéployer ce combattant, en suivant les règles de déploiement normales au regard du scénario joué.
../TacticsCards/ENFORCERS/Jaded Veteran.png;Jaded Veteran;Enforcers Tactics;"| Play this card at the start of the Deployment
step of the pre-battle sequence, before any
fighters have been deployed.

For the duration of this battle, one fighter of
your choice cannot be subject to the Broken
condition.";Vétéran blasé;Enforcers;Jouez cette tactique au début de l’étape de déploiement de la séquence pré-bataille, avant que les combattants aient été déployés. Pour la durée de cette bataille, un combattant de votre choix ne peut pas être soumis à l’état Broken.
../TacticsCards/ENFORCERS/Lockdown.png;| Lockdown;Enforcers Tactics;"Play at the start of any round.

Every open door on the board that does not have
a door terminal closes. Every closed door on the
board that does not have a door terminal
becomes locked and can only be opened with
force, either by targeting them with attacks or by
performing a Force Door (Basic) action against
them.

Doors with terminals are unaffected by this card.";Confinement;Enforcers;Jouez cette tactique au début d’un tour. Chaque porte ouverte sur le plateau qui n'a pas un terminal se ferme. Chaque porte fermée sur le carte qui n'a pas de terminal se verrouille et ne peut être ouvert qu’en la forçant, soit en la ciblant avec des attaques, soit en effectuant une action Force door (basic). Les portes avec terminaux ne sont pas concernées par cette carte.
../TacticsCards/ENFORCERS/Shock and Awe.png;Shock and Awe;Enforcers Tactics;"Play at the start of any round. |
For the duration of this round, D3+1 |
fighters of the controlling player's choice |
gain the Fearsome skill.";Choc et crainte;Enforcers;Jouez cette tactique au début d’un tour. Pour la durée de ce tour, D3+1 combattants de votre choix obtiennent la compétence Fearsome.
../TacticsCards/ENFORCERS/Stop and Search.png;Stop and Search;Enforcers Tactics;"| Play immediately after a fighter in your gang
performs a Coup de Grace (Simple) or
Restrain (Simple) action.

The Enforcer rifles through the pockets of
their victim. Immediately add D6x10 credits
to the gang's Stash.";Contrôle et fouille;Enforcers;Jouez cette tactique immédiatement après qu’un combattant de votre gang effectue un Coup de Grâce (Simple) ou Restrain (Simple). L'Enforcer fouille dans les poches de sa victime. Ajoutez immédiatement D6x10 crédits à la cachette du gang.
../TacticsCards/ESCHER/A New Strain.png;A New Strain;Escher Tactics;"Play immediately before rolling to wound |
with a Gas weapon.

Add 2 to the result of the dice roll to |
determine whether the target succumbs to
the gas.";Une nouvelle souche;Escher;Jouez cette tactique immédiatement avant de lancer pour blesser avec une arme qui a le trait Gas. Ajoutez 2 au résultat du lancer de dés pour déterminer si la cible succombe au gaz.
../TacticsCards/ESCHER/Blade Traps.png;Blade Traps;Escher Tactics;"Play this gang tactic instead of activating

a fighter.

Place a Blade Cage marker anywhere within |

2"" of one of your fighters. When triggered, |

roll a D6. On a 4+, it is a Real Trap as |

detailed in the rules for Hidden Trapson
page 100 of House of Blades.";Pièges à lames;Escher;"Jouez cette tactique au lieu d'activer un combattant. Placez un marqueur Blade Cage n’importe où dans les 2"" d'un de vos combattants. Lorsqu'il est déclenché, lancez un D6. Sur 4+, c'est un vrai piège comme détaillé dans les règles de Hidden Trap page 100 du codex house of blades."
../TacticsCards/ESCHER/Chemical Reign.png;Chemical Reign;Escher Tactics;"Play this gang tactic when activating a fighter.
The active fighter can choose to apply a single
Chem-alchemy effect to one of their weapons
that has either the Gas and /or Toxin traits.";Règne chimique;Escher;Jouez cette tactique lors de l'activation d'un combattant. Le combattant actif peut choisir d'appliquer un seul effet Chem-alchemy sur l'une de ses armes qui possède soit les traits Gas et/ou Toxin.
../TacticsCards/ESCHER/Counter-Charge.png;Counter-Charge;Escher Tactics;"Play this card when an enemy fighter makes a
Charge action, after they move but before they
make their attacks.

Pick a Readied fighter from your gang. They can
make a Standard Move (adding D3"" to the
distance they can move, as though they were
charging) towards the enemy fighter who
charged. The counter-charging fighter cannot
make any attacks, but they can make Reaction
attacks and grant assists /interference as normal.";Contre-charge;Escher;"Jouez cette tactique lorsqu'un combattant ennemi fait un action de Charge, après son déplacement mais avant qu'il lance ses attaques. Choisissez un combattant Ready de votre gang. Il peut effectuer un mouvement standard (en ajoutant D3"" à la distance qu'il peut parcourir, comme s'il chargeais) vers le combattant ennemi qui a chargé. Le combattant qui contre-charge ne peut pas faire d'attaques, mais ils peuvent faire une attaque de réaction et accorde des aides/interférences comme d’habitude."
../TacticsCards/ESCHER/Dance of Death.png;Dance of Death;Escher Tactics;"Play this gang tactic at the start of the
Action phase.

For the duration of the round, all friendly
Escher fighters gain the Acrobatic skill.";Danse de la mort;Escher;Jouez cette tactique au début de la phase d'action. Pendant toute la durée du round, tous les combattants Escher alliés acquièrent la compétence Acrobatic.
../TacticsCards/ESCHER/Death and the Maiden.png;Death and the Maiden;Escher Tactics;"Play this gang tactic when a friendly fighter |
suffers a Memorable Death result on the
Lasting Injury table. |
Roll 2D6. If the result is equal to or lower
than the fighter's Toughness

characteristic, add a Death- maiden to your
gang. The new Death-maiden comes with |
no advancements or equipment. |";La mort et la jeune fille;Escher;Jouez cette tactique lorsqu'un combattant allié subit un résultat de Mort Mémorable sur le tableau Lasting Injury. Lancez 2D6. Si le résultat est égal ou inférieur à la Toughness du combattant, ajoutez une Death maiden à votre bande. La nouvelle Death-maiden est livrée sans avancement ni équipement.
../TacticsCards/ESCHER/Free Fall.png;Free Fall;Escher Tactics;"Play this gang tactic at the start of |
the battle, after both sides have deployed, |
but before the first round.
For the duration of the game, fighters in |
your crew gain the Catfall skill. |";Chute libre;Escher;Jouez cette tactique au début de la bataille, une fois les deux camps déployés, mais avant le premier tour. Pour la durée de la partie, les combattants de votre gang acquiert la compétence Catfall.
../TacticsCards/ESCHER/Gas Trap.png;Gas Trap;Escher Tactics;"Play this at the start of the battle when setting up
your gang. Pick any of your fighters to carry the
trap, and put this card under their card. Once
during the game, the fighter, as long as they are
Active, can Set Gas Trap (Double) - Place a Gas
Trap marker within 1"" of the fighter. Then they
can move up to D6"". If the fighter goes Out of
Action before making this action, roll a D6. On a
1, the trap triggered (centred on the fighter's base)
On a 2-3, place a Gas Trap marker where the
fighter stood. On a 4+, discard this card.";Piège à gaz;Escher;"Jouez cette tactique au début de la bataille lors de la mise en place votre gang. Choisissez l'un de vos combattants pour porter un piège et placez cette carte sous sa carte. Une fois pendant le jeu, le combattant, peut déposer un piège à gaz (double) - Placer un marqueur piège à gaz à 1"" ou moins du combattant. Ensuite, il peut avancer jusqu'à D6"". Si le combattant est mis Out of Action avant d'effectuer cette action, lancez 1D6. Sur un 1, le piège est déclenché (centrez le gabarit sur le socle du combattant) Sur 2-3, placez un marqueur Piège à Gaz à l'endroit où se trouvais le combattant. Sur 4+, défaussez cette carte."
../TacticsCards/ESCHER/Gifts of the Matron.png;Gifts of the Matron;Escher Tactics;"Play this gang tactic when activating

a fighter.

The fighter can choose to apply a single
Chem-alchemy Stimm effect to themselves.";Dons de la Matrone;Escher;Jouez cette tactique lors de l'activation un combattant. Le combattant peut choisir d'appliquer un seul effet Chem-alchemy Stimm sur eux-mêmes.
../TacticsCards/ESCHER/Hit and Run.png;Hit and Run;Escher Tactics;"Play this gang tactic at the start of the End
phase.

Choose three of your fighters. These
fighters may make a free Move (Simple)
action or a Retreat (Basic) action.";Frappe et fuite;Escher;Jouez cette tactique au début de la phase de fin. Choisissez trois de vos combattants. Ces les combattants peuvent effectuer un mouvement gratuit (simple) ou une action Retraite (Basique).
../TacticsCards/ESCHER/Kill Count.png;Kill Count;Escher Tactics;"Play this tactic at the start of the Action phase.
Choose a number between | and 6. If this
number of enemy fighters are Seriously Injured
or taken OOA as a result of attacks made by your
fighters this round (fighters fleeing the battle as
a result of failing a Bottle test don't count) then
your gang’s Leader earns XP equal to the number
chosen if she's part of your crew for this battle.
If your crew doesn't include a fighter with the
Leader (Escher) special rule, you may discard
this gang tactic and select another.";Décompte des victimes;Escher;Jouez cette tactique au début de la phase d'action. Choisissez un numéro entre 1 et 6. Si ce nombre de combattants ennemis est grièvement blessé ou mis Out of Action à la suite d'attaques lancées par vos combattants ce tour (les combattants fuyant la bataille ne compte pas), alors le leader de votre gang gagne un nombre d’XP égal au nombre choisi s’il fait partie de votre gang pour cette bataille. Si votre gang ne comprend pas de combattant avec le Règle spéciale Leader (Escher), vous pouvez vous défausser cette tactique de gang et en choisir une autre.
../TacticsCards/ESCHER/Mistress of Death.png;Mistress of Death;Escher Tactics;"Play this gang tactic when a friendly |
Death-maiden takes an enemy fighter Out
of Action. |
The Death-maiden's activation immediately
ends, but she immediately becomes |
Standing and Active, and can be activated _
again this round.";Maîtresse de la mort;Escher;Jouez cette tactique lorsque une Death maiden allié élimine un combattant ennemi. L'activation de cette Death maiden se termine immédiatement, mais elle devient immédiatement Debout et Active, et peut être activée à nouveau ce tour.
../TacticsCards/ESCHER/Not so Easy....png;Not so Easy...;Escher Tactics;"| Play at the start of any round after the
opposing gang has bottled out.

When making Nerve tests for opposing |
fighters to see if they flee, subtract 2 from
the result if they are within 3"" of a fighter
from this gang.";Pas si facile...;Escher;"Jouez cette tactique au début d’un tour après que le gang adverse ait loupé so Bottle test. Lors des Nerve test des combattants adverses, soustrayez 2 au résultat s'ils sont à au moins 3"" d'un combattant de votre gang."
../TacticsCards/ESCHER/Predatory Phyrr.png;Predatory Phyrr;Escher Tactics;"Play this gang tactic of the Action phase.
For the duration of the round, enemy
fighters become subject to the Horrors in
the Dark special rule as detailed in the
Necromunda Rulebook.";Phyrr prédateur;Escher;Jouez cette tactique au début de la phase d’action. Pendant toute la durée du round, les combattants ennemis deviennent sujets à la règle Horrors in the Dark comme détaillée dans le Livre de règles de Necromunda.
../TacticsCards/ESCHER/Put Them Down!.png;Put Them Down!;Escher Tactics;"| Play at the end of any Action phase.

Any Seriously Injured enemy fighters that
are within 2” of an Active fighter from this _
gang are immediately taken Out of Action.";Abattez-les !;Escher;"Jouez cette tactique à la fin de une phase d’action. Tout combattant ennemi Seriously injured à au moins 2"" d'un combattant actif de ce le gang est immédiatement mis Out of Action."
../TacticsCards/ESCHER/Queen of the Hive.png;Queen of the Hive;Escher Tactics;"Play this gang tactic at the start of the Action
phase. For the duration of this round, enemy
fighters must pass a Willpower check if they wish
to target a fighter in your crew with the Leader
(Escher) special rule with a Shoot or Fight (Basic)
action. If this check is failed they may choose

a different target, ignoring the fighter with the
Leader (E.) special rule for the purposes of the
Target Priority rule. If your crew doesn't

include a fighter with the Leader (E.) special
rule, you may discard this tactic and select anothe!";Reine de la Ruche;Escher;Jouez cette tactique au début de la phase d’action. Pour la durée de ce tour, les combattants ennemis doivent réussir un test de Willpower s'ils souhaitent cibler un combattant de votre gang avec la règle Leader (Escher) avec un Tir ou un Combat (Basique). Si le test échoue, il peut choisir une cible différente, ignorant le combattant avec la règle spéciale Leader pour les besoins de la règle Target priority. Si votre gang n’inclue pas de combattant avec le spécial Leader (), vous pouvez défausser cette tactique et en sélectionner une autre.
../TacticsCards/ESCHER/Rain of Blades.png;Rain of Blades;Escher Tactics;"| 1
Play this gang tactic when activating |
_a fighter. |
|The fighter can immediately make a Charge |
(Double) action. This charge is a free action
-and does not count against their normal |
allotment of actions this activation.
|

|";Pluie de lames;Escher;Jouez cette tactique lors de l'activation d’un combattant. Ce combattant peut immédiatement effectuer une action Charge (Double). Cette charge est une action gratuite et ne compte pas parmi leur attribution d’actions normale pour cette activation.
../TacticsCards/ESCHER/Running Battle.png;Running Battle;Escher Tactics;"Play this gang tactic when activating a fighter.
The active fighter may make a Run and Gun
(Double) action as if they had the Hip Shooting
skill. If the fighter is part of a Group Activation
then all fighters involved in the Group Activation
may make a Run and Gun (Double) action.";Combat mobile;Escher;Jouez cette tactique lors de l'activation d'un combattant. Le combattant actif peut effectuer une action Run and Gun (Double) comme s'il avait la compétence Hip Shooting. Si le combattant fait partie d'une activation de groupe puis tous les combattants impliqués dans l'activation du groupe peuvent effectuer une action Run and Gun (Double).
../TacticsCards/ESCHER/Scrag.png;Scrag;Escher Tactics;"| Play this card after one of your fighters puts
an enemy out of action in close combat.
Enemy fighters must make a Nerve testif
they are within 9"" rather than 3"" (they must
still be visible). In addition, subtract 2 from
the result of any Nerve tests made for
fighters within 3"".";Buter;Escher;"Jouez cette tactique après qu'un de vos combattants ait mis un ennemi Out of Action au corps à corps. Les combattants ennemis doivent faire un Nerve test s’ils sont à au moins 9"" plutôt que de 3"" (il doivent toujours être en ligne de vue). De plus, appliquez un malus de -2 de tout Nerve test effectué pour combattants à au moins 3""."
../TacticsCards/ESCHER/Search and Scrag.png;Search and Scrag;Escher Tactics;"Play this gang tactic when an enemy fighter fails
a Nerve test.

After the enemy fighter has completed their Run
for Cover (Double) action, any of your fighters
within 12"" of them may make a Move (Simple)
action. They must end this free move closer to
the Broken fighter.";Trouver et buter;Escher;"Jouez cette tactique lorsqu'un combattant ennemi échoue un Nerve test. Une fois que le combattant ennemi a terminé son action Run for cover(double), n'importe lequel de vos combattants à au moins 12"" de lui peut effectuer une action de mouvement (simple). Il doit cependant se rapprocher du combattant broken."
../TacticsCards/ESCHER/Shivver Prophesy.png;Shivver Prophesy;Escher Tactics;"Play this gang tactic at the start of the End |
phase.

Roll 2D6. If the result is equal to orlower |
than the current game round, play one more
full round. The game then ends and victory
conditions and rewards are worked out as
normal. |";Prophétie Shivver;Escher;Jouez cette tactique au début de la phase de fin. Lancez 2D6. Si le résultat est égal ou inférieur que le tour de jeu en cours, jouez un tour complet en plus. Puis la partie se termine, la victoire et les récompenses sont résolus comme définies par le scénario.
../TacticsCards/ESCHER/Side by Side.png;Side by Side;Escher Tactics;"Play instead of activating a fighter. |
Untul the end of this round, any assists that |
are granted by fighters from this gang grant |
a +2 bonus to the hit roll (instead of +1).";Côte à côte;Escher;Jouez cette tactique au lieu d'activer un combattant. Jusqu'à la fin de ce tour, toutes les assistances accordées par les combattants de ce gang donnent un bonus de +2 au jet de touche (au lieu de +1).
../TacticsCards/ESCHER/Siren Howls.png;Siren Howls;Escher Tactics;"| Play at the start of any End phase.

Untul the start of the next End phase, add 1
to the result of any Bottle tests made for the |
enemy gang. In addition, Broken enemy
fighters cannot rally.";La sirène hurle;Escher;Jouez au début de une phase de fin. Jusqu'au début de la prochaine phase de fin, ajoutez 1 au résultat de tous les tests de Bottle test effectués par le gang ennemie. De plus, les combattants ennemis Broken ne peuvent pas se rallier.
../TacticsCards/ESCHER/Sisterhood of Violence.png;Sisterhood of Violence;Escher Tactics;"Play this gang tactic when an enemy fighter |
is taken Out of Action as a result of an
attack made by a friendly fighter. |
After completing the current fighter's
activation, immediately activate a friendly
fighter within 12"" of the fighter who just
activated. |";Sororité de la violence;Escher;"Jouez cette tactique lorsqu'un combattant ennemi est mis Out of action à la suite d'un attaque effectuée par un combattant allié. À la fin de l’activation de ce combattant, activez immédiatement un combattant allié à au moins 12""."
../TacticsCards/ESCHER/Stealthy Advance.png;Stealthy Advance;Escher Tactics;"| Play this card after both gangs have been
set up at the start of the battle, before the
first round begins.

Up to half of the fighters in your crew
(rounding up) can immediately make a
Standard Move.";Progression furtive;Escher;Jouez cette tactique une fois que les deux gangs ont été déployés au début de la bataille, avant le le premier tour commence. Jusqu'à la moitié des combattants de votre gang (arrondi au supérieur) peut immédiatement faire un Mouvement standard.
../TacticsCards/ESCHER/Swift Redeployment.png;Swift Redeployment;Escher Tactics;"| Play this card instead of activating a fighter.
Roll a D3. All of your fighters can
immediately move that many inches, even if |
they have already been activated this round.";Redéploiement rapide;Escher;Jouez cette tactique au lieu d'activer un combattant. Lancez un D3. Tous vos combattants peuvent se déplacer immédiatement de cette distance, même si ils ont déjà été activés ce tour-ci.
../TacticsCards/ESCHER/Three-Point Landing.png;Three-Point Landing;Escher Tactics;"Sector Mechanicus only. |
Play when a fighter falls. |
The fighter is not Pinned by the fall and
does not suffer a hit. If they still have any
actions to take, they can take them. |";Atterrissage en trois points;Escher;Secteur Mechanicus uniquement. Jouez cette tactique quand un combattant tombe. Le combattant n'est pas mis à terre (pinned) par la chute et ne subit pas de touche (hit). S'il a encore des actions à entreprendre, ils peut continuer à jouer.
../TacticsCards/ESCHER/Tunnel Runners.png;Tunnel Runners;Escher Tactics;"Zone Mortalis only. |
Play at the start of any round. |
For the duration of the round, all friendly
fighters can move through pitfalls and
ductways as though they were clear terrain. |
They cannot end their turn on them. |";Coureurs de tunnels;Escher;Zone Mortalis uniquement. Jouez cette tactique au début d’un tour. Pendant toute la durée du round, tous les combattants alliés peuvent traverser des ravins (pitfalls) et conduits (ductways) comme s'il s'agissait d'un terrain dégagé. Ils ne peuvent pas mettre finir leur tour sur eux.
../TacticsCards/ESCHER/Ultra-Violence.png;Ultra-Violence;Escher Tactics;"| Play instead of activating a fighter.

For the remainder of the round, all weapons
with the Melee trait gain Parry - if they did
not already have it - and increase their AP

by -1.";Ultra-violence;Escher;Jouez cette tactique au lieu d'activer un combattant. Pour le reste du round, toutes les armes avec le trait Mêlée, gagnez la parade - s'ils l'ont fait ne l'ont pas déjà - et augmentent leur AP de 1.
../TacticsCards/ESCHER/Unexpected Help.png;Unexpected Help;Escher Tactics;"Play this gang tactic at the start of the End |
phase.
Choose a fighter in your gang who was not |
included as part of your crew for this |
scenario. This fighter immediately arrives |
using the rules for Reinforcements.";Aide inattendue;Escher;Jouez cette tactique au début de la phase de fin phase. Choisissez un combattant dans votre gang qui n'était pas inclus dans votre gang de départ pour ce scénario. Ce combattant arrive immédiatement en utilisant les règles des renforts.
../TacticsCards/ESCHER/Wyld Hunt.png;Wyld Hunt;Escher Tactics;"Play this tactic at the start of the Deployment step
of the pre-battle sequence, before any fighters
have been deployed. Your gang may immediately
recruit a Wyld Runner and two Phelynx. These
fighters are recruited for free but will leave

the gang at the end of this battle. Wyld Runner

is armed with a whip and thr. knives. These are
not counted towards your max. crew size - they're
taken in addition to your starting crew. If you do
not have models to represent them, you may
discard this gang tactic and select another.";Chasse sauvage;Escher;Jouez cette tactique au début de l'étape de déploiement de la séquence pré-bataille, avant que les combattants aient été déployés. Votre gang peut immédiatement recrutez une Wyld Runner et deux Phelynx. Ces combattants sont recrutés gratuitement mais partiront du gang à la fin de cette bataille. La Wyld Runner est armé d'un whip et d'un throwing knife. Ils ne comptent pas dans votre taille maximum de gang.
../TacticsCards/ESCHER VEHICLES/Ash Waste Hitchhiker.png;Ash Waste Hitchhiker;Escher Vehicle Tactics;"Play this gang tactic when a friendly fighter has
failed an Initiative check to jump onto or off

a vehicle.

The Initiative check can be re-rolled.";Auto-stoppeur des Désolations Cendrées;Véhicules Escher;Jouez cette tactique lorsqu'un combattant allié a échoué un test d’Initiative pour sauter sur ou hors d’un véhicule. Le test d’Initiative peut être relancé.
../TacticsCards/ESCHER VEHICLES/Biker Bounty.png;Biker Bounty;Escher Vehicle Tactics;"Play this gang tactic during the post-battle
sequence when receiving scenario rewards.

Add D3x5 credits to your oe Stash for each
enemy fighter subject to the Mounted condition
taken Out of Action during this battle.";Prime de motard;Véhicules Escher;Jouez cette tactique pendant la phase d'après-bataille lors de la réception des récompenses du scénario. Ajoutez des crédits D3x5 à votre réserve d'origine pour chaque combattant ennemi Monté mis Out of Action au cours de cette bataille.
../TacticsCards/ESCHER VEHICLES/Chem Exhausts.png;Chem Exhausts;Escher Vehicle Tactics;"Play this gang tactic when activating a friendly
Mobile vehicle before performing any actions.
Once the vehicle's activation has finished, any
fighters that were within 1"" of the vehicle at
any point during its activation suffer

an automatic hit as if they were hit by a weapon
with the Toxin and Gas traits.";Échappements chimiques;Véhicules Escher;"Jouez cette tactique lors de l'activation d'un ami Véhicule, avant d'effectuer toute action. Une fois l'activation du véhicule terminée, tout combattants qui se trouvaient à au moins 1"" du véhicule à un moment pendant son activation subit une touche automatique comme s'il était touché par une arme avec les traits Toxin et Gas."
../TacticsCards/ESCHER VEHICLES/Chemical Fuel Wizardry.png;Chemical Fuel Wizardry;Escher Vehicle Tactics;"Play this gang tactic at the beginning of the battle
before the first roll for Initiative.

For the duration of the battle, a friendly vehicle
increases its Movement characteristic by 2"". In
addition, at the end of each of its activations roll
a D6; on a roll of 1 the vehicle loses 1 Hull Point.";Sorcellerie du carburant chimique;Véhicules Escher;"Jouez cette tactique au début de la bataille avant le premier jet d’Initiative. Pendant toute la durée de la bataille, un véhicule allié augmente sa caractéristique de Mouvement de 2"". de plus, à la fin de chacune de ses activations lancez un D6 ; sur un résultat de 1, le véhicule perd 1 point de coque."
../TacticsCards/ESCHER VEHICLES/Corrosive Gas.png;Corrosive Gas;Escher Vehicle Tactics;"Play this gang tactic at the beginning of the battle
before the first roll for Initiative.

For the duration of the battle, D3 weapons with
the Gas trait add 1 to any rolls to damage vehicles";Gaz corrosif;Véhicules Escher;Jouez cette tactique au début de la bataille avant le premier jet d’Initiative. Pendant toute la durée de la bataille, D3 armes avec le trait Gas ajoute 1 à tous les jets pour endommager les véhicules
../TacticsCards/ESCHER VEHICLES/Death or Glory.png;Death or Glory;Escher Vehicle Tactics;"Play this gang tactic when a friendly Standing
and Active fighter is moved as a result of a
vehicle impact, before making an Initiative check
to dodge.

The fighter may immediately make a single

close combat attack against the vehicle. They
automatically fail the Initiative check to dodge
unless the vehicle is Wrecked as a result of this
attack.";Mort ou gloire;Véhicules Escher;Jouez cette tactique lorsqu'un combattant allié debout est déplacé suite à un impact de véhicule, avant d'effectuer le test d'Initiative esquiver. Le combattant peut immédiatement faire un seul attaque de combat rapproché contre le véhicule. Il échoue automatiquement au test d’Initiative pour esquiver sauf si le véhicule est détruit à la suite de cette attaque.
../TacticsCards/ESCHER VEHICLES/Full Throttle!.png;| Full Throttle!;Escher Vehicle Tactics;"Play this tactic card during the Action phase
instead of activating a model.

A friendly vehicle that does not have a Ready
marker may immediately activate. During this
activation the vehicle may only perform one
action and it must be a Move (Simple) action.
After the vehicle has finished its activation, make
a Loss of Control test for the vehicle.";Plein gaz !;Véhicules Escher;Jouez cette tactique pendant la phase d'action au lieu d'activer un modèle. Un véhicule allié qui n'a pas de marqueur Ready peut s’activer immédiatement. Pendant cette activation, le véhicule ne peut effectuer qu'une seule action et il doit s'agir d'une action de déplacement (simple). Une fois que le véhicule a terminé son activation, effectuez un test de perte de contrôle du véhicule.
../TacticsCards/ESCHER VEHICLES/IT’S GONNA BLOW!!!.png;IT’S GONNA BLOW!!!;Escher Vehicle Tactics;"Play this gang tactic after a friendly vehicle is
Wrecked, before rolling on the Lasting Damage
table.

The vehicle explodes; all models within D6"" take
a S6, AP-1, D1 hit and the vehicle is then
removed from the battlefield. When rolling on
the Lasting Damage table for the vehicle, add 1
to the result.";Ça va exploser ! ! !;Véhicules Escher;"Jouez cette tactique après qu'un véhicule allié soit détruit, avant de lancer sur le tableau Lasting damage. Le véhicule explose ; tous les figurines à D6"" subissent une touche automatique S6, AP-1, D1 et le véhicule est alors retiré du champ de bataille. Lors du jet sur le tableau Lasting damage du véhicule, ajoutez 1 au résultat."
../TacticsCards/ESCHER VEHICLES/Jink!.png;Jink!;Escher Vehicle Tactics;"Play this gang tactic after a friendly fighter
subject to the Mounted condition is hit by

a ranged attack, before rolling to avoid being
Pinned.

The fighter makes an immediate Initiative
check. If the check is passed then the fighter
is not hit by the attack.";Embardée !;Véhicules Escher;Jouez cette tactique après un combattant allié Monté soit touché par une attaque à distance, avant de tester pour éviter d'être Cloué. Le combattant fais un test d’initiative. Si le test est réussi, alors le combattant n'est pas touché par l'attaque.
../TacticsCards/ESCHER VEHICLES/Jumping the Gun.png;Jumping the Gun;Escher Vehicle Tactics;"Play this gang tactic at the beginning of the battle
before the first roll for Initiative.

D3 friendly fighters subject to the Mounted
condition may immediately make a Move
(Simple) action.";Départ précipité;Véhicules Escher;Jouez cette tactique au début de la bataille avant le premier jet d’Initiative. D3 combattants alliés Montés peuvent immédiatement effectuer une action de mouvement (Simple).
../TacticsCards/ESCHER VEHICLES/Race Away.png;Race Away;Escher Vehicle Tactics;"Play this gang tactic after a friendly fighter
subject to the Mounted condition has made

a Fight (Basic) action, but before Reaction
attacks are made.

The fighter may immediately perform a free
Retreat (Basic) action. Reaction attacks can only
be made if the fighter is still Engaged with the
enemy fighter.";Décrochage rapide;Véhicules Escher;Jouez cette tactique après qu’un combattant allié Monté ait fait une action de Combat (Basique), mais avant les attaques de réaction. Le combattant peut immédiatement effectuer un action de Retraite (Basique). Les attaques de réaction ne peuvent être effectuées que si le combattant est toujours engagé avec le combattant ennemi.
../TacticsCards/ESCHER VEHICLES/Reckless Driving.png;Reckless Driving;Escher Vehicle Tactics;"Play this gang tactic when activating a friendly
vehicle before performing any actions.

For the duration of this activation, when
performing a Move (Simple) action, the vehicle
may make an extra pivot of up to 90 degrees at
any point before, during or after its move.";Conduite imprudente;Véhicules Escher;Jouez cette tactique lors de l'activation d'un véhicule allié, avant d’effectuer toute action. Pendant la durée de cette activation, lorsque il effectue une action de déplacement (simple), le véhicule peut effectuer un pivot supplémentaire allant jusqu'à 90 degrés à tout moment avant, pendant ou après son déplacement.
../TacticsCards/ESCHER VEHICLES/Roaring Charge.png;Roaring Charge;Escher Vehicle Tactics;"Play this gang tactic when activating a friendly
fighter subject to the Mounted condition, before
performing any actions.

For the duration of this activation, if the fighter
performs a Charge (Double) action they may add
an additional D6"" to the distance moved.";Charge rugissante;Véhicules Escher;"Jouez cette tactique lors de l'activation d'un combattant allié Monté, avant effectuer des actions. Pendant la durée de cette activation, si le combattant effectue une action de Charge (Double) qu'ils peuvent ajouter un D6"" supplémentaire à la distance parcourue."
../TacticsCards/ESCHER VEHICLES/Steel Blur.png;Steel Blur;Escher Vehicle Tactics;"Play this gang tactic when activating a friendly
fighter subject to the Mounted condition before
performing any actions.

For the duration of this activation, Reaction
attacks cannot be made against any Ride By
attacks made by this fighter.";Flou d’acier;Véhicules Escher;Jouez cette tactique lors de l'activation d'un combattant allié Monté, avant effectuer des actions. Pendant la durée de cette activation, les attaques de réaction ne peuvent pas être lancées contre une attaque Ride By effectuée par ce combattant.
../TacticsCards/ESCHER VEHICLES/The Last Ride.png;The Last Ride;Escher Vehicle Tactics;"Play this card when a friendly fighter subject to
the Mounted condition is taken Out of Action
before removing them from the battlefield.

The fighter immediately changes its Status to
Standing and may perform one action. The
fighter is then removed from the battlefield. If
they are taken Out of Action during this action
(for example, due to Reaction attacks) do not roll
an additional time on the Lasting Injury table,
though the enemy model will gain XP as normal
for taking them Out of Action.";La dernière chevauchée;Véhicules Escher;Jouez cette tactique lorsqu'un combattant allié Montée et mis Out of action, avant de le retirer du champ de bataille. Le combattant change immédiatement son statut en Debout et peut effectuer une action puis il est retiré du champ de bataille. Si ils sont mis Out of Action pendant cette action (par exemple, en raison d'attaques de réaction) ne faite pas un jet supplémentaire sur le tableau Lasting injuries, cependant la figurine ennemie gagnera de l'XP comme d'habitude pour l’avoir mis Out of Action.
../TacticsCards/ESCHER VEHICLES/Wheels Down.png;Wheels Down;Escher Vehicle Tactics;"Play this gang tactic when a friendly fighter
subject to the Mounted condition falls, before
resolving any hits for falling.

The fighter takes no damage from the fall and is
not placed Prone.";Roues au sol;Véhicules Escher;Jouez cette tactique lorsqu'un combattant allié Monté tombe, avant résoudre les touches de chute. Le combattant ne subit aucun dégât de la chute et n’est pas cloué.
../TacticsCards/ESCHER VEHICLES/White Line Fury.png;White Line Fury;Escher Vehicle Tactics;"Play this gang tactic when activating a friendly
vehicle before performing any actions.

For the duration of this activation, the vehicle
treats the Move & Shoot action as a Simple
action instead of a Basic action.";Fureur de la ligne blanche;Véhicules Escher;Jouez cette tactique lors de l'activation d'un véhicule allié, avant d’effectuer toute action. Pendant la durée de cette activation, le véhicule traite l'action Move & Shoot comme (simple) action au lieu de (basique).
../TacticsCards/ESCHER VEHICLES/Wreckin' Crew.png;Wreckin' Crew;Escher Vehicle Tactics;"Play this gang tactic during the post-battle
sequence when receiving scenario rewards.

If any enemy vehicles were Wrecked then add 1
to your gang's Reputation.";Équipe de démolition;Véhicules Escher;Jouez cette tactique pendant durant la phase d’après-bataille, lors de la réception des récompenses du scénario. Si des véhicules ennemis ont été détruits, ajoutez 1 à la réputation de votre gang.
../TacticsCards/GENERIC CARDS/A Good Day.png;A Good Day;Conspiracy;"Play at the start of the game after both sides have
set up.

Choose a Champion or Leader model in your
crew. Tuck this card under that fighter's card.
For the duration of the game, Cool checks for
other fighters from your gang have a +2

modifier if ee within 3"" of the chosen
Champion or Leader.";Une bonne journée;Conspiration;"Jouez au début de la partie, une fois que les deux gangs sont déployés. Choisissez un Champion ou un Leader dans votre gang. Placez cette carte sous la carte de ce combattant. Pendant toute la durée de la partie, les tests de Cool des autres combattants de votre gang ont un bonus de +2 s’ils se trouvent dans les 3"" du Champion ou Leader choisi."
../TacticsCards/GENERIC CARDS/A Present for You!.png;A Present for You!;Gang Tactics;"Play this card when your opponent activates one
of their fighters, even if the fighter was activated
as part of a Group Activation. Centre the 3"" Blas
marker on the fighter who has just activated, then
roll the Scatter dice and a D6 to see where the
marker moves to. If a Hit is rolled on the Scatter
dice, the marker remains where it is. Roll a D6 on
the table below to determine what kind of
Traits(s) the blast has: [1-2 Concussion,3-4 Flash
5-6 Fear, Gas]. Any fighters under the marker
immediately suffer a hit with the Trait(s) listed.";Un cadeau pour vous !;Générique ;"Jouez cette tactique lorsque votre adversaire active un de ses combattants, même si le combattant a été activé dans le cadre d’une Activation de Groupe. Centrez le gabarit de Blast 3"" sur le combattant qui vient de s'activer, puis lancez les dés de Scatter et un D6. Si un Hit est obtenu sur le dé Scatter, le marqueur reste là où il se trouve. Lancez un D6 sur le tableau ci-dessous pour déterminer de quel type est l’explosion : [1-2 Concussion, 3-4 Flash 5-6 Fear, Gas]. Tous les combattants sous le marqueur subissent immédiatement une touche avec le(s) trait(s) répertorié(s)."
../TacticsCards/GENERIC CARDS/Adrenaline Surge.png;Adrenaline Surge;Gang Tactics;"Play when activating a fighter.
The fighter can make one additional action
this turn.";Montée d'adrénaline;Générique;Jouez cette tactique lors de l'activation d'un combattant. Le combattant peut effectuer une action supplémentaire ce tour.
../TacticsCards/GENERIC CARDS/Ancient Vox Box.png;Ancient Vox Box;Gang Tactics;"Play when activating a fighter. When this card is
played, decide how many times the activating
fighter will turn the crank (1-3 times). Roll that
many D6, add and consult table below (effects
last until the end of the current Round):

1-4; All fighters within 12"" reduce their Cool checks
by -2. 5-8: All fighters within 12"" add 1 to their
Movement. 9-12: No fighter within 18"" may be the
target of Gang Tactics or Skills. 13+: All fighters
(including the activating fighter) within 12"" must
make a Nerve test or become Broken.";Antique boîte vox;Générique;"Jouez cette tactique lors de l'activation d'un combattant. Décidez combien de fois le combattant tournera la manivelle (1 à 3 fois). Lancez autant de D6, additionnez-les et consultez le tableau ci-dessous (effets jusqu'à la fin du round en cours) : 1-4 ; Tous les combattants à au moins 12"" réduisent leurs tests de Cool. par -2. 5-8 : Tous les combattants à au moins 12"" ajoutent 1 à leur Mouvement. 9-12 : Aucun combattant à au moins 18"" ne peut être le cible des tactiques ou des Skills. 13+ : Tous les combattants (y compris le combattant qui l'active) dans un rayon de 12"" doit faire un Nerve test ou devenir broken."
../TacticsCards/GENERIC CARDS/Authority Breakdown.png;Authority Breakdown;Gang Tactics;"| Play this card during any Action phase, after
Fleeing the Battlefield but before Activate
Fighters.

For the duration of this round, the range of
Leading by Example for your opponent's
Leader is decreased to 3"". If your opponent's
leader is not available for this battle, discard
this card.";Effondrement de l’autorité;Générique;"Jouez cette tactique pendant une phase d’action, après les déroutes mais avant d'activer les combattants. Pendant la durée de ce tour, la portée de Leading by example du leader de votre adversaire est diminué à 3"". Si le Leader de votre adversaire n'est pas présent durant cette bataille, défaussez-vous cette carte."
../TacticsCards/GENERIC CARDS/Bait and Switch.png;Bait and Switch;Gang Tactics;"| Play this card instead of activating a fighter.
Take a Ready marker from any of your
fighters and place it on a fighter who has |
already activated this round.";Appât et diversion;Générique;Jouez cette tactique au début d’un round, avant que les joueurs n’aient effectué le jet d’Initiative. Choisissez deux combattants alliés sur le champ de bataille qui ne sont pas Engagés. Échangez leurs positions.
../TacticsCards/GENERIC CARDS/Battle Madness.png;Battle Madness;Gang Tactics;"Play instead of activating a fighter.

Choose a Broken Fighter from either gang. They
immediately make a ranged attack against the
closest fighter they can see, friend or foe. If they
are in base contact with another fighter, they
make close combat attacks instead.";Folie guerrière;Générique;Jouez cette tactique au lieu d'activer un combattant. Choisissez un combattant Broken de l’un ou l’autre gang. Il effectue immédiatement une attaque à distance contre le combattant le plus proche qu'ils puissent voir, ami ou ennemi. S'il est en contact avec un autre combattant, il effectue plutôt des attaques de combat rapproché.
../TacticsCards/GENERIC CARDS/Beast Lure.png;Beast Lure;Gang Tactics;"A fighter can spend an action to play this card.
Place the Beast's Lair marker within 3"" of this
fighter. Then, uae can move up to D6"". If they
end the action within 6"" of the lair, there is a
chance they will be attacked as normal.";Appât à bête;Générique;"Un combattant peut dépenser une action pour jouer cette carte. Placez le marqueur Beast's Lair à au moins 3"" de ce marqueur. combattant. Ensuite, il peut se déplacer de D6"". S'ils terminez l'action à au moins 6"" du repaire, il y a une chance qu'ils soient attaqués normalement."
../TacticsCards/GENERIC CARDS/Beast Repellent .png;Beast Repellent;Gang Tactics;"Play this card when activating a fighter. |
For the duration of this fighter's |
activation, they do not risk rousing the Beast,
regardless of how close they are to the

Beast's Lair.";Répulsif à bêtes;Générique;Jouez cette tactique lors de l'activation d'un combattant. Pour la durée de son activation, le combattant ne risquent pas de réveiller la Bête, quelle que soit sa proximité avec le Beast’s lair.
../TacticsCards/GENERIC CARDS/Blackout.png;| Blackout;Gang Tactics;"Play this card at the start of any round.

For the duration of this round, ranged attacks
have an additional -1 modifier if made against
targets between 6"" and 12"" away, or a -2
modifier if made against targets more than 12""
away. Attackers using an infra-scope or photo
-goggles, or targeting a fighter with a Blaze
marker, ignore these penalties.";Black-out;Générique;"Jouez cette tactique au début d’un tour. Pendant toute la durée de ce tour, les attaques à distance subissent un malus supplémentaire de -1 si elles sont effectuées contre des cibles entre 6"" et 12"", ou un malus de -2 si elles sont effectuées contre des cibles de plus de 12"". Les combattants utilisant un Infra-sight ou des Photo-googles, ou ciblant un combattant avec un marqueur Blaze ignorent ces pénalités."
../TacticsCards/GENERIC CARDS/Blade for Every Occasion.png;Blade for Every Occasion;Gang Tactics;"| Play this card when activating a fighter.
Tuck this card under the fighter's card.
Untul the end of the battle, this fighter has _
an additional axe.";Une lame pour chaque occasion;Générique;Jouez cette tactique lors de l'activation d'un combattant. Glissez cette carte sous la carte du combattant. Jusqu'à la fin de la bataille, ce combattant a une hache supplémentaire.
../TacticsCards/GENERIC CARDS/Blazing Fury.png;Blazing Fury;Gang Tactics;"| Play this card when activating a fighter.

For the duration of this fighter’s turn, the
Shoot action is treated as Simple rather than |
Basic.";Fureur flamboyante;Générique;Jouez cette tactique lors de l'activation d'un combattant. Pendant toute la durée du round de ce combattant, l'action de tir est traitée comme simple plutôt que Basic.
../TacticsCards/GENERIC CARDS/Blood Debt.png;Blood Debt;Gang Tactics;"Play this card when one of your fighters is

taken Out of Action by an enemy fighter's attack.
For the rest of the battle, add 1 to the result

of any hit rolls for fighters from your gang

when they target the attacker. Tuck this card
under the attacker's Fighter card as a reminder.";Dette de sang;Générique;Jouez cette tactique lorsqu'un de vos combattants est mis Out of Action par un combattant ennemi. Pour le reste de la bataille, ajoutez 1 au résultat de tous les jets de touche des combattants de votre gang lorsqu'ils ciblent cet ennemi.
../TacticsCards/GENERIC CARDS/Blood Fury.png;Blood Fury;Gang Tactics;"| Play when one of your fighters loses

a Wound.

Tuck this card under the fighter's card; |
for the rest of the battle, that fighter has the
Berserker skill.";Fureur de sang;Générique;Jouez cet tactique quand un de vos combattants perd un point de vie. Glissez cette carte sous la carte du combattant. Pour le reste de la bataille, ce combattant a le Compétence Berserker.
../TacticsCards/GENERIC CARDS/Blood Surge.png;Blood Surge;Gang Tactics;"‘Play this card when activating a fighter.

|

For the duration of the round, the fighter is

treated as if they had used a stimm-slug stash,
However, during the End phase, they do not
need to check for a stimm overload.

|

|";Afflux de sang;Générique;Jouez cette tactique lorsque vous activez un combattant. Pendant toute la durée du round, le combattant est traité comme s'ils avaient utilisé un stimm-slug stash, Cependant, le combattant ne fais pas de test de stimm overload
../TacticsCards/GENERIC CARDS/Blood-drenched Champion.png;Blood-drenched Champion;Gang Tactics;"| Play this card instead of activating a fighter.
An enemy fighter of your choice that is
visible to your leader must pass a Nerve test,
subtracting 2 from the result, or become
Broken.";Champion couvert de sang;Générique;Jouez cette tactique au lieu d'activer un combattant. Un combattant ennemi de votre choix qui est visible par votre leader doit réussir un Nerve test, avec un malus de -2, ou devenir Broken.
../TacticsCards/GENERIC CARDS/Born to Slaughter.png;Born to Slaughter;Gang Tactics;"| Play this card immediately after it has been
drawn during step 7 of the pre-battle
sequence.

Nominate one fighter from your starting
crew. For the duration of this battle, that
fighter gains +1 to their Weapon Skill and
Cool but -1 to their Ballistic Skill and
Willpower.";Né pour le massacre;Générique;Jouez cette tactique immédiatement après qu'elle ait été tiré lors de l'étape 7 de la séquence pré-bataille. Nommez un combattant de votre gang de départ. Pour la durée de cette bataille, ce le combattant gagne +1 en WS et Cool et -1 en BS et Willpower.
../TacticsCards/GENERIC CARDS/Breach and Clear.png;Breach and Clear;Gang Tactics;"| Play after a friendly fighter makes an
Operate Door (Simple) action or successful
Force Door (Basic) action.

The fighter may immediately make a free
Shoot (Basic) action.";Percée et nettoyage;Générique;Jouez après qu'un combattant allié ait fait un action Faire Operate door (simple) ou Force door (basic). Ce combattant peut immédiatement effectuer une action de Tir (Basique) gratuite.
../TacticsCards/GENERIC CARDS/Bullet Magnet.png;Bullet Magnet;Gang Tactics;"| Play this card when a fighter fires a weapon
with the Rapid Fire trait.

Add 1 to the number of hits rolled on each —
Firepower dice.";Aimant à balles;Générique;Jouez cette tactique lorsqu'un combattant tire avec une arme avec le trait Rapid Fire. Ajoutez 1 au nombre de coups portés sur chacun des dés de puissance de feu.
../TacticsCards/GENERIC CARDS/Burst of Courage.png;Burst of Courage;Gang Tactics;"| Play this card when making a Cool check for
a fighter.

The fighter automatically passes the check, |
and any more Cool checks they are required
to make until the end of the round.";Élan de courage;Générique;Jouez cette tactique lorsque vous effectuez un test de Cool pour un combattant. Le combattant réussit automatiquement le test, et tous les autres test de Cool qu’ils aurait besoin de faire jusqu'à la fin du round.
../TacticsCards/GENERIC CARDS/Chain Attacks.png;Chain Attacks;Gang Tactics;"| Play when a fighter takes an enemy Out of
Action with a Melee attack.

The activating fighter can move up to D6"" _—
and make a Fight Basic action. Their
activation then immediately ends.";Attaques en chaîne;Générique;Jouez cet tactique quand un combattant met un ennemi Out of Action avec une attaque de mêlée. Le combattant peut se déplacer de jusqu'à D6 », effectuer une action Combat (Basic). Son activation se termine alors immédiatement.
../TacticsCards/GENERIC CARDS/Click.png;«Click!;Gang Tactics;"Play this card after an enemy fighter
completes an attack with a ranged weapon.
The weapon immediately runs Out of Ammo,
as if it had failed an Ammo check.";« Clic ! »;Générique;Jouez cette tactique après qu’un combattant ennemi termine une attaque avec une arme à distance. L'arme est immédiatement à court de munitions, comme s'il avait échoué à un test de munitions.
../TacticsCards/GENERIC CARDS/Close to Retirement.png;Close to Retirement;Gang Tactics;"| Play at the start of any round.

Untul the End phase of this round, your
opponent's Leader suffers a-2 modifier to _
any Cool checks they must make. If your
opponent's Leader is not available for this
battle, discard this card.";Près de la retraite;Générique;Jouez cette tactique au début d’un tour. Jusqu'à la phase de fin de ce tour, le chef de l'adversaire subit un malus de -2 à tous les test de Cool qu'il doit effectuer. Si le chef de l'adversaire n'est pas présent durant la bataille, défaussez cette carte.
../TacticsCards/GENERIC CARDS/Combat Drugs.png;Combat Drugs;Gang Tactics;"| Play when a fighter makes a melee attack.

|

For the duration of this turn, the fighter
gains D3 additional attacks. However, should
the fighter gain the full 3 additional attacks,
they will automatically suffer

aFlesh Wound at the end of their
activation.";Drogues de combat;Générique;Jouez cette tactique lorsqu'un combattant effectue une attaque au corps à corps. Pour la durée de ce tour, le combattant gagne D3 attaques supplémentaires. Cependant si le combattant gagne 3 attaques grâce à cette tactique, il subit une Flesh wound à la fin de son activation.
../TacticsCards/GENERIC CARDS/Counter-Assault .png;Counter-Assault;Gang Tactics;"| Play this card when one of your fighters
makes a Reaction attack.

The fighter’s Reaction attacks are made at
+1 to Hit. In addition, they automatically
pass the Initiative check required to make
Reaction attacks against disengaging enemy.";Contre-assaut;Générique;Jouez cette tactique lorsqu'un de vos combattants effectue une attaque de réaction. Les attaques de réaction du combattant sont effectuées avec un bonus de +1 pour toucher. De plus, il réussi automatiquement le test d’Initiative requis pour faire une attaques de réaction contre un ennemi qui tente une retraite.
../TacticsCards/GENERIC CARDS/Crossfire.png;| Crossfire;Gang Tactics;"| Play this card when a fighter makes a ranged
attack against a target who has already been
shot at by a friendly fighter.

The hit roll succeeds automatically.";Feux croisés;Générique;Jouez cette tactique lorsqu'un combattant effectue une attaque à distance contre une cible qui a déjà été ciblée par un tir allié. Le jet de touche réussit automatiquement.
../TacticsCards/GENERIC CARDS/Cut Their Supply.png;Cut Their Supply;Gang Tactics;"Play at the start of the game after both sides |
have deployed.

Choose a weapon possessed by an enemy |
fighter. For the duration of the game, this
weapon loses the Plentiful trait if it has it,
and gains the Scarce trait if it doesn't have it.";Couper leur ravitaillement;Générique;Jouer cette tactique au début du jeu après que les deux gangs aient été déployés. Choisissez une arme possédée par un combattant ennemi. Pour la durée de la partie, ceci l'arme perd le trait Plentiful si elle le possède, et gagne le trait Scarce s'il elle ne l'a pas.
../TacticsCards/GENERIC CARDS/Dangerous Footing.png;Dangerous Footing;Gang Tactics;"Play when your opponent activates a fighter.
Immediately eae a Pitfall Crater marker
beneath the ese The fighter must take an
Initiative test. If the test is passed, the fighter
makes a Move action to safety and their
activation continues. If the Initiative test is
failed, the fighter falls into the crater and is
immediately taken Out of Action. The pitfall
Crater remains in place for the duration of the
battle.";Terrain dangereux;Générique;Jouez cette tactique lorsque votre adversaire active un combattant. Placez immédiatement un marqueur Pitfall Crater sous le combattant, ce dernier doit faire un test d’Initiative. Si le test est réussi, le combattant effectue une action de déplacement vers le bord le plus proche et continue son activation. Si le test d’Initiative est échoué, le combattant tombe dans le cratère et est immédiatement mis Out of Action. Le piège reste en place pour la durée du bataille.
../TacticsCards/GENERIC CARDS/Deadlock.png;| Deadlock;Gang Tactics;"Zone Mortalis only. |
Play this card at the start of any round. |
Choose a closed door anywhere on

the board. For the duration of this round,
the door cannot be opened in any way. |";Impasse;Générique;Zone Mortalis uniquement. Jouez cette tactique au début d’un tour. Choisissez une porte fermée n'importe où sur le champ de bataille. Pour la durée de ce tour, la porte ne peut en aucun cas être ouverte.
../TacticsCards/GENERIC CARDS/Death Trap.png;Death Trap;Gang Tactics;"Zone Mortalis only.

Play this card when an enemy fighter makes an
Operate Door action to either open or close

a door.

The fighter must test to see if they are struck by
the door, as described on page 31, as if they were
standing in a doorway when the door is

closed.";Piège mortel;Générique;Zone Mortalis uniquement. Jouez cette tactique lorsqu'un combattant ennemi fait une action Operate Door(simple). Le combattant doit faire un test pour voir s'il est touché par la porte, comme décrit à la page 31, comme s'il étaient debout dans l'encadrement de la porte lorsque la porte se ferme.
../TacticsCards/GENERIC CARDS/Dedicated to Duty.png;Dedicated to Duty;Gang Tactics;"Play during the End phase, before you make
a Bottle test.

Your gang automatically passes their

Bottle test.";Dévoué au devoir;Générique;Jouez cette tactique pendant la phase de fin, avant de faire un Bottle test. Votre gang réussit automatiquement son Bottle test.
../TacticsCards/GENERIC CARDS/Desperate Effort.png;Desperate Effort;Gang Tactics;"| Play when it is your turn to activate a
fighter, but none of your fighters have
Ready markers.

Pick one of your fighters and activate them
as though they had a Ready marker. At
the end of the action, they are Pinned.";Effort désespéré;Générique;Jouez cette tactique quand c'est votre tour d'activer un combattant, mais qu’aucun de vos combattants n’a de marqueurs Ready. Choisissez un de vos combattants et activez-le comme s'ils avaient un marqueur Ready. À à la fin de l’action, il est Pinned.
../TacticsCards/GENERIC CARDS/Disorienting Shadows.png;Disorienting Shadows;Gang Tactics;"| Play at the start of any round, after rolling
for Priority.

Nominate D3 fighters on the enemy gang. |
For the duration of this round, they suffer

-1 to their Ballistic Skill and Movement
characteristics.";Ombres désorientantes;Générique;Jouez cette tactique au début d’un tour, après avoir lancé pour la Priorité. Nommez D3 combattants dans le gang ennemi. Pour la durée de ce tour, ils subissent un malus de -1 à leur BS et à leur mouvement.
../TacticsCards/GENERIC CARDS/Distraction.png;| Distraction;Gang Tactics;"| Play when your opponent activates a fighter.
The opposite player must make a Willpower
check for the fighter. If the checkis failed,
the fighter can only make one action this
turn, instead of two.";Distraction;Générique;Jouez cette tactique lorsque votre adversaire active un combattant. Le combattant adverse doit faire un test de Willpower. Si le test échoue, le combattant ne peut faire qu'une seule action ce tour.
../TacticsCards/GENERIC CARDS/Double Fisted.png;| Double- fisted;Gang Tactics;"| Play when a fighter makes a ranged attack.
For the duration of the ranged attack, the
fighter can attack with two |
ranged weapons, resolving a full attack with
each, one after the other.

Both must be made against the same target.";À double poing;Générique;Jouez cette tactique lorsqu'un combattant effectue une attaque à distance. Pour la durée de l'attaque à distance, le combattant peut attaquer avec deux armes à distance, résolvant les attaques l’une après l’autre. Les deux attaques doivent cibler la même cible.
../TacticsCards/GENERIC CARDS/Double Time.png;| Double Time;Gang Tactics;"| Play this card when activating a fighter.

This fighter can perform a free Move
(Simple) action during its activation. This _
free action is in addition to its two normal
actions.";Au pas de course;Générique;Jouez cette tactique lors de l'activation d'un combattant. Ce combattant peut effectuer une action de mouvement (simple) gratuite lors de son activation
../TacticsCards/GENERIC CARDS/Duck and Cover.png;Duck and Cover;Gang Tactics;"| Play this card when activating a fighter.

This turn, the fighter may make two Fire
(Basic) actions, provided they use the same _
Basic or Pistol weapon for both. After
resolving these actions, the fighter may move
| DBE";À couvert !;Générique;Jouez cette tactique lors de l'activation d'un combattant. Ce tour-ci, le combattant peut effectuer deux actions de tirs (basique), à condition qu'elles utilisent la même arme de base ou pistolet pour les deux (Basic or pistol weapon). Après ces actions, le combattant peut se déplacer de D3
../TacticsCards/GENERIC CARDS/Eager for Battle.png;Eager for Battle;Gang Tactics;"| Play this card during the End phase, before
drawing any cards to determine which
fighters become available as

Reinforcements. |
Ad D3 to the number of Reinforcements
you receive this turn. The enemy player
deploys these extra Reinforcements on a 1-4,
instead of the usual 1-2.";Avide de bataille;Générique;Jouez cette tactique pendant la phase de fin, avant tirer des cartes pour déterminer quelles combattants deviennent disponibles en tant que Renforts. Ajoutez D3 au nombre de renforts vous recevez ce tour. Le joueur ennemi déploie ses renforts supplémentaires sur un 1-4, au lieu du 1-2 habituel.
../TacticsCards/GENERIC CARDS/Emergency Seal.png;Emergency Seal;Gang Tactics;"Zone Mortalis only. |
Play instead of activating a fighter. |
Ductways cannot be used for the duration

of this round - they are treated as not being
on the board at all. |";Sceau d'urgence;Générique;Zone Mortalis uniquement. Jouez cette tactique au lieu d'activer un combattant. Les conduits (Ductways) ne peuvent pas être utilisés pour ce tour, ils sont traités comme n'étant pas sur le champ de bataille.
../TacticsCards/GENERIC CARDS/Fall Back.png;Fall Back;Gang Tactics;"| Play this card when activating a fighter.

This fighter may immediately make

a Retreat (Basic) action without havingto
make an Initiative check. Additionally, each
enemy fighter that was Engaging them is
unable to make any Reaction attacks.";Repli;Générique;Jouez cette tactique lors de l'activation d'un combattant. Ce combattant peut immédiatement faire une action Retreat (Basic) sans avoir à effectuer un test d’Initiative. De plus, chaque le combattant ennemi engagé avec est incapable de faire des attaques de réaction.
../TacticsCards/GENERIC CARDS/Fear of Betrayal.png;Fear of Betrayal;Gang Tactics;"Play this card instead of activating a fighter.
An enemy fighter of your choice with a Ready
marker must pass a Cool check or immediately
make a Shoot (Basic) action against the closest
visible fighter from their own gang, as if they
were an enemy fighter. They then lose their
Ready marker.";Peur de la trahison;Générique;Jouez cette tactique au lieu d'activer un combattant. Un combattant ennemi de votre choix avec un marqueur Ready doit réussir un test de Cool ou immédiatement effectuer une action Shoot (Basic) contre le plus proche combattant visible de son propre gang, comme s'ils étaient un combattant ennemi. Il perd alors son marqueur Ready.
../TacticsCards/GENERIC CARDS/Fearsome Reputation.png;Fearsome Reputation;Gang Tactics;"Play after one of your fighters puts an enemy
Out of Action.

For the rest of the game, any nerve checks |
made for enemy fighters within 8"" of them
have a -2 modifier.";Réputation redoutable;Générique;"Jouez cette tactique après qu'un de vos combattant ai mis un ennemi Out of action. Pour le reste de la bataille, tout Nerve test fait par les combattants ennemis dans les 8"" de ce combattant subit un malus de -2."
../TacticsCards/GENERIC CARDS/Fire Discipline.png;Fire Discipline;Gang Tactics;"| Play this card at the start of the battle, after
setting up your gang.

For the duration of the battle, ranged attacks.
made by your fighters only trigger an Ammo
check if the Firepower dice rolls an Ammo
symbol and the hit roll is a success.";Discipline de tir;Générique;Jouez cette tactique au début de la bataille, après avoir choisi votre gang. Pour la durée de la bataille, les attaques à distance faites par vos combattants ne déclenchent un test de munition que si le dé de puissance de feu affiche un symbole munition et le jet de touche est un succès.
../TacticsCards/GENERIC CARDS/Forward Planning.png;Forward Planning;Gang Tactics;"Play at the start of the game, after both |
gangs have been deployed.

Choose up to three fighters. These fighters |
may immediately make a free Move (Simple)
action.";Planification avancée;Générique;Jouez cette tactique au début du jeu, après que les deux gangs aient été déployés. Choisissez jusqu'à trois combattants. Ces combattants peuvent immédiatement faire effectuer une action Move (simple) gratuite.
../TacticsCards/GENERIC CARDS/Frag Trap.png;| Frag Trap;Gang Tactics;"Play at the start of the battle, when setting up
your gang. Pick any of your fighters to carry the
trap, and put this card under their Fighter card.
Once during the game, the fighter, as long as they
are Active, can Set Frag Trap (Double) - Place a
Frag Trap marker within 1"" of the fighter. Then
they can move up to D6"", If the fighter goes Out
of Action before making this action, roll a D6.
On a 1, the trap triggered (centred on the
fighter's base). On a 2-3, place a marker where
the fighter stood. On a 4+, discard this card.";Piège à fragments;Générique;"Jouez cette tactique au début de la bataille, lors de la mise en place votre gang. Choisissez l'un de vos combattants pour porter un piège et placez cette carte sous la sienne. Une fois pendant la partie, le combattant peut poser un piège à fragmentation (double) - Placez un Marqueur Frag Trap à 1"" ou moins du combattant. Puis ils peuvent avancer de D6"", si le combattant est mis Out of Action avant d’effectuer cette action, lancez un D6. Sur un 1, le piège se déclenche (centré sur le base de combattant). Sur un 2-3, placez un marqueur à l'endroit le combattant était. Sur 4+, défaussez cette carte."
../TacticsCards/GENERIC CARDS/Got Your Back.png;Got Your Back;Gang Tactics;"| Play at the start of any round.

Untul the End phase of this round, fighters
in your gang can provide assists even if they |
are Engaged with any other fighters from

the same gang as the target of the attack.
Only one fighter can provide an assist this
way for each close combat attack.";Je te couvre;Générique;Jouez cette tactique au début d’un tour. Jusqu'à la phase de fin de ce tour, les combattants de votre gang peuvent fournir de l'aide même s'ils sont engagés avec d'autres combattants. Un seul combattant peut fournir une assistance de cette manière pour phase de combat rapproché.
../TacticsCards/GENERIC CARDS/Grenade Bouquet .png;Grenade Bouquet;Gang Tactics;"Play this card when a fighter makes an attack
with a grenade that has a Blast trait.

The fighter may immediately make three attacks
with this type of grenade, rather than the usual
one. Each of these attacks counts as a miss and so
will automatically scatter. Once all three attacks
are resolved, the fighter will automatically fail
the Ammo check and run out of grenades of that
type.";Bouquet de grenades;Générique;Jouez cette tactique lorsqu'un combattant effectue une attaque avec une grenade qui a le trait Blast. Le combattant peut immédiatement effectuer trois attaques avec ce type de grenade, plutôt que l'habituel un. Chacune de ces attaques compte comme un échec et donc se dispersera automatiquement. Une fois que les trois attaques sont résolus, le combattant échouera automatiquement le test de munitions.
../TacticsCards/GENERIC CARDS/Gripped by Fear.png;Gripped by Fear;Gang Tactics;"| Play at the start of any round, after rolling
for Priority.

Nominate D3 fighters on the enemy gang. |
For the duration of this round, they suffer

-1 to their Weapon Skill and Cool
characteristics.";Saisi par la peur;Générique;Jouez au début d’un tour, après avoir lancé pour Priorité. Nommez des combattants D3 dans le gang ennemi. Pendant toute la durée de ce tour, ils souffrent -1 à leur compétence d'arme et à leur cool caractéristiques.
../TacticsCards/GENERIC CARDS/Group Tactics.png;Group Tactics;Gang Tactics;"| Play this card when it is your turn, before
activating any fighters.
Instead of activating one fighter, activate up |
to three fighters (in the same way as making
a Group activation).";Tactiques de groupe;Générique;Jouez cette tactique quand c'est votre tour, avant activer tous les combattants. Au lieu d'activer un combattant, activez jusque’à trois combattants.
../TacticsCards/GENERIC CARDS/Hard Stop.png;Hard Stop;Gang Tactics;"Play when one of your fighters becomes |
Engaged as part of an enemy Charge
(Double) action. |
Your fighter may immediately make a free
Fight (Basic) action, interrupting the
opposing fighter's activation. |";Arrêt brutal;Générique;Jouez cette tactique quand l'un de vos combattants devient Engagé dans le cadre d'une action de charge ennemie (Double). Votre combattant peut immédiatement effectuer une Action de combat (basique), interrompant l’activation du combattant adverse.
../TacticsCards/GENERIC CARDS/Having a Bad Day.png;Having a Bad Day;Gang Tactics;"| Play at the start of the game after both sides
have set up.

Choose a Champion or Leader model in |
your opponent's crew. For the duration of
the game, Cool checks for other fighters

from the opposing gang have a -2 modifier
while that fighter is within 3"" of the chosen
Champion or Leader.";Mauvais jour;Générique;"Jouer cette tactique en début de partie après que les deux gangs aient été mis en place. Choisissez un Champion ou un Leader dans le gang de votre adversaire. Pour la durée de la partie, les tests de Cool des autres combattants du gang adverse ont un malus de -2 lorsque ils sont à au moins 3"" du Champion ou Leader choisi."
../TacticsCards/GENERIC CARDS/Healthy Paranoia.png;Healthy Paranoia;Gang Tactics;"Play when activating a fighter.
For the rest of the battle, the fighter have
360 vision arc.";Saine paranoïa;Générique;Jouez cette tactique lors de l'activation d'un combattant. Pour le reste de la bataille, le combattant a un Arc de vision à 360°.
../TacticsCards/GENERIC CARDS/Hidden Blade.png;Hidden Blade;Gang Tactics;"Play when a fighter makes a Fight (Basic) |
action.

The fighter adds D3 to their Attacks |
characteristic for the duration of this action.";Lame cachée;Générique;Jouez cette tactique quand un combattant effectue une action de combat (Basique). Le combattant ajoute D3 à ses attaques caractéristique pour la durée de cette action.
../TacticsCards/GENERIC CARDS/Hidden Passage.png;Hidden Passage;Gang Tactics;"Zone Mortalis only (see page 126). |
Play this card at the start of your turn, |
immediately before activating a fighter. |
Place an unused Ductway marker anywhere

on the board, following the normal rules for
placing a ductway. |";Passage caché;Générique;Zone Mortalis uniquement. Jouez cette tactique au début de votre tour, avant d'activer un combattant. Placez un marqueur de conduit (ductway) n'importe où sur le plateau, en suivant les règles normales pour placer un conduit.
../TacticsCards/GENERIC CARDS/History of Violence.png;History of Violence;Gang Tactics;"Play during the pre-battle sequence, during Step
Five: Choose Crews.

Nominate one fighter from your Orr ene e
starting crew. That fighter is unwilling to face
your gang in combat and so may not be selected
for this battle. Your opponent must immediately
discard that fighter and select another, following
the same crew selection method as already used.";Passé violent;Générique;Jouez cette tactique pendant la séquence de pré-bataille, juste après l'étape Cinq : Choisissez les combattants. Désignez un combattant choisi du gang adverse. Ce combattant ne veut pas affronter votre gang au combat et ne peut pas être sélectionné pour cette bataille. Votre adversaire doit immédiatement défaussez ce combattant et sélectionnez-en un autre, en suivant la même méthode de sélection des combattants que celle déjà utilisée.
../TacticsCards/GENERIC CARDS/Hive Tremors.png;Hive Tremors;Gang Tactics;"Play at the start of any round.

Every Active fighter on the table must make an
Initiative test - any who fail are Pinned. After all
fighters have tested, place D3 additional loot
caskets anywhere on the table not within 6"" of a
fighter. Finally, if the game uses a Zone
Mortalis scenario, place D3 spare ductways
across ana of your choice. If the Pa uses
a Sector Mechanicus scenario, remove D3
ladders of your choice.";Tremblements de la ruche;Générique;"Jouez cette tactique début d’un tour. Chaque combattant actif sur la table doit faire un test d’Initiative : tous ceux qui échouent deviennent Prone. Après tout les combattants aient testé, placez D3 loot caskets supplémentaire n'importe où sur la table, pas à au moins 6"" d'un combattant. Enfin, si le jeu utilise la Zone Mortalis, placer des D3 ductways. Si le jeu utilise Sector Mechanicus, supprimez D3 échelles de votre choix."
../TacticsCards/GENERIC CARDS/Just Add Nails.png;Just Add Nails;Gang Tactics;"Play when making an attack with a frag
grenade, before rolling to hit.

The grenade's Blast (3"") trait becomes
Blast (5"").";Ajoutez des clous;Générique;"Jouez cette tactique en effectuant une attaque avec une grenade frag, avant de tester pour toucher. Le trait Blast(3"") de la grenade devient Blast(5 »)."
../TacticsCards/GENERIC CARDS/Keen Edge.png;Keen Edge;Gang Tactics;"Play at the start of the game after both sides have
deployed.

Choose a Melee weapon possessed by a friendly
fighter. For the duration of the game, increase
its AP by 1.

For Gee a weapon with an AP of -1 will
have an AP of -2.";Tranchant affûté;Générique;Jouez cette tactique au début du jeu une fois que les deux gangs sont déployés. Choisissez une arme de mêlée possédée par un combattant allié. Pendant toute la durée de la partie, augmentez son AP de 1.
../TacticsCards/GENERIC CARDS/Last Gasp.png;Last Gasp;Gang Tactics;"Play this card when one of your active fighters is
taken Out of Action.

Before the fighter is removed from play, they can
immediately make an attack. This is a close
combat attack if they are Engaged, otherwise it is
a ranged attack. If they are equipped with a
grenade that has the Blast trait, and the Blast
marker is centred on them, it will not scatter. As
soon as the attack has been resolved, the fighter
is removed from play.";Dernier souffle;Générique;Jouez cette tactique lorsqu'un de vos combattants est mis Out of action. Avant que le combattant ne soit retiré du jeu, il peut immédiatement lancer une attaque. C'est une attaque de mêlée s'il est Engagés, sinon c'est une attaque à distance. S'il est équipé d'un grenade qui a le trait Blast, le gabarit est centré sur lui et ne se dispersera pas. Dès que l'attaque est résolue, le combattant est retiré du jeu.
../TacticsCards/GENERIC CARDS/Last Round.png;Last Round;Gang Tactics;"Play this card when activating a fighter that has
one or more Out of Ammo markers on them.
Choose one of this fighter's ranged weapons
that is Out of Ammo. The fighter immediately
performs a Shoot (Basic) action with that
weapon that will hit automatically. Do not roll
an Ammo Dice - the weapon remains Out of
Ammo. Weapons with the Rapid Fire (X) trait
make only one shot.";Dernière cartouche;Générique;Jouez cette tactique lorsque vous activez un combattant qui a un ou plusieurs marqueurs « Out of Ammo » dessus. Choisissez l'une des armes à distance de ce combattant c'est à court de munitions. Le combattant immédiatement effectue une action Tir (Basique) avec cela arme qui frappera automatiquement. Ne roule pas un dé de munitions - l'arme reste hors de Munitions. Armes avec le trait Rapid Fire (X) faire un seul coup.
../TacticsCards/GENERIC CARDS/Long Arm.png;Long Arm;Gang Tactics;"| Play at the start of any round.

Untul the End phase of this round, friendly
fighters count as having +1 Strength for |
the purposes of determining the Long range
of a grenade.";Bras long;Générique;Jouez cette tactique au début d’un tour. Jusqu'à la phase de fin de ce tour, les combattants alliés comptent comme ayant +1 en Force pour déterminer la portée des grenades.
../TacticsCards/GENERIC CARDS/Look the Other Way.png;Look the Other Way;Gang Tactics;"Play this card when a sentry spots |
an attacker.

The sentry does not gain a Ready marker.
In addition, you may change the sentry's
facing as you wish.";Regarder ailleurs;Générique;Jouez cette tactique lorsqu'une sentinelle repère un attaquant. La sentinelle ne gagne pas de marqueur Prêt. De plus, vous pouvez modifier la direction du regard de la sentinelle comme vous le souhaitez.
../TacticsCards/GENERIC CARDS/Loose Cannon.png;Loose Cannon;Gang Tactics;"| Play when activating a fighter.

|

Until the End phase of this round, the

fighter treats the Shoot action as (Simple)

rather than (Basic). However, until the End
phase of this round, the fighter suffers a -1

| to their Ballistic Skill.

|";Électron libre;Générique;Jouez cette tactique lors de l'activation d'un combattant. Jusqu'à la phase de fin de ce tour, le combattant traite l'action Tirer comme (Simple) plutôt que (Basique). Cependant, jusqu'à la phase de fin de ce tour, le combattant subit un malus de -1 à sa BS.
../TacticsCards/GENERIC CARDS/Loud and Clear.png;Loud and Clear;Gang Tactics;"| Play during the pre-battle sequence, during
Step 8. Deployment.

Tuck this card under a fighter's card. Until
the end of the battle, this fighter has stun
grenades.";Fort et clair;Générique;Jouez cette tactique pendant la séquence d'avant-bataille, pendant Étape 8. Déploiement. Glissez cette carte sous la carte d'un combattant. Jusqu'à la fin de la bataille, ce combattant a des stun grenades.
../TacticsCards/GENERIC CARDS/Lucky Find.png;Lucky Find;Gang Tactics;"| Play this card when activating a fighter with
a weapon that is Out of Ammo.

One of the fighter's weapons is |
automatically reloaded at the cost of one
action - no Ammo check is required.";Trouvaille chanceuse;Générique;Jouez cette tactique lors de l'activation d'un combattant avec une arme qui est à court de munitions. L'une des armes du combattant est rechargé automatiquement au prix d'un action - aucune vérification de munitions n'est requise.
../TacticsCards/GENERIC CARDS/Lucky Lho-stick Case.png;Lucky Lho-stick Case;Gang Tactics;"| Play this card when a friendly fighter fails an
armour save.

The fighter can re-roll the armour save, |
ignoring any negative modifiers (including
Armour Penetration).";Étui porte-bonheur à lho-sticks;Générique;Jouez cette tactique lorsqu'un combattant allié échoue à un sauvegarde d'armure. Le combattant peut relancer la sauvegarde d'armure, en ignorant tous les modificateurs négatifs (y compris Pénétration d'Armure).
../TacticsCards/GENERIC CARDS/Lucky shot.png;Lucky Shot;Gang Tactics;"| Play this card after making either a hit roll,

a wound roll or an injury roll.

You may immediately re-roll all of the dice |
for the roll you have just made. You must
accept the result of the second roll, even if it
is Worse than the first.";Tir chanceux;Générique;Jouez cette tactique après avoir effectué soit un jet de touche, un jet pour blesser ou un jet de blessure (injury roll). Vous pouvez immédiatement relancer tous les dés pour ce test. Vous devez accepter le résultat du deuxième lancer, même s'il est pire que le premier.
../TacticsCards/GENERIC CARDS/Machine Curse.png;Machine Curse;Gang Tactics;"| Play this card instead of activating a fighter.
Choose an enemy fighter. They must
immediately make an Ammo check of each
of their ranged weapons.";Malédiction des machines;Générique;Jouez cette tactique au lieu d'activer un combattant. Choisissez un combattant ennemi. Il doit immédiatement effectuer un test de munition avec chacune de ses armes à distance.
../TacticsCards/GENERIC CARDS/Makeshift Armour.png;Makeshift Armour;Gang Tactics;"One of your fighters can spend an action to play
this card.

Tuck this card under the fighter's card; while it
is there, their armour save is treated as one point
better than it is. If any save roll for the fighter
is a 1 (before modifiers), discard this card after
resolving the attack(s).";Armure de fortune;Générique;"Un de vos combattants peut dépenser une action pour jouer cette tactique. Glissez cette carte sous celle du combattant ; Sa sauvegarde d'armure est amélioré de 1. Si un jet de sauvegarde pour ce combattant est un 1 naturel, défaussez cette carte après la résolution des attaques."
../TacticsCards/GENERIC CARDS/Makeshift Cover.png;Makeshift Cover;Gang Tactics;"| Play this card at the start of any round.

Place D3 barricades or similar pieces of
terrain anywhere on the battlefield within 3"")
of one of your fighter.";Couverture de fortune;Générique;"Jouez cette tactique au début d’un tour. Placez des D3 barricades ou des morceaux similaires de terrain n'importe où sur le champ de bataille dans un rayon de 3"" de vos combattants."
../TacticsCards/GENERIC CARDS/Marked for Death.png;Marked for Death;Gang Tactics;"| Play this card instead of activating a fighter.
Choose an enemy fighter. For the rest of

the battle, add 1 to result of any hit rolls for |
fighters from your gang when they target
that fighter with a Melee weapon.";Marqué pour la mort;Générique;Jouez cette tactique au lieu d'activer un combattant. Choisissez un combattant ennemi. Pour le reste de la bataille, ajoutez 1 au résultat de tous les jets de touche pour les combattants de votre gang lorsqu'ils ciblent ce combattant avec une arme de mêlée.
../TacticsCards/GENERIC CARDS/Master Switch.png;Master Switch;Gang Tactics;"Zone Mortalis only. |
Play this card instead of activating a fighter. |
Every door on the board that does not have
a door terminal either opens or closes. They
must all do the same, i.¢., this card cannot be.
used to open some doors and close others. _";Interrupteur principal;Générique;Zone Mortalis uniquement. Jouez cette tactique au lieu d'activer un combattant. Chaque porte du plateau qui n'a pas un terminal de porte s'ouvre ou se ferme. elles doivent toutes faire la même chose, c'est-à-dire, cette carte ne peut pas être utilisée pour ouvrir certaines portes et en fermer d’autres.
../TacticsCards/GENERIC CARDS/Melta Trap.png;Melta Trap;Gang Tactics;"Play this at the start of the battle, when setting up
your gang. Pick any of your fighters to carry the
trap, and put this card under their card. Once
during the game, the pignict, as long as they are
Active, can Set Melta Trap (Double) - place a
Melta Trap marker within 1"" of the fighter. Then
they can move up to D6"", If the fighter goes Out
of Action before making this action, roll a D6.
On a 1, the trap triggered (centred on the
fighter's base). On a 2-3, place a marker where
the fighter stood. On a 4+, discard this card.";Piège à fusion;Générique;"Jouez cette tactique au début de la bataille, lors de la mise en place votre gang. Choisissez l'un de vos combattants pour porter un piège. Une fois pendant le jeu, ce combattant peut poser un piège à fusion (double) - placez un Marqueur Melta Trap à 1"" ou moins du combattant. Puis ils peuvent avancer jusqu'à D6 ». Si le combattant est mis hors combat avant d’effectuer cette action, lancez un D6. Sur un 1, le piège se déclenche (centré sur le combattant). Sur un 2-3, placez un marqueur à l'endroit le combattant est retiré. Sur 4+, défaussez cette carte."
../TacticsCards/GENERIC CARDS/Nerves of Steel.png;Nerves of Steel;Gang Tactics;"| Play when a fighter makes a ranged attack.
The fighter may ignore normal Target
Priority rules and may instead target any |
eligible enemy fighter they wish without
having to pass a Cool check.";Nerfs d’acier;Générique;Jouez cette tactique lorsqu'un combattant effectue une attaque à distance. Le combattant peut ignorer la règle de priorité et peut à la place cibler le combattant ennemi éligible qu'ils souhaitent sans devoir passer un test de Cool.
../TacticsCards/GENERIC CARDS/No Mercy for the Weak.png;No Mercy for the Weak;Gang Tactics;"| Play this card instead of activating a fighter.
For the remainder of the round, add | to the
result of any wound rolls for fightersfrom
your gang when they target fighters with
one or more Flesh Wounds.";Pas de pitié pour les faibles;Générique;Jouez cette tactique au lieu d'activer un combattant. Pour le reste du round, ajoutez 1 au résultat de tout jet de blessure (wound roll) pour les combattants de votre gang qui ciblent des combattants ennemis avec une ou plusieurs Flesh wound.
../TacticsCards/GENERIC CARDS/Opening Volley.png;Opening Volley;Gang Tactics;"| Play at the start of the game, after both

gangs have been deployed.

Choose up to three fighters. These fighters |
may immediately make a free Shoot (Basic)
action. Note that this does not apply if the
action would be (Simple) or (Double) for
any reason.";Volée d’ouverture;Générique;Jouez cette tactique au début du jeu, après que les deux des gangs aient été déployés. Choisissez jusqu'à trois combattants. Ces combattants peuvent immédiatement réaliser une action gratuite Shoot (Basic). Notez que cela ne s'applique pas si l'action est (Simple) ou (Double) pour une quelconque raison.
../TacticsCards/GENERIC CARDS/Point-Blank Shot.png;Point- Blank Shot;Gang Tactics;"| Play this card when a fighter makes a Fight
action or a Charge action.

Pick one of the fighter’s ranged weapons |
that does not have the Blast trait or
Template trait. For the duration of this turn,
that weapon can be used in close combat

in the same way as a pistol.";Tir à bout portant;Générique;Jouez cette tactique lorsqu'un combattant effectue un action de Combat ou une action Charger. Choisissez l’une des armes à distance du combattant qui n'a pas le trait Blast ou Template. Pendant la durée de ce tour, cette arme peut être utilisée en combat rapproché de la même manière qu'un pistolet.
../TacticsCards/GENERIC CARDS/Preemptive Measures.png;Preemptive Measures;Gang Tactics;"Play at the start of any round, before rolling |
for Priority.

Up to two of your fighters may immediately |
make a free Move (Simple) action.";Mesures préventives;Générique;Jouez cette tactique au début d’un tour, avant de lancer pour pour la priorité. Jusqu'à deux de vos combattants peuvent immédiatement effectuez une action de déplacement (simple) gratuite.
../TacticsCards/GENERIC CARDS/Proper Preparation.png;Proper Preparation;Gang Tactics;"| Play this card before setting up the gang at
the start of the battle.

Pick one of your fighters and put thiscard  _
under their Fighter's card. For the duration
of the battle, this fighter’s weapons gain the
Plentiful trait unless they already have the
Scarce trait, in which case their weapons are
counted as not being Scarce.";Préparation minutieuse;Générique;Jouez cette tactique avant de constituer le gang au début de la bataille. Choisissez un de vos combattants et mettez cette carte sous la sienne. Pour la durée de la bataille, les armes de ce combattant gagnent le Trait Plentiful à moins qu’elles n'aient le trait Scarce, auquel cas ces armes perdent le trait Scarce.
../TacticsCards/GENERIC CARDS/Quick Time.png;Quick Time;Gang Tactics;"| Play this card when activating a fighter.

|

Tuck this card under the fighter’s card.
While it is there, the fighter’s Move is |
increased by 2. In each End phase, roll a D6.
On a 1, the card is discarded.

|";Pas accéléré;Générique;Jouez cette tactique lors de l'activation d'un combattant. Glissez cette carte sous la carte du combattant. Tant qu’elle est là, le mouvement du combattant est augmenté de 2. À chaque phase de fin, lancez 1D6. Sur un 1, la carte est défaussée.
../TacticsCards/GENERIC CARDS/Rapid Fire.png;Rapid Fire;Gang Tactics;"| Play this card when activating a fighter.

This turn, the fighter may make two Fire
(Basic) actions, provide they use the same
weapon for both and make no other actions
for any reason. However, at the end of their
activation, the weapon counts as
automatically having failed an Ammo check.";Tir rapide;Générique;Jouez cette tactique lors de l'activation d'un combattant. Ce tour-ci, le combattant peut effectuer deux actions de tirs (basique), à condition qu'elles utilisent les mêmes arme pour les deux et ne fasse aucune autre action pour quelque raison que ce soit. Cependant, à la fin de leur activation, l'arme compte comme ayant automatiquement échoué à un test de munitions.
../TacticsCards/GENERIC CARDS/Rapid Healing.png;Rapid Healing;Gang Tactics;"Play this card instead of activating a fighter. |
Choose one of your fighters. This fighter |
either recovers one Wound or removes one ©
Flesh Wound.";Guérison rapide;Générique;Jouez cette tactique au lieu d'activer un combattant. Choisissez un de vos combattants. Ce combattant soit récupère un point de vie, soit en supprime une Blessure Légère (Flesh wound).
../TacticsCards/GENERIC CARDS/Reaction Fire.png;Reaction Fire;Gang Tactics;"| Play when an enemy fighters is activated,
before they make their first action.

Pick a fighter from your gang - that fighter _
can immediately make a Shoot (Basic) action
against the activating enemy model,

as long as they are in range and line of sight.";Feu de réaction;Générique;Jouez cette tactique lorsqu'un combattant ennemi est activé, avant de faire sa première action. Choisissez un combattant dans votre gang, ce combattant peut immédiatement effectuer une action Tir (Basique) contre le combattant ennemi activé, tant qu’il est à portée et en ligne de vue.
../TacticsCards/GENERIC CARDS/Reckless Charge.png;Reckless Charge;Gang Tactics;"| Play this card when a fighter makes a Charge
(Double) action.

The fighter counts as having rolleda3 on |
the D3 to determine their maximum charge
range.";Charge imprudente;Générique;Jouez cette tactique lorsqu'un combattant effectue une action de Charge (Double). Le combattant compte comme ayant lancé un 3 sur le D3 pour déterminer la distance de charge maximale.
../TacticsCards/GENERIC CARDS/Rejuve Stimm.png;Rejuve Stimm;Gang Tactics;"| Play this card instead of activating a fighter.
Choose any friendly fighter who has suffered
at least one Wound. This fighter |
immediately regains any lost Wounds.";Stimm régénérant;Générique;Jouez cette tactique au lieu d'activer un combattant. Choisissez un combattant allié qui a perdu au moins un point de vie. Ce combattant récupère immédiatement tous ses points de vies.
../TacticsCards/GENERIC CARDS/Reload!.png;| Reload!;Gang Tactics;"Play this card in the End phase of any round.
Immediately make a Reload (Simple) action |
for any or all of your fighters. |";Rechargez !;Générique;Jouez cette tactique lors de la phase de fin de tour. Effectuez immédiatement une action Recharger (simple) pour tout ou partie de vos combattants.
../TacticsCards/GENERIC CARDS/Ricochet.png;| Ricochet;Gang Tactics;"| Play this card after making an unsuccessful
hit roll for a ranged attack that does not have
the Blast or Template trait.

Pick another fighter within 5"" of the target,
even if they are not visible to the attacker,
and roll to hit against them. Do not roll the
Firepower

dice again.";Ricochet;Générique;"Jouez cette tactique après avoir échoué lors d’un jet de touche lors d’une attaque à distance qui n'a pas le trait Blast ou Template. Choisissez un autre combattant à au moins 5"" de la cible, même s'il n’est pas visibles pour l'attaquant, et lancez pour toucher contre lui. Ne lancez pas le dé de Puissance de feu (firepower dice) à nouveau."
../TacticsCards/GENERIC CARDS/Rigged Door.png;Rigged Door;Gang Tactics;"Zone Mortalis only.

Play this card immediately after an enemy
fighter makes an action.

Pick any door on the board and either close or
open it. If closing a door and there is a fighter
standing in the doorway, they must test to see
whether they avoid closing door as normal.";Porte piégée;Générique;Zone Mortalis uniquement. Jouez cette tactique immédiatement après qu’un ennemi effectue une action. Choisissez une porte du plateau et fermez-la ou ouvrez-la. Si lorsqu’une porte se ferme il y a un combattant debout dans l'embrasure de la porte, il doit tester pour voir s'il évite la porte.
../TacticsCards/GENERIC CARDS/Roger That.png;Roger That!;Gang Tactics;"Play at the start of any round.

Pick a Ganger with a Ready marker. For this turn
only, that fighter is treated as a Champion for the
purposes of activating groups 4 in other words,
if they are activated, you can activate up to one
other fighter within 4"" of them.";Bien reçu !;Générique;Jouez cette tactique au début d’un tour. Choisissez un combattant avec un marqueur Prêt. Pour ce tour seulement, ce combattant gagne la règle groupe activation (1).
../TacticsCards/GENERIC CARDS/Sacrifice.png;Sacrifice;Gang Tactics;"| Play this card when a fighter is hit by

a ranged attack.

Nominate a friendly fighter within 2” of the |
fighter who has been hit. The nominated
fighter becomes the target of the ranged
attack instead.";Sacrifice;Générique;Jouez cette tactique lorsqu'un combattant est touché par une attaque à distance. Nommez un combattant allié à au moins 2 pouces du combattant qui a été touché. Le combattant nominé devient la cible du tir à distance à la place.
../TacticsCards/GENERIC CARDS/Secret Cache.png;Secret Cache;Gang Tactics;"Play this card instead of activating a fighter.
Set up an ammo cache anywhere on the
battlefield.";Cache secrète;Générique;Jouez cette tactique au lieu d'activer un combattant. Placez une cache de munitions n'importe où sur le champ de bataille.
../TacticsCards/GENERIC CARDS/Seize the Initiative.png;Seize the Initiative;Gang Tactics;"| Play this card at the beginning of any round,
before rolling for Priority.

You immediately take Priority this turn |
without any dice being rolled.";Saisir l’initiative;Générique;Jouez cette tactique au début d’un tour, avant de lancer le lancer pour la priorité. Vous prenez immédiatement la priorité ce tour-ci sans qu'aucun dé ne soit lancé.
../TacticsCards/GENERIC CARDS/Service Tunnels.png;Service Tunnels;Gang Tactics;"| Play when deploying your gang.

One fighter chosen by you from your
starting crew gains the Infiltrate skill for the |
duration of this battle and may be deployed
accordingly.";Tunnels de service;Générique;Jouez cette tactique lors du déploiement de votre gang. Un combattant choisi par vous parmi votre gang de départ acquiert la compétence Infiltration pour le durée de cette bataille et peut être déployé en conséquence.
../TacticsCards/GENERIC CARDS/Shield Wall.png;Shield Wall;Gang Tactics;"Play this card instead of activating a fighter.

Tuck this card under a fighter's card. For the
remainder of the battle, add 1 to fighter's armour
save, and any friendly fighter in base contact with
this fighter, to a maximum of 2+, against attack
that originate from within this fighter's vision :";Mur de boucliers;Générique;Jouez cette tactique au lieu d'activer un combattant. Glissez cette carte sous la carte d'un combattant. Pour le reste de la bataille, ajoutez 1 à l'armure du combattant et tout combattant allié en contact socle à socle avec ce combattant, jusqu'à un maximum de 2+, contre toute attaque qui provient de l’arc avant de vision de ce combattant
../TacticsCards/GENERIC CARDS/Slippery.png;Slippery;Gang Tactics;"| Play this card when activating a fighter.

|

Put this card under the active fighter's

Fighter card. Until the end of the battle, this.
fighter treats the Crawl Through action as

@asic) rather than (Double).

|

|";Glissant;Générique;Jouez cette tactique lors de l'activation d'un combattant. Mettez cette carte sous la carte de ce combattant. Jusqu'à la fin de la bataille, ça. Le combattant traite l'action Crawl Through comme (Basic) plutôt que (Double).
../TacticsCards/GENERIC CARDS/Snap Fire.png;Snap Fire;Gang Tactics;"| Play this card after an enemy fighter
completes an attack with a ranged weapon.

A readied fighter in your gang may |
immediately take a shot at the enemy fighter
with a Pistol or Basic weapon. However, they
must subtract 1 from the hit roll.";Tir réflexe;Générique;Jouez cette tactique après qu’un combattant ennemi termine une attaque avec une arme à distance. Un combattant ready de votre gang peut tirer immédiatement sur le combattant ennemi avec un pistolet ou une arme de base (Pistol or Basic weapon). Cependant, ils doit soustraire 1 au jet de touche.
../TacticsCards/GENERIC CARDS/Speedy Recovery.png;Speedy Recovery;Gang Tactics;"Play this card when making a Recovery test.
One of your fighters can re-roll a single
Recovery dice.";Récupération rapide;Générique;Jouez cette tactique lorsque vous effectuez un recovery test. Un de vos combattants peut relancer un seul Recovery dice.
../TacticsCards/GENERIC CARDS/Spiked Drinks.png;Spiked Drinks;Gang Tactics;"Play during the pre-battle sequence, during

Step Five: Choose Crews.

|

Nominate one fighter from your opponent's’

starting crew. For the duration of this battle,
that fighter suffers -1 to their Ballistic Skill,

| Weapon Skill, and Intelligence, but gains +2

to their Cool.";Boissons trafiquées;Générique;Jouez cette tactique pendant la séquence d'avant-bataille, Cinquième étape : Choisissez les combattants. Désignez un combattant parmi ceux de votre adversaire. Pour la durée de cette bataille, ce combattant subit -1 à ses caractéristiques WS, BS et Int mais gagne +2 à sa caractéristique de Cool.
../TacticsCards/GENERIC CARDS/Spreading Conflagration.png;Spreading Conflagration;Gang Tactics;"| Play this card at the start of any round.

For the duration of this round, fighters
activating within 3"" of a fighter that is |
subject to the Blaze condition must test to
see if they catch fire, just as if they had been
hit by a weapon with the Blaze trait.";Propagation de la conflagration;Générique;"Jouez cette tactique au début d’un tour. Pour la durée de ce round, les combattants s'activant à 3"" ou moins d'un combattant soumis à la condition Blaze doit tester pour voir s'ils prennent feu, comme s'ils avaient été touché par une arme avec le trait Blaze."
../TacticsCards/GENERIC CARDS/Stand Firm.png;Stand Firm;Gang Tactics;"Play this card instead of making a Bottle test.
This round, your gang automatically passes
its Bottle test.";Tenez bon;Générique;Jouez cette tactique au lieu de faire un Bottle test. Ce tour, votre gang réussit automatiquement son Bottle test.
../TacticsCards/GENERIC CARDS/Steel Fury.png;Steel Fury;Gang Tactics;"| Play this card at the start of any round.

For the duration of this round, fighters from
this gang count the Fight (Basic) action asa |
Fight (Simple) action.";Fureur d'acier;Générique;Jouez cette tactique au début d’un tour. Pour la durée de ce round, les combattants de votre gang considère l'action Combat (Basique) comme Combat (simple).
../TacticsCards/GENERIC CARDS/Sterner Stuff.png;Sterner Stuff;Gang Tactics;"| Play this card instead of activating a fighter.
Make a Rally check for each Broken fighter
in your gang, as though it was the End phase.";Plus solide qu’il n’y paraît;Générique;Jouez cette tactique au lieu d'activer un combattant. Effectuez un test de Ralliement (Rally check) pour chaque combattant Broken dans votre gang, comme si c'était la phase de fin.
../TacticsCards/GENERIC CARDS/Stop Resisting.png;Stop Resisting;Gang Tactics;"| Play this card when a friendly Standing and
Engaged fighter makes a Fight (Basic) action,
(including as part of a Charge (Double)
action). |
Untul the End phase of this round, enemy
fighters cannot make Reaction attacks against
this fighter.";Arrêtez de résister;Générique;Jouez cette tactique lorsqu’un combattant allié engagé effectue une action Combat (Basic), (y compris dans le cadre d'une Charge (Double)). Jusqu'à la phase de fin de ce tour, les combattants ennemis ne peuvent pas effectuer d'attaques de réaction contre ce combattant.
../TacticsCards/GENERIC CARDS/Sump Slump.png;Sump Slump;Gang Tactics;"Play at the start of any turn.
Immediately remove D3 Barricades of your
choice from anywhere on the board.";Affaissement du puisard;Générique;Jouez cette tactique au début d’un tour. Retirez immédiatement D3 barricades de votre choix n’importe où sur le plateau.
../TacticsCards/GENERIC CARDS/Supressing Fire.png;Supressing Fire;Gang Tactics;"| Play this card after making an unsuccessful
hit roll for a ranged weapon.

The target is Pinned, even though they |
were not hit by the attacks.";Tir de suppression;Générique;Jouez cette tactique après avoir échoué un jet de touche pour une attaque à distance. La cible est Prone, même si elle n'a pas été touchée par l’attaque.
../TacticsCards/GENERIC CARDS/Swift Justice.png;Swift Justice;Gang Tactics;"| Play this card when one of your fighters is
taken Out of Action by an enemy fighter's
attack.

A friendly fighter can immediately make
a free Shoot (Basic) action against the
attacker.";Justice rapide;Générique;Jouez cette tactique lorsqu'un de vos combattants est mis Out of Action par l’attaque d’un combattant ennemi. Un combattant allié peut immédiatement faire une action Tir (Basique) gratuite contre le attaquant.
../TacticsCards/GENERIC CARDS/Tactical Deployment.png;Tactical Deployment;Gang Tactics;"Play during the pre-battle sequence during

Step 5. Choose Crews.

If the scenario uses Random (X) crew selection,
you may re-select any fighters of your choice.
Shuffle the cards back into your deck and redraw
that number of cards. The second draw stands,
even if the same fighters are drawn again.";Déploiement tactique;Générique;Jouez cette tactique pendant la séquence d’avant-bataille, étape 5. Choisissez les combattants. Si le scénario utilise la règle random selection(X), vous pouvez re-tirer les combattants. Mélangez les cartes dans votre deck et re-piochez le même nombre de cartes. Le deuxième tirage est maintenu, même si les mêmes combattants sont à nouveau.
../TacticsCards/GENERIC CARDS/Tainted Meat.png;Tainted Meat;Gang Tactics;"| Play this card immediately after it has been
drawn during step 7 of the pre-battle
sequence.

Nominate one fighter from your opponent's
starting crew. That fighter starts this battle
with one Flesh Wound.";Viande contaminée;Générique;Jouez cette tactique immédiatement après qu'elle ait été tiré lors de l'étape 7 de la séquence pré-bataille. Nommez un combattant parmi ceux du gang adverse. Ce combattant commence cette bataille avec une Blessure Légère (Flesh wound).
../TacticsCards/GENERIC CARDS/Take the Initiative.png;Take the Initiative;Gang Tactics;"Play this card at the start of the round before

rolling for Priority.

Your gang has Priority this round. If |
multiple gangs play this card then they must

roll off to see who has Priority as normal

|

|";Prendre l’initiative;Générique;Jouez cette tactique au début du round avant tester pour la priorité. Votre gang a la priorité ce tour-ci. Si plusieurs gangs jouent cette carte alors ils doivent tester pour voir qui a la priorité comme d’habitude
../TacticsCards/GENERIC CARDS/Tech Override.png;Tech Override;Gang Tactics;"Play this card when a friendly fighter makes an
Access Terminal action or Bypass Lock action, or
when rolling to see if a friendly fighter triggers a
booby trap.

If making an Access Terminal action or Bypass
Lock action, the intelligence check is passed
automatically. If rolling to see whether a booby
trap is triggered, you can choose the result
instead of rolling.";Contournement technique;Générique;Jouez cette tactique lorsqu'un combattant allié fait une action Access terminal ou Bypass lock, ou lors d’un test determinant si un combattant allié déclenche un piège. Si c’est une action Access terminal ou Bypass lock, le est automatiquement réussi. Si vous tester pour determiner si un piège est déclenché, vous pouvez choisir le résultat.
../TacticsCards/GENERIC CARDS/They_re Everywhere!.png;They're Everywhere!;Gang Tactics;"| Play this card instead of activating a fighter.
Each enemy fighter who is within 4"" of

two or more fighters from your gang must |
make a Cool check. If the check is failed, the
enemy fighter is Pinned.";Ils sont partout !;Générique;Jouez cette tactique au lieu d'activer un combattant. Chaque combattant ennemi se trouvant à 4 » ou moins de deux combattants ou plus de votre gang doit faire un test de Cool. Si le test échoue, le le combattant ennemi est Prone.
../TacticsCards/GENERIC CARDS/Thundering Charge.png;Thundering Charge;Gang Tactics;"Play when a fighter makes a Charge action,
before they move.

Double the fighter’s Move instead of adding
1D EI";Charge tonitruante;Générique;Jouez cette tactique lorsqu’un combattant effectue une action de Charge, avant son déplacement. Doublez le Mouvement du combattant au lieu d’ajouter 1D3.
../TacticsCards/GENERIC CARDS/Trap Chute.png;Trap Chute;Gang Tactics;"Play when an enemy model crawls through a
ductway.

The enemy model is placed by the enemy player
within 1"" of a randomly chosen ductway with 18""
of their current location. If there are no other
ductway markers in this then the model is
removed for D3 rounds. When they return to
play, place them within 1"" of the ductway they
were crawling through.";Trappe piégée;Générique;"Jouez cette tactique lorsqu'un combattant ennemi rampe à travers un canalisation. Vous pouvez placer le combattant ennemi à 1"" ou moins d'un autre conduit choisi au hasard dans les 18"" de son emplacement actuel. S'il n'y a pas d’autre canalisations, le combattant est retiré D3 tours. Quand il revient, place le dans les 1"" du conduit au travers duquel il rampait."
../TacticsCards/GENERIC CARDS/Trapped Console.png;Trapped Console;Gang Tactics;"| Play this card when an enemy fighter
interacts with a console, before the end of
the action.

Centre the 3” blast marker on the enemy
fighter. All models under the marker suffer a
Strength 3, AP -, Damage 1 hit.";Console piégée;Générique;"Jouez cette tactique lorsqu'un combattant ennemi interagit avec une console, avant la fin de l'action. Centrez le gabarit 3"" sur ce combattant. Toutes les figurines sous le gabarit subissent une touche automatique Force 3, AP -, Dégâts 1."
../TacticsCards/GENERIC CARDS/Trusty Backup.png;Trusty Backup;Gang Tactics;"| Play this card when activating a fighter.
Put this card under the active fighter's
Fighter card. Until the end of the battle, |
this fighter has an additional stub gun.";Renfort fiable;Générique;Jouez cette tactique lors de l'activation d'un combattant. Jusqu'à la fin de la bataille, ce combattant a un stub gun supplémentaire.
../TacticsCards/GENERIC CARDS/Unnerving Whispers.png;Unnerving Whispers;Gang Tactics;"| Play this card instead of activating a fighter.

|

An enemy fighter of your choice must pass
_a Willpower check at -2 or become subject _
to the Insanity condition. Place an Insanity
marker on the fighter and immediately roll

_a D6 on the Insanity table (see page 60 of
the Necromunda Rulebook).";Chuchotements troublants;Générique;Jouez cette tactique au lieu d'activer un combattant. Un combattant ennemi de votre choix doit passer un test de Willpower avec un malus de -2 ou devenir sujet à la condition Insane. S’il rate son test, lancez immédiatement sur la table de folie.
../TacticsCards/GENERIC CARDS/Unstable Energy.png;Unstable Energy;Gang Tactics;"| Play this card when an enemy fighter armed
with a las, plasma or melta weapon of any
type makes an attack with that weapon.

For the remainder of this round, all enemy
weapons of the same type (las, plasma or
melta) gain the Unstable trait if they do not
already have it. If they already have the
Unstable trait, they gain the Scarce trait.";Énergie instable;Générique;Jouez cette tactique lorsqu'un combattant ennemi attaque avec une arme las, plasma ou melta. Pour le reste du tour, tous les ennemis armés du même type (las, plasma ou melta) gagnent le trait Unstable s'ils l’ont pas déjà. S'ils ont déjà le trait Unstable, ils acquièrent le trait Scarce.
../TacticsCards/GENERIC CARDS/Vacuum Chamber.png;Vacuum Chamber;Gang Tactics;"Zone Mortalis only. |
Place this card when a door is opened. |
All models within 12” of the opening door
are immediately moved D6"" toward the
doorway. |";Chambre à vide;Générique;"Zone Mortalis uniquement. Placez cette carte lorsqu'une porte est ouverte. Tous les figurines à au moins 12"" de la porte qui s'ouvre sont immédiatement déplacés de D6"" vers le porte."
../TacticsCards/GENERIC CARDS/Veiled Threat.png;Veiled Threat;Gang Tactics;"| Play this card during any Action phase, after
Fleeing the Battlefield but before

Activating Fighters.

Choose a friendly fighter. For the remainder
of this round, that fighter cannot be targeted
by a ranged attack unless they are the only
visible target.";Menace voilée;Générique;Jouez cette tactique pendant une phase d’Action, après les tests de déroute mais avant l’activation des combattants. Choisissez un combattant allié. Pour le reste de ce tour, ce combattant ne peut pas être ciblé par une attaque à distance, à moins qu'il ne soit la seule cible visible.
../TacticsCards/GENERIC CARDS/Violent-Minded.png;Violent-Minded;Gang Tactics;"| Play this card when activating a fighter.

This turn, the fighter can make an

additional action (usually three rather than |
two), as long as at least one of their actions is
Shoot or Fight.";Esprit violent;Générique;Jouez cette tactique lors de l'activation d'un combattant. Ce tour-ci, le combattant peut faire une action supplémentaire (généralement trois au lieu de deux), à condition qu'au moins une de leurs actions soit Shoot ou Fight.
../TacticsCards/GENERIC CARDS/What_s a few Teeth.png;What's a few Teeth?;Gang Tactics;"| Play this when a friendly fighter suffers a
Flesh Wound.

The Flesh Wound is ignored. Any other |
effects of the injury still apply.";Quelques dents, qu’est-ce que c’est ?;Générique;Jouez cette tactique lorsqu'un combattant allié subit un Blessure Légère (Flesh wound). La Blessure Légère est ignorée. Tout autre les effets de la blessure s’appliquent toujours.
../TacticsCards/GENERIC CARDS/Wrong Again.png;Wrong Again;Gang Tactics;"| Play when one of your fighters is hit by a
ranged attack.

Choose any other friendly fighter within |
range and line of sight of the attacking
model. This chosen fighter becomes the

new target for the attack, which is resolved

as normal,";Encore raté;Générique;Jouez cette tactique lorsqu'un de vos combattants est touché par un attaque à distance. Choisissez un autre combattant allié dans la portée et la ligne de vue de l'attaquant. Ce combattant choisi devient le nouvelle cible de l'attaque, qui est résolue comme d'habitude,
../TacticsCards/GENERIC CARDS/You!.png;You!;Gang Tactics;"Play this card when activating a fighter.

Choose an enemy model with line of sight to the
fighter you have just activated. For the
remainder of the game, any ranged or melee
attacks made by this fighter against the
nominated enemy gain +1 on the wound roll.
The fighter can only make ranged and melee
attacks against the nominated enemy until that
enemy has been taken Out of Action.";Toi !;Générique;Jouez cette tactique lors de l'activation d'un combattant. Choisissez un combattant ennemi avec une ligne de vue vers le combattant que vous venez d'activer. Pour le reste de la bataille, les attaques à distance ou en mêlée menées par ce combattant contre le l'ennemi désigné gagne +1 au jet de blessure (wound roll). Le combattant ne faire des attaques a distances ou en mêlées que contre cette ennemi, jusque’à ce qu’il ait été mis hors combat.
../TacticsCards/GENERIC CARDS/You’re coming with Me!.png;You're coming with Me!;Gang Tactics;"| Play when a fighter is taken Out of Action

by aclose combat attack.

The chosen fighter may make a single close ©
combat attack against the enemy that took
them Out of Action. They are then removed
from play as normal.";Tu viens avec moi !;Générique;Jouez cette tactique lorsqu'un combattant est mis Out of Action par une attaque de combat rapproché. Le combattant choisi peut effectuer une seule attaque de mêlée contre l'ennemi qui l’a mis hors combat. Il est ensuite retiré du jeu normalement.
../TacticsCards/GOLIATH/ They’re only Bullets!.png;| They're only Bullets!;Goliath Tactics;"Play this gang tactic during the Priority phase of
any round, after Roll for Priority but before
Ready Fighters.

Until the End phase of this round, all friendly
House Goliath fighters that are within 6"" of,
and have a line of sight to, a friendly House
Goliath Leader or Champion gain the Nerves

of Steel skill.";Ce ne sont que des balles !;Goliath;"Jouez cette tactique pendant la phase de priorité, après le lancer, avant l’activation des combattants. Jusqu'à la phase de fin de ce tour, tous les combattants de Goliath qui se trouvent à au moins 6"" de, et avec une ligne de vue vers un leader ou un champion Goliath gagne la compétence Nerve of steel."
../TacticsCards/GOLIATH/Anything_s a Weapon.png;Anything's a Weapon;Goliath Tactics;"| One of your fighters can spend an action to
play this card.

Tuck this card under the fighter's card. |
While it is there, the fighter’s unarmed
attacks receive +1 strength and AP -1.";Tout est une arme;Goliath;Un de vos combattants peut dépenser une action pour jouez cette carte. Glissez cette carte sous celle du combattant. Tant qu'elle est là, les attaques non armées du combattant gagnent +1 en force et AP -1.
../TacticsCards/GOLIATH/Apprentice.png;Apprentice;Goliath Tactics;"Play after both sides have deployed, but before
the first round. Choose a friendly Goliath
Champion and Juve /Prospect. For this battle the
Champion gains Overseer. It can only be used to
activate the Apprentice. If they already has it, the
Order (Double) actions becomes (Basic) when
used to activate the Apprentice. Alternatively they
may gain Mentor. It can only be used when the
Apprentice gains an XP. If the they already has
it, they can use it as normal, but automatically
pass any Ld checks made for the Apprentice.";Apprenti;Goliath;Jouez cette tactique après que les deux camps se soient déployés, avant le premier tour. Choisissez un champion  et un Juve/Prospect Goliath. Pour cette bataille, le Champion gagne la compétence Overseer. Elle ne peut être utilisée que pour activer l'apprenti. S'il l'a déjà, les actions (double) deviennent (de base) lorsque utilisé par l’apprenti. Alternativement, il peut gagner la compétence Mentor qui ne peut être utilisée que lorsque le L'apprenti gagne de l’XP. S'il l'a déjà il, ils peuvent l'utiliser normalement, mais réussi automatiquement tous les tests de Ld effectués pour l'apprenti.
../TacticsCards/GOLIATH/Blade Breaker.png;Blade Breaker;Goliath Tactics;"| Play this card when one of your fighters is
hit, but not wounded by a close combat
weapon that does not have the Power trait.
The close combat weapon (pick one if the
fighter was hit but not wounded by more
than one) cannot be used for the rest of the
battle.";Brise-lame;Goliath;Jouez cette tactique lorsqu'un de vos combattants est touché, mais pas blessé par une arme de combat rapproché arme qui n’a pas le trait Power. L'arme de combat rapproché (choisissez-en une si le combattant a été touché plus d’une arme) ne peut plus être utilisée pour le reste de la bataille.
../TacticsCards/GOLIATH/Boost Up.png;Boost Up;Goliath Tactics;"Play this gang tactic when activating a friendly
House Goliath fighter.

This fighter can perform a Boost (Double)
action:

Boost (Double): Choose a single Standing and
Active friendly fighter that is within 2"" of this
fighter. That fighter may immediately be moved
up to 6"" vertically and 1"" horizontally.";Coup de pouce;Goliath;"Jouez cette tactique lors de l'activation d'un combattant Goliath. Ce combattant peut effectuer une action Boost (Double) : Choisissez un combattant allié actif qui se trouve à au moins 2"". Ce combattant peut être immédiatement déplacé jusqu'à 6"" verticalement et 1"" horizontalement."
../TacticsCards/GOLIATH/Brutal Charge.png;Brutal Charge;Goliath Tactics;"| Play this card when one of your fighters
makes a Charge action.

For the duration of the action, the fighter's |
Movement characteristic is increased by 2"",
and their Attacks characteristic is increased
by 1. In addition, any attacks they make gain
the Knockback trait.";Charge brutale;Goliath;"Jouez cette tactique lorsqu'un de vos combattants effectue une action Charge. Pendant toute la durée de l'action, la caractéristique de mouvement est augmentée de 2"", et la caractéristique d'attaques est augmentée de 1. De plus, toutes les attaques qu'ils effectuent gagnent le trait Knockback."
../TacticsCards/GOLIATH/Ceramite Skin.png;Ceramite Skin;Goliath Tactics;"| Play this card when a fighter is hit by an
attack with the Blaze trait.
The fighter is not pinned and the attack |
causes no damage.";Peau de Céramite;Goliath;Jouez cette tactique lorsqu'un combattant est touché par un attaque avec le trait Blaze. Le combattant n'est pas Pinned et l'attaque ne provoque aucun dommage.
../TacticsCards/GOLIATH/Crunch Time.png;Crunch Time;Goliath Tactics;"Play this gang tactic during the Priority

phase of any round, after Roll for Priority,

but before Ready Fighters.

Untul the End phase of this round, all
unarmed attacks made by friendly fighters

| gain +1 S and the Pulverise trait.

|";Moment critique;Goliath;Jouez cette tactique pendant la phase de priorité d’un tour, après le lancer de priorité, mais l’activation des combattants. Jusqu'à la phase de fin de ce tour, toutes les attaques à mains nues lancées par des combattants alliés gagne +1 S et le trait Pulverise.
../TacticsCards/GOLIATH/Fireborn.png;Fireborn;Goliath Tactics;"| Play this gang tactic at the start of the battle,
after both sides have deployed but before
the first round.
Choose up to three House Goliath fighters
in your starting crew. Until the end of this
battle, the chosen fighters become immune
to both the Blaze and the Rad-phage traits.";Né du feu;Goliath;Jouez cette tactique au début de la bataille, après que les deux camps se soient déployés mais avant le premier tour. Choisissez jusqu'à trois combattants Goliath dans votre gang de départ. Jusqu'à la fin de ça bataille, les combattants choisis deviennent immunisés aux traits Blaze et Rad-phage.
../TacticsCards/GOLIATH/Genetically Gifted.png;Genetically Gifted;Goliath Tactics;"Play this gang tactic at the start of the
Deployment step of the pre-battle sequence
before any fighters have been deployed.

Choose a House Goliath fighter in your starting
crew. Until the end of this battle, that fighter
gains one additional genetic upgrade of your
choice. This must be from the same category as
that fighter's chosen subtype but does not affect
their credit cost.";Génétiquement doué;Goliath;Jouez cette tactique au début de l’étape de déploiement avant que des combattants aient été déployés. Choisissez un combattant Goliath dans votre gang de départ. Jusqu'à la fin de cette bataille, ce combattant gagne une amélioration génétique supplémentaire de votre choix. Celle-ci doit appartenir à la même catégorie que le sous-type choisi par ce combattant mais n'affecte pas son coût en crédit.
../TacticsCards/GOLIATH/Get ‘Em!.png;Get ‘Em!;Goliath Tactics;"Play this gang tactic during the Priority phase of
any round, after Roll for Priority but before
Ready Fighters.

Until the End phase of this round, all friendly
House Goliath fighters activated as part of

a Group Activation may add 2"" to their
Movement characteristic during their Activation.";Chopez-les !;Goliath;"Jouez cette tactique pendant la phase de priorité de un tour, après le lancer de priorité mais avant activation des combattants. Jusqu'à la phase de fin de ce tour, tous les combattants Goliath activés dans le cadre d’une activation de groupe peuvent ajouter 2"" à leur caractéristique de mouvement lors de leur activation."
../TacticsCards/GOLIATH/Hammer Blow.png;Hammer Blow;Goliath Tactics;"Play this gang tactic during the Priority
phase of any round, after Roll for Priority
but before Ready Fighters.

Until the End phase of this round, all
friendly House Goliath fighters' weapons
with the Melee trait gain the Knockback
‘trait.";Coup de marteau;Goliath;Jouez cette tactique pendant la phase de priorité d’un tour, après le lancer de priorité mais avant d’activer les combattants. Jusqu'à la phase de fin de ce tour, toutes les armes des combattants Goliath avec le trait Melee, obtiennent le trait Knockback.
../TacticsCards/GOLIATH/Improvised Projectile.png;Improvised Projectile;Goliath Tactics;"Play this gang tactic when activating a friendly
House Goliath fighter.

Choose one of the fighter's weapons with the
Melee trait. Until the end of this fighter's
activation, that weapon gains both a Long range
characteristic of 4"" and the Versatile trait.
However, until the End phase of this round, this
fighter cannot make a Reaction attack with that
weapon.";Projectile improvisé;Goliath;"Jouez cette tactique lors de l'activation d'un combattant Goliath. Choisissez une des armes du combattant avec le trait Melee. Jusqu'à la fin de l’activation de ce combattant, cette arme gagne à la fois une longue portée de 4"" et le trait Versatile. Cependant, jusqu'à la phase de fin de ce tour, ce combattant ne peut pas faire d’attaque de réaction avec cette arme."
../TacticsCards/GOLIATH/Inhuman Resilience.png;Inhuman Resilience;Goliath Tactics;"| Play this card instead of activating a fighter
on your turn.

Each of your Pinned fightersimmediately _
stands up. Then make a Recovery roll for
each Injured fighter in your gang, treating
Out of Action results as Seriously Injured.";Résilience inhumaine;Goliath;Jouez cette tactique au lieu d'activer un combattant à ton tour. Chacun de vos combattants Pinned se lève immédiatement. Effectuez ensuite un Recovery test pour chaque combattant blessé de votre gang, traitez les résultats Out of action, comme des résultats Seriously injured.
../TacticsCards/GOLIATH/Ironhide.png;| tronhide;Goliath Tactics;"| Play when one of your fighters is wounded
by an attack that causes more than

1 Damage.

The attack only causes 1 Damage. In
addition, if the fighter is pinned after the
attack has been resolved they return to
standing.";Peau de fer;Goliath;Jouez cette tactique lorsqu'un de vos combattants est blessé par une attaque qui cause plus de 1 Dommages. L'attaque ne cause qu'1 Dégât. De plus, si le combattant est Pinned après que l'attaque ait été résolue, il se remet debout.
../TacticsCards/GOLIATH/Knockout Blow.png;Knockout Blow;Goliath Tactics;"| Play this card when a fighter makes close
combat attacks before rolling to hit.

Any wound rolls for this fighter's attacks are —
automatically successful - no dice roll is
required.";Coup de grâce;Goliath;Jouez cette tactique lorsqu'un combattant effectue des attaques en combat rapproché, avant de tester pour toucher. Tous les jets de blessure pour les attaques de ce combattant sont automatiquement réussies - aucun lancer de dé n'est requis.
../TacticsCards/GOLIATH/Named and Shamed.png;Named and Shamed;Goliath Tactics;"Play this card at the start of the Deployment step
before any fighters have been deployed. Your

ang may immediately recruit up to two Goliath
faves They are recruited for free but will leave
the gang at the end of this battle. Each fighter is
equipped with a maul and either a stimm-slug
stash or a frenzon collar. These fighters are not
counted towards your maximum crew size - they
are taken in addition to your starting crew. If you
do not have models available to represent them,
you may discard this card and select another.";Nommé et humilié;Goliath;Jouez cette tactique au début de l'étape de déploiement avant que des combattants aient été déployés. Votre gang peut recruter immédiatement jusqu'à deux Goliath Juves. Ils sont recrutés gratuitement mais quitteront le gang à la fin de cette bataille. Chaque combattant est équipé d'un maul et soit d'un stimm-slug stash ou soit d’un Frenzon collar. Ces combattants ne sont pas comptés dans la taille maximale de votre gang - ils sont recrutés en plus de votre gang de départ.
../TacticsCards/GOLIATH/Not Done Yet.png;Not Done Yet;Goliath Tactics;"Play when a fighter from your gang is taken out
of action.

Tuck this card under the fighters card, they are
not removed from play. If they were prone, they
return to standing. They go out of action after
they are next activated and take a turn or when
they suffer another unsaved wound, whichever
comes first.";Pas encore fait;Goliath;Jouez cette tactique lorsqu'un combattant de votre gang est mis Out of action. Glissez cette carte sous la carte du combattants, il n’est pas retiré du jeu. S'il était Prone, il se remet debout. Il est mis Out of action à la fin de sa prochaine activation ou s’il subit une autre blessure non sauvegardée.
../TacticsCards/GOLIATH/One Last Go.png;One Last Go;Goliath Tactics;"Play this gang tactic when one of your House
Goliath fighters is taken Out of Action by an
attack made with a ranged weapon.

Before removing the fighter from the battlefield,
they may immediately make a Charge (Double)
action. After this action is resolved, the fighter
goes Out of Action as normal.";Un dernier effort;Goliath;Jouez cette tactique lorsqu'un membre de votre gang Goliath est mis Out of action par une attaque effectuée avec une arme à distance. Avant de retirer le combattant du champ de bataille, il peut immédiatement effectuer une Charge (Double). Une fois cette action résolue, le combattant est mis Out of action.
../TacticsCards/GOLIATH/Second Wind.png;Second Wind;Goliath Tactics;"Play instead of activating a fighter.
Remove a flesh wound from any fighter's
card.";Deuxième souffle;Goliath;Jouez cette tactique au lieu d'activer un combattant. Retirez une Blessure Légère d'un combattant.
../TacticsCards/GOLIATH/Steel Constitution.png;Steel Constitution;Goliath Tactics;"Play instead of activating a fighter.

Choose one of your fighters and tuck this

card under their fighter card. Until the end of
the round, this fighter cannot be affected by
weapons with the Gas or Toxin trait, and their
Strength and Toughness are used at their

full value, regardless of any modifiers
(including flesh wounds).";Constitution d’acier;Goliath;Jouez cette tactique au lieu d'activer un combattant. Choisissez un de vos combattants et placez cette carte sous la sienne. Jusqu'à la fin de ce tour, ce combattant ne peut pas être affecté par les armes avec le trait Gas ou Toxin. De plus sa Strength et sa Toughness sont utilisées à leur valeur normales, quels que soient les modificateurs (y compris les Blessures Légères).
../TacticsCards/GOLIATH/Stimm Overload.png;Stimm Overload;Goliath Tactics;"Play this card when activating a fighter.
This fighter counts a Charge
(Double) action as a Basic action this turn.";Surcharge de stimm;Goliath;Jouez cette tactique lors de l'activation d'un combattant. Ce combattant compte les actions Charge (Double) comme (basic) ce tour-ci.
../TacticsCards/GOLIATH/Stimm Reserve.png;Stimm Reserve;Goliath Tactics;"Play this gang tactic when activating any friendly
fighter.

Choose one friendly fighter that is currently on
the battlefield. Until the end of this battle, that
fighter's Strength characteristic is increased by
D3, However, until the end of this battle, that
fighter's Toughness characteristic is decreased
by 1. Note that if this decrease in Toughness
reduces that fighter's Toughness to 0, they will
go Out of Action as normal.";Réserve Stimm;Goliath;Jouez cette tactique lors de l'activation d'un combattant allié. Choisissez un combattant sur le champ de bataille. Jusqu'à la fin de la bataille, sa caractéristique de Strength est augmentée de D3, Cependant, jusqu'à la fin de la bataille, sa la caractéristique de Toughness est diminuée de 1. Notez que si cette diminution réduit la Toughness de ce combattant à 0, il sera mis Out of action.
../TacticsCards/GOLIATH/Stimm Surge.png;Stimm Surge;Goliath Tactics;"Play this card when activating a fighter.

Tuck this card under the Fighter's card. While it
is there , the fighter's Move, Strength and
Toughness are each increased by 1. In each End
phase, roll a D6. On a 1, the card is discarded
and an Injury roll is made for the fighter, using a
Damage of 2. On a 2, the card is discarded.

On a 3, the fighter suffers a Flesh Wound but
the card remains in play.";Poussée de stimm;Goliath;Jouez cette tactique lors de l'activation d'un combattant. Glissez cette carte sous la carte du Combattant. Tant qu'elle là, le mouvement, la Strength et la Toughness du combattant sont augmentée de 1. À chaque phase de fin, lancez un D6. Sur un 1, défaussez la carte, le combattant subit une blessure automatique sans sauvegarde Damage 2. Sur un 2, la carte est défaussée. Sur un 3, le combattant subit une Flesh wound mais la carte reste en jeu.
../TacticsCards/GOLIATH/Subconscious Mnemonics.png;Subconscious Mnemonics;Goliath Tactics;"Play this gang tactic at the start of the
Deployment step of the pre-battle sequence
before any fighters have been deployed.

Choose a friendly House Goliath Leader or
Champion with two or more skills. For the
remainder of this battle, that fighter may
exchange one of their skills for another skill of
the same skill set. The controlling pee chooses
which skill is replaced and which skill it is
replaced with.";Mnémoniques subconscients;Goliath;Jouez cette tactique au début de l’étape de déploiement, avant que des combattants aient été déployés. Choisissez un leader ou un champion Goliath avec deux compétences ou plus. Pour le reste de la bataille, ce combattant peut échanger une de ses compétences contre une autre compétence du même ensemble de compétences.
../TacticsCards/GOLIATH/Tempered in Battle.png;Tempered in Battle;Goliath Tactics;"Play this gang tactic when a friendly House
Goliath fighter takes an enemy fighter

Out of Action with a close combat attack

or by performing a Coup De Grace. For the
remainder of this battle, the fighter that took
the enemy fighter Out of Action gains the
Fearsome skill. In addition, for the remainder of
this battle, this fighter gains +1 XP when they
take an enemy fighter Out of Action with either
a close combat attack or by performing a Coup
De Grace.";Trempé au combat;Goliath;Jouez cette tactique lorsqu’un combattant Goliath met un combattant ennemi Out of action avec une attaque au corps à corps ou en exécutant un Coup de Grâce. Pour le reste de la bataille, ce combattant gagne la compétence Fearsome. De plus, pour le reste de la bataille, ce combattant gagne +1 XP lorsqu'il met un combattant ennemi Out of action avec une attaque au corps à corps ou en effectuant un Coup de Grâce.
../TacticsCards/GOLIATH/The Hand that Feeds You.png;The Hand that Feeds You;Goliath Tactics;"Play this card at the start of the Deployment step
of the pre-battle sequence before any fighters
have been deployed. The gang may recruit

a House Agent for this battle without needing to
make a Petition and without needing to pay

a hiring fee (i-e., this House Agent is hired for
free). If they do so, during the post-battle
sequence the gang gains no credits from scenario
rewards. If you do not have a model available to
represent this House Agent, you may discard this
card and select another.";La main qui vous nourrit;Goliath;Jouez cette tactique au début de l'étape de déploiement, avant que les combattants aient étés déployés. Le gang peut recruter gratuitement un House Agent pour cette bataille. Cependant, à la séquence d'après-bataille, le gang ne gagne aucun crédits parmi les récompenses du scénario.
../TacticsCards/GOLIATH/Unleash the Fear.png;Unleash the Fear;Goliath Tactics;"Play this gang tactic when a friendly Goliath
fighter performs the Flex (Simple) action.

All enemy fighters within 6"" of, and with a line
of sight to, the fighter performing the

Flex (Simple) action must immediately make

a Cool check. If the check is passed, this gang
tactic has no further effect. If the check is failed,
they become Broken.";Libérer la peur;Goliath;"Jouez cette tactique lorsqu'un Goliath effectue l’action Flex (Simple). Tous les combattants ennemis à au moins 6"" et avec une ligne de vue doivent immédiatement faire un test de Cool. Si le test est réussi, la tactique n’a aucun effet. Si le test échoue, ils deviennent Broken."
../TacticsCards/GOLIATH/Unstoppable Behemoth.png;Unstoppable Behemoth;Goliath Tactics;"| Play this card after an attack is made against
on of your fighters, before the Injury roll
(if any) is made.

The attack has no further effect - no Injury
roll is made. In addition, if your fighter is
pinned, they immediately stand up.";Béhémoth imparable;Goliath;Jouez cette tactique après une attaque contre l'un de vos combattants, avant l’Injury roll. L'attaque n'a aucun autre effet - n’effectuez pas d’Injury roll. De plus, si votre combattant est Pinned, il se relève immédiatement.
../TacticsCards/GOLIATH/Vat Twin.png;Vat Twin;Goliath Tactics;"Play this card at the start of the battle, after both
sides have deployed but before the first round.
Choose two Goliath fighters in your starting crew
to be Vat Twins. If, during the battle, one of
them is taken Out of Action, the other removes
any Flesh Wounds it has and gains Berserker,
Nerves of Steel and Unstoppable skills until the
end of this battle. If both fighters are targeted by
the same attack, fully resolve it against both
before applying this card; both fighters may go
Out of Action.";Jumeau de cuve;Goliath;Jouez cette tactique au début de la bataille, après que les deux les équipes se sont déployées mais avant le premier tour. Choisissez deux combattants Goliath de votre gang pour devenir des Vat Twins. Si, pendant la bataille, l'un est mis Out of action, l'autre supprime toutes les Flesh wound qu'il a et gagne les traits Berserker, Nerve of steel et Unstoppable jusqu'au fin de la bataille. Si les deux combattants sont visés par la même attaque, résolvez-la entièrement avant d'appliquer cette carte.
../TacticsCards/GOLIATH/Walking Fortress.png;Walking Fortress;Goliath Tactics;"Play this gang tactic when activating any |
friendly fighter.

Place a Furnace Barricade (see page 111 |
of Necromunda: House of Chains) within

1"" of the fighter. The fighter's activation ther
ends.";Forteresse ambulante;Goliath;"Jouez cette tactique lors de l'activation d'un combattant allié. Placez une Furnace barricade (voir page 111 de Necromunda : House of chains) dans les 1"" du combattant. Puis l'activation du combattant se termine."
../TacticsCards/GOLIATH VEHICLES/'ead As Thick As.png;"""ead As Thick As Their Rig";Goliath Vehicle Tactics;"Play this gang tactic when a friendly vehicle is
Wrecked before rolling on the Lasting Injury
table for the crew.

Do not roll on the table; the result is
automatically Out Cold.";Tête aussi dure que leur engin;Véhicules Goliath;Jouez cette tactique lorsqu'un véhicule allié est détruit, ne faite pas de test de Lasting injury pour l'équipage. Le résultat est automatiquement Out cold.
../TacticsCards/GOLIATH VEHICLES/Batter Up.png;Batter Up;Goliath Vehicle Tactics;"Play this gang tactic when activating a friendly
fighter subject to the Mounted condition before
performing any actions.

For the duration of this activation, any close
combat attacks made by the fighter gain

the Knockback trait.";À la batte;Véhicules Goliath;Jouez cette tactique lors de l'activation d’un combattant allié Mounted, avant effectuer ses actions. Pendant la durée de cette activation, toutes les attaques de combat rapprochée du combattant gagnent le trait Knockback.
../TacticsCards/GOLIATH VEHICLES/Bowlin’ Action.png;| Bowlin’ Action;Goliath Vehicle Tactics;"Play this gang tactic when activating a friendly
vehicle before performing any actions.

For the duration of this activation, the vehicle
treats the Ram (Double) action as a Simple
action.";Action de bowling;Véhicules Goliath;Jouez cette tactique lors de l'activation d'un véhicule allié, avant d’effectuer ses action. Pendant la durée de cette activation, le véhicule traite l'action Ram (Double) comme une action simple.
../TacticsCards/GOLIATH VEHICLES/Can Openers.png;Can Openers;Goliath Vehicle Tactics;"Play this gang tactic at the beginning of the battle
before the first roll for Initiative.

For the duration of the battle, D3 weapons with
the Melee trait add 1 to their Damage
characteristic while targeting vehicles.";Ouvre-boîtes;Véhicules Goliath;Jouez cette tactique au début de la bataille avant le premier jet d’Initiative. Pour la durée de la bataille, D3 armes avec le trait Melee ajoute 1 à leurs caractéristique de dégâts lorsqu’elles ciblent les véhicules.
../TacticsCards/GOLIATH VEHICLES/Cheap Construction.png;Cheap Construction;Goliath Vehicle Tactics;"Play this gang tactic during the post-battle
sequence when performing the Negotiate Repairs
post-battle action.

Reduce the cost of one Negotiate Repairs action
by 50%, rounding up to the nearest 5 credits.";Construction bon marché;Véhicules Goliath;Jouez cette tactique pendant la séquence d’après-bataille, lors de la négociation des réparations. Réduisez le coût d’une action de réparation de 50 %, en arrondissant aux 5 crédits les plus proches.
../TacticsCards/GOLIATH VEHICLES/Drive It Off.png;Drive It Off;Goliath Vehicle Tactics;"Play this gang tactic after a friendly vehicle is hit
by a ranged attack, before rolling to wound.
The vehicle makes a Toughness check on the
facing that is being hit; if the check is passed,
the vehicle is not hit by the attack.";Repoussez-le;Véhicules Goliath;"Jouez cette tactique après qu'un véhicule allié soit touché par une attaque à distance, avant le jet de blessure. Le véhicule effectue un test d'endurance avec la face touchée; si le test est réussi, le véhicule n'est pas affecté par l'attaque."
../TacticsCards/GOLIATH VEHICLES/Hardened Chassis.png;Hardened Chassis;Goliath Vehicle Tactics;"Play this gang tactic when a friendly vehicle is
Wrecked before rolling on the Lasting Damage
table.

Do not roll on the table; the result is
automatically a 1 - Persistent Rattle.";Châssis durci;Véhicules Goliath;Jouez cette tactique lorsqu'un véhicule allié est détruit, ne faite de jet de Lasting injuries. Le résultat est automatiquement un 1 Persistent rattle.
../TacticsCards/GOLIATH VEHICLES/King of the Wastes.png;King of the Wastes;Goliath Vehicle Tactics;"Play this gang tactic during the post-battle
sequence when receiving scenario rewards.
If at least one cngy vehicle is still on the
battlefield, add 1 to the gang’s Reputation.";Roi des Désolations;Véhicules Goliath;Jouez cette tactique pendant la séquence d’après-bataille, lors de la réception des récompenses du scénario. Si au moins un véhicule allié non détruit est toujours sur le champ de bataille, ajoutez 1 à la réputation du gang.
../TacticsCards/GOLIATH VEHICLES/Last Gasp.png;Last Gasp;Goliath Vehicle Tactics;"Play this gang tactic when a friendly vehicle is
Wrecked before rolling on the Lasting Damage
table.

The vehicle may immediately make a free

Fire All (Basic) action.";Dernier souffle;Véhicules Goliath;Jouez cette tactique lorsqu'un véhicule allié est détruit, avant de faire le jet de Lasting injuries. Le véhicule peut immédiatement effectuer une action gratuite Fire all (basic).
../TacticsCards/GOLIATH VEHICLES/Lotsa Ammo!.png;Lotsa Ammo!;Goliath Vehicle Tactics;"Play this gang tactic at the beginning of the battle
before the first roll for Initiative.

For the duration of the battle, D3 weapons with
the Crew Operated trait lose the Scarce trait. If
they don't have the Scarce trait, they gain

the Plentiful trait instead.";Beaucoup de munitions !;Véhicules Goliath;Jouez cette tactique au début de la bataille avant le premier jet d’Initiative. Pour la durée de la bataille, D3 armes avec le trait Crew Operated perdent le trait Scarce. Si elles n'ont pas le trait Scarce, elles gagnent le trait Plentiful.
../TacticsCards/GOLIATH VEHICLES/Not So Fast.png;Not So Fast;Goliath Vehicle Tactics;"Play this gang tactic when an enemy vehicle
moves out of engagement range of a friendly
fighter.

The fighter may immediately make a free
Reaction attack against the vehicle.";Pas si vite;Véhicules Goliath;Jouez cette tactique lorsqu'un véhicule ennemi s'éloigne de la portée d'engagement d'un combattant allié. Le combattant peut immédiatement effectuer un attaque de réaction contre le véhicule.
../TacticsCards/GOLIATH VEHICLES/Power Through.png;Power Through;Goliath Vehicle Tactics;"Play this gang tactic when a friendly fighter
subject to the Mounted condition would become
Pinned.

The fighter makes a Strength check, if the check
is passed they do not become Pinned.";Passer en force;Véhicules Goliath;Jouez cette tactique lorsqu'un combattant allié Mounted deviendrait Pinned. Le combattant effectue un test de Force, si le test est réussi, il n’est pas Pinned.
../TacticsCards/GOLIATH VEHICLES/Reinforced Plates.png;Reinforced Plates;Goliath Vehicle Tactics;"Play this gang tactic at the beginning of the battle
before the first roll for Initiative.

For the duration of the battle, a friendly vehicle
increases its Front arc Toughness by 1.";Plaques renforcées;Véhicules Goliath;Jouez cette tactique au début de la bataille, avant le premier jet d’Initiative. Choisissez un véhicule allié. Pour la durée de la bataille, ce véhicule augmente sa Toughness frontale de 1.
../TacticsCards/GOLIATH VEHICLES/Roaring To Life.png;Roaring To Life;Goliath Vehicle Tactics;"Play this gang tactic when activating a friendly
vehicle that is Stalled before performing any
actions.

The vehicle immediately changes its Status to
Mobile.";Rugissement au démarrage;Véhicules Goliath;Jouez cette tactique lors de l'activation d'un véhicule allié qui est Stalled avant d'effectuer toute actions. Le véhicule change immédiatement son statut en Mobile.
../TacticsCards/GOLIATH VEHICLES/Superficial Damage.png;| Superficial Damage;Goliath Vehicle Tactics;"Play this gang tactic when a hit is being resolved
against a friendly vehicle before rolling Damage
dice.

For the duration of the hit, reduce the number

of Damage rolled by 1, to a minimum of 1.";Dégâts superficiels;Véhicules Goliath;Jouez cette tactique lorsqu'un véhicule allié est endommagé par une attaque, avant la résolution de dégâts. Réduisez le nombre de dégâts de 1, jusqu'à un minimum de 1.
../TacticsCards/GOLIATH VEHICLES/T-bone.png;T-bone;Goliath Vehicle Tactics;"Play this gang tactic when a friendly vehicle is
involved in a vehicle collision before resolving
hits.

For the duration of the collision, increase

the Strength of any hits caused by this vehicle
by 2.";Collision latérale;Véhicules Goliath;Jouez cette tactique lorsqu'un véhicule allié est impliqué dans une collision de véhicules, avant de résoudre les touches. Augmentez la force de tout coup causé par ce véhicule de 2.
../TacticsCards/GOLIATH VEHICLES/The Immovable Object.png;The Immovable Object;Goliath Vehicle Tactics;"Play this gang tactic when a friendly vehicle is
involved in a vehicle collision before moving any
models.

The vehicle is not moved as a result of

the collision.";L’objet immuable;Véhicules Goliath;Jouez cette tactique lorsqu'un véhicule allié est impliqué dans une collision de véhicule, avant de déplacer les modèles. Le véhicule n'est pas déplacé en raison de la collision.
../TacticsCards/GOLIATH VEHICLES/Wreck It!.png;Wreck It!;Goliath Vehicle Tactics;"Play this gang tactic at the beginning of any
round before rolling for Initiative.

Choose an nt vehicle; for the duration of the
round, all friendly models can re-roll failed hit
rolls against the vehicle.";Détruisez-le !;Véhicules Goliath;Jouez cette tactique au début d’un tour, avant de lancer pour l’Initiative. Choisissez un véhicule ennemi, pour la durée du round, toutes les figurines alliés peuvent relancer les touches ratés contre ce véhicule.
../TacticsCards/MISFITS/Blood Money.png;Blood Money;Venator Tactics;"| Play this card when an enemy Champion or
Leader is taken Out of Action.

Your gang immediately addsanumberof |
credits equal to half the Champion's or
Leader's cost (rounding up) to its stash.";L'argent du sang;Venator;Jouez cette tactique lorsqu'un champion ou un chef ennemi est mis Out of Action. Votre gang ajoute immédiatement à son butin un nombre de crédits égal à la moitié du coût du champion ou du chef (en arrondissant à l'unité supérieure).
../TacticsCards/MISFITS/Cult Ambush.png;Cult Ambush;Genestealer Cult Tactics;"Play this card immediately before |
deployment.

Your gang's deployment area is expanded by
3"" (in all directions), though cannot overlap
your enemy's deployment area.";Embuscade du Culte;Culte Genestealers;"Jouez cette tactique juste avant le déploiement. La zone de déploiement de votre gang est étendue de 3"" (dans toutes les directions), mais ne peut pas empiéter sur la zone de déploiement de votre adversaire."
../TacticsCards/MISFITS/Dark Blessings.png;Dark Blessings;Chaos Helots Tactics;"Play this card when your Demagogue is Seriously
Injured or taken Out of Action but before
removing the fighter from the board.

Make a Willpower check for the Demagogue. If
the check is passed, replace the Demagogue with
a Chaos Spawn. During the Wrap-up step, the
Chaos Spawn is removed from play and you must
test to see if the Demagogue succumbs their
injuries, as if they were Seriously Injured when
the battle ended.";Bénédictions sombres;Hilotes du Chaos;Jouez cette tactique lorsque votre Démagogue est Seriously injured ou mis Out of Action, mais avant de le retirer du plateau. Effectuez un test de Willpower pour le Démagogue. Si le test est réussi, remplacez le par un Engeance du Chaos. A la fin de la bataille, l’Engeance du Chaos est retirée du jeu et vous devez vérifier si le Démagogue succombe à ses blessures, comme s’il avait été Seriously injured à la fin de la bataille.
../TacticsCards/ORLOCK/Ambition.png;Ambition;Orlock Tactics;"Play this card when it is your turn to activate a
fighter.

Pick a Juve or a Ganger with a Ready marker.
For this turn only that fighter is treated as a
Leader for the purposes of activating groups - in
other words, if they are activated, you can
activate up to two other fighters within 4""

of them.";Ambition;Orlock;"Jouez cette tactique lorsque c'est votre tour d'activer un combattant. Choisissez un Juve ou un Ganger Ready. Pour ce tour uniquement, ce combattant est considéré comme un leader pour l’activation de groupes — en d'autres termes, s'il est activé, vous pouvez activer jusqu'à deux autres combattants situés à au moins 4"" de lui."
../TacticsCards/ORLOCK/Ammo Pack.png;Ammo Pack;Orlock Tactics;"Play this gang tactic instead of activating a fighter.
Choose a friendly Orlock fighter with the
Munitioneer skill. All friendly ngnices within 6""
and line of sight of that fighter that have the

Out of Ammo condition may immediately
perform a free Reload (Simple) action. A fighter
can perform this action even if they would
normally be unable to do so (eg, if their weapon
has the Scarce trait). Seriously Injured fighters
are not affected by this gang tactic.";Pack de munitions;Orlock;"Jouez cette tactique à la place d’activer un combattant. Choisissez un combattant Orlock allié doté de la compétence Munitioneer. Tous les combattants alliés situés à au moins 6"" et en ligne de vue de ce combattant qui sont Out of ammo peuvent immédiatement effectuer une action gratuite de Reload (Simple). Un combattant peut effectuer cette action même s’il ne le pourrait normalement pas (par exemple, si son arme possède le trait Scarce). Les combattants gravement blessés ne sont pas affectés par cette tactique."
../TacticsCards/ORLOCK/Beat Down.png;Beat Down;Orlock Tactics;"| Play at the start of any round.

For the duration of the round, all unarmed
close combat attacks made by your fighters _
that hit, automatically inflict a Flesh

Wounds unless a save roll is made. No
wound roll or injury roll is made.";Passage à tabac;Orlock;À jouer au début de n'importe quel tour. Pendant toute la durée du tour, toutes les attaques au corps à corps à mains nues effectuées par vos combattants qui touchent infligent automatiquement une blessure legère, à moins qu'un jet de sauvegarde ne soit réussi. Aucun jet de blessure ni de Injury roll n'est nécéssaire.
../TacticsCards/ORLOCK/Blood Brothers.png;Blood Brothers;Orlock Tactics;"Play this gang tactic at the start of the
Deployment step of the pre-battle sequence,
before any fighters have been cee nie:

The gang may recruit two Hive Scum for this
battle without needing to pay a hiring fee or
the cost of their weapons and Wargear. If they
do so, during the post-battle sequence the gang
gains only half the amount of credits from
scenario rewards. If you do not have models
available to represent these Hive Scum, you may
discard this gang tactic and select another.";Frères de sang;Orlock;Jouez cette tactique au début de la phase de déploiement, avant que les combattants ne soient déployés : Le gang peut recruter gratuitement deux Hive Scum pour cette bataille. S’il le fait, pendant la séquence d’après-bataille, le gang ne gagne que la moitié des crédits provenant des récompenses du scénario.
../TacticsCards/ORLOCK/Bond of Brotherhood.png;Bond of Brotherhood;Orlock Tactics;"| Play this card at the end of a friendly
fighter's turn, when they are within 3"" ofa
friendly fighter who is Seriously Injured.
The fighter can immediately make a Fight
(basic) or Shoot (basic) action. This is in
addition to the two other actions they can
make during their turn.";Lien de fraternité;Orlock;"Jouez cette tactique à la fin du tour d'un combattant allié, lorsqu'il se trouve à au moins 3"" d'un combattant allié Seriously injured. Le combattant peut immédiatement effectuer une action de Combat (basic) ou de Shoot (basic). Cela s'ajoute aux deux autres actions qu'il peut effectuer pendant son tour."
../TacticsCards/ORLOCK/Bond of Iron.png;Bond of lron;Orlock Tactics;"Play this gang tactic during the Priority phase of
any round, after Roll for Priority, but before
Ready Fighters.

Until the End phase of this round, all friendly
Orlock fighters with the Group Activation (X)
special rule can activate one additional fighter

as part of any Group Activation they make,

e.g., a fighter with Group Activation (2) can
activate three fighters instead.";Lien de fer;Orlock;Jouez cette tactique pendant la phase de priorité de n'importe quel tour, après le jet de priorité. Jusqu'à la phase de fin de ce tour, tous les combattants Orlock alliés bénéficiant de la règle spéciale Group activation (X) peuvent activer un combattant supplémentaire dans le cadre de n'importe quelle activation de groupe qu'ils effectuent, par exemple, un combattant avec Group activation (2) peut activer trois combattants à la place.
../TacticsCards/ORLOCK/Boom Boom Surprise.png;Boom Boom Surprise;Orlock Tactics;"Play this gang tactic instead of activating

a fighter.

Choose a Promethium Barrel Gang Terrain
feature that is within 8"" of a friendly fighter that
can see the chosen Promethium Barrel.

The barrel explodes; resolve the effects of

an attack with an incendiary charge centred on
the Promethium Barrel. After this g tactic is
resolved, remove the Promethium Barrel from
the battlefield.";Boum Boum Surprise;Orlock;"Jouez cette tactique à la place d’activer un combattant. Choisissez un élément de terrain Prometheum barrels situé à au moins 8"" d’un combattant allié qui peut voir le Prometheum barrels choisi. Le baril explose ; résolvez les effets d’une attaque avec une incendiary charge centrée sur le Prometheum barrels. Une fois cette tactique résolue, retirez le Prometheum barrels du champ de bataille."
../TacticsCards/ORLOCK/Die Trying.png;Die Trying;Orlock Tactics;"Play at the start of any round. |
For the duration of the turn, Seriously |
Injured fighters in your gang can provide |
assists and interference as if they were
standing.";Mourir en essayant;Orlock;Jouez cette tactique au début d'un tour. Pendant toute la durée du tour, les combattants Seriously injured de votre gang peuvent apporter leur aide et causer des interférences comme s'ils étaient debout.
../TacticsCards/ORLOCK/Down but not Out .png;Down but not Out;Orlock Tactics;"Play this gang tactic when activating a Seriously
Injured friendly fighter that is within 3"" of

a friendly Standing and Active Orlock fighter.
The activated fighter suffers a Flesh Wound
and then becomes Standing and Active.

The fighter may then make a single Basic or
Simple Action, after which the fighter's
activation ends.";À terre mais pas vaincu;Orlock;"Utilisez cette tactique lorsque vous activez un combattant allié Seriously injured qui se trouve à au moins 3"" d'un combattant Orlock allié debout et actif. Le combattant activé subit une Flesh wound et devient alors debout et actif. Il peut ensuite effectuer une seule action de base ou simple, après quoi son activation prend fin."
../TacticsCards/ORLOCK/For Close Encounters.png;For Close Encounters;Orlock Tactics;"| Play this card when activating a fighter.

|

Put this card under the active fighter's

Fighter card. Until the end of athe battle, _
this fighter has a sawn-off shotgun

in addition to their other equipment.

|

|";Pour les rencontres rapprochées;Orlock;Jouez cette tactique lorsque vous activez un combattant. Placez cette carte sous la carte du combattant. Jusqu'à la fin du combat, ce combattant dispose d'un fusil à canon scié en plus de tout autre équipement.
../TacticsCards/ORLOCK/Grandstanding.png;Grandstanding;Orlock Tactics;"Play this gang tactic at the start of the
Deployment step of the pre-battle sequence,
before any fighters have been deployed.

If your (Leader) is not part of your crew, one
(Champion) of your choice within your crew
may be replaced with your (Leader). If no
(Champions) are part of eee crew, a (Ganger)
may be replaced instead. If your (Leader) is part
of your crew already, you may discard this gang
tactic and select another.";Frime;Orlock;Jouez cette tactique au début de la phase de déploiement, avant que les combattants ne soient déployés. Si votre leader ne fait pas partie de votre équipe, un champion de votre choix au sein de votre équipe peut être remplacé par votre leader. Si aucun champion ne fait partie de votre équipe, un ganger peut être remplacé à la place. Si votre leader fait déjà partie de votre équipe, vous pouvez écarter cette tactique de gang et en choisir une autre.
../TacticsCards/ORLOCK/Initiation.png;Initiation;Orlock Tactics;"Play this tactic at the start of the Deployment
step of the pre-battle sequence, before any
fighters have been deployed. Your gang may
immediately recruit ue to three Greenhorns for
free. They will leave the gang at the end of this
battle. Each Greenhorn is armed with a sawn-off
shotgun and flak armour. These fighters are not
counted towards your maximum crew size - they
are taken in addition to are starting crew. If you
do not have models available, you may discard
this tactic and select another.";Initiation;Orlock;Jouez cette tactique au début de la phase de déploiement, avant que les combattants ne soient déployés. Votre gang peut recruter immédiatement jusqu’à trois Greenhorns gratuitement. Ils quitteront le gang à la fin de cette bataille. Chaque Greenhorn est armé d’un fusil à canon scié et porte une armure Flaks. Ces combattants ne sont pas comptabilisés dans la taille maximale de votre gang.
../TacticsCards/ORLOCK/Intimidation.png;| Intimidation;Orlock Tactics;"| Play instead of activating a fighter.

Choose an Active fighter from your gang.
Each Active enemy fighter within 9"" of that |
fighter must make a Nerve test. If a fighter
fails the check, they run for cover as normal,
but are not Broken.";Intimidation;Orlock;"Jouez cette tactique au lieu d'activer un combattant. Choisissez un combattant actif de votre gang. Chaque combattant ennemi actif situé à au moins 9"" de ce combattant doit réussir un Nerve test. Si un combattant échoue à ce test, il effectue l’action Run for cover, mais n'est pas Broken."
../TacticsCards/ORLOCK/Last Gasp.png;Last Gasp;Orlock Tactics;"| Play this card when activating a Seriously
Injured fighter.

This fighter immediately becomes |
Standing and Active. At the end of this
fighter's activation, they go Out of Action
and are removed from play.";Dernier souffle;Orlock;Jouez cette tactique lorsque vous activez un combattant Seriously injured. Ce combattant redevient immédiatement debout et actif. À la fin de l'activation de ce combattant, il est mis Out of Action et est retiré du jeu.
../TacticsCards/ORLOCK/Lead by Example.png;Lead by Example;Orlock Tactics;"| Play this when a Leader or Champion from
your gang takes an enemy model Out of
Action in close combat.

Any Broken fighter from your gang
immediately rally. In addition, any Pinned
fighters from your gang within 6"" of the
Leader or Champion can immediately return
to standing.";Montrer l’exemple;Orlock;"Jouez cette tactique lorsqu'un leader ou un champion de votre gang met un combattant ennemi Out of Action lors d'un corps à corps. Tous les combattants Broken de votre gang se Rally immédiatement. De plus, tous les combattants Pinned de votre gang situés à au moins 6"" du leader ou du champion peuvent immédiatement se remettre debout."
../TacticsCards/ORLOCK/Protection Duty.png;Protection Duty;Orlock Tactics;"Play this tactic at the start of the Deployment
step of the pre-battle sequence, before any
fighters have been deployed. Your gang may
take a Rebel Lord for this battle. They're taken
in add. to your start crew and don't count
towards your max. crew size. If you don't have a
model, select another card, If this Rebel Lord is
taken OOA, every friendly fighter suffers a -2 to
Cool for the rest of this battle. In campaign battl
your gang loses 5 Rep. (to a min. of 0), and the
gang that takes the Rebel Lord OOA gains 3 Rep.";Devoir de protection;Orlock;Jouez cette tactique au début de la phase de déploiement, avant que les combattants n'aient été déployé. Votre gang peut prendre un Rebel lord pour cette bataille. Il s'ajoute à votre gang de départ et ne compte pas dans la taille maximale de votre équipe. Si ce Rebel lord est mis Out of Action, tous les combattant alliés subissent un malus de -2 au Cool pour le reste de cette bataille. Votre gang perd 5 de réputation (avec un minimum de 0), et le gang qui met le Rebel lord Out of Action gagne 3 de réputation.
../TacticsCards/ORLOCK/Quick Trick.png;Quick Trick;Orlock Tactics;"Play this gang tactic when an enemy fighter
declares a Charge (Double) action and moves
within 1"" of a friendly Orlock fighter.

The fighter can immediately make an attack with
a sawn-off shotgun against the charging fighter
even if they are not equipped with one.

The enemy fighter cannot be Pinned by this
attack but, if they are Seriously Injured, their
activation ends.";Astuce rapide;Orlock;"Utilisez cette tactique lorsqu'un combattant ennemi déclare une Charge (Double) et se déplace à au moins 1"" d'un combattant Orlock allié. Le combattant peut immédiatement effectuer une  attaque avec un fusil à canon scié contre le combattant qui charge, même s'il n'en est pas équipé. Le combattant ennemi ne peut pas être Pinned par cette attaque, mais s'il est Seriously injured, son tour d'activation prend fin."
../TacticsCards/ORLOCK/Seismic Surprise.png;Seismic Surprise;Orlock Tactics;"Play this gang tactic when a friendly Orlock
fighter performs a Shoot (Basic) action with
a frag grenade.

Until the end of their activation, this fighter's
frag grenades gain the Seismic trait.";Surprise sismique;Orlock;Utilisez cette tactique lorsqu'un combattant Orlock allié effectue une action de Shoot (basic) avec une frag grenade. Jusqu'à la fin de son activation, les frag grenade de ce combattant acquièrent le trait Concussion.
../TacticsCards/ORLOCK/Showboating.png;Showboating;Orlock Tactics;"Play this gang tactic when a friendly Orlock
fighter takes an enemy fighter Out of Action
with an attack as part of a Charge (Double)
action.

If the fighter is no longer Engaged, they may
immediately make a second, free Charge
(Double) action. If the fighter is Engaged, they
may immediately make a free Fight (Basic)
action instead.";Showboating;Orlock;Utilisez cette tactique lorsqu'un combattant Orlock allié met un combattant ennemi Out of Action à la suite d'une attaque effectuée dans le cadre d'une Charge (Double). Si le combattant n'est plus engagé, il peut immédiatement effectuer une deuxième Charge (Double) gratuite. Si le combattant est engagé, il peut à la place effectuer immédiatement une action Combat (Basic) gratuite.
../TacticsCards/ORLOCK/Solidarity.png;Solidarity;Orlock Tactics;"| Play at the start of any round.

For the duration of the round, fighters from
your gang automatically pass any Cool |
checks they make as long as they are within
6"" of another fighter from your gang.";Solidarité;Orlock;"À jouer au début d'un tour. Pendant toute la durée du tour, les combattants du gang réussissent automatiquement tous leurs tests de Cool tant qu'ils se trouvent à au moins 6"" d'un autre combattant du gang."
../TacticsCards/ORLOCK/Stepping Up.png;Stepping Up;Orlock Tactics;"Play this gang tactic when a friendly Orlock
fighter with the Gang Hierarchy (Leader) trait is
taken Out of Action. Choose a friendly Orlock
yates that is on the battlefield and has the Gang

ierarchy (Champion) skill. Until the end of this
battle, or until the chosen fighter is taken Out of
Action, the chosen fighter replaces their Gang
Hierarchy (Champion) and Group Activation (1)
special rules with the Gang Hierarchy (Leader)
and Group Activation (2) special rules.";Prendre ses responsabilités;Orlock;Jouez cette tactique lorsqu'un combattant Orlock allié doté du trait Gang hierarchy (leader) est mis Out of Action. Choisissez un combattant Orlock allié présent sur le champ de bataille et doté de la compétence Gang hierarchy (champion).  Jusqu'à la fin de cette bataille, ou jusqu'à ce que le combattant choisi soit mis Out of Action, le combattant choisi remplace les règles spéciales Gang hierarchy (champion) et Group activation (1) par les règles spéciales Gang hierarchy (leader) et Group activation (2).
../TacticsCards/ORLOCK/Strength of Arms.png;Strength of Arms;Orlock Tactics;"Play this gang tactic during the Priority phase of
any round, after Roll for Priority, but before
Ready Fighters.

Until the End phase of this round, attacks made
by friendly Orlock fighters made with a weapon
that has the Melee trait gain +15 for each
additional friendly fighter that is also Engaged
with the target, to a maximum of +3.";Force des armes;Orlock;Jouez cette tactique pendant la phase de Priorité de n'importe quel tour, après le jet de dés pour déterminer la priorité. Jusqu'à la phase de fin de ce tour, les attaques lancées par des combattants Orlock alliés utilisant une arme dotée du trait Melee bénéficient d'un bonus de +1 force pour chaque combattant allié supplémentaire également engagé avec la cible, dans la limite de +3.
../TacticsCards/ORLOCK/Tough as Nails.png;Tough as Nails;Orlock Tactics;"Play this tactic during the Priority phase of any
round, after Roll for Priority, before Ready
Fighters. Choose a friendly Orlock gutee with
the Gang Hierarchy (X) special rule. For the
remainder of this battle, roll a D6 each time that
fighter suffers a wound (roll separately for each
wound caused by a single attack). On a 2+, that
wound is ignored. On a 1, the fighter suffers the
wound as normal and this tactic is discarded.

If the fighter suffers an Injury without losing a
wound (e.g., from Gas trait), discard this tactic.";Dur comme des ongles;Orlock;Jouez cette tactique pendant la phase de Priorité de n’importe quel tour, après le jet de Priorité. Choisissez un Orlock allié doté de la règle spéciale Gang hierarchy (X). Pour le reste de cette bataille, lancez un D6 chaque fois que ce combattant subit une blessure (lancez séparément pour chaque blessure infligée par une même attaque), avant le jet de sauvegarde. Sur 2+, cette blessure est ignorée. Sur 1, le combattant subit la blessure normalement et cette tactique est écartée. Si le combattant subit une blessure sans perdre de point de vie (par exemple, à cause de la caractéristique Gas), defaussez cette tactique.
../TacticsCards/ORLOCK/Trigger Discipline.png;Trigger Discipline;Orlock Tactics;"Play this gang tactic during the Priority phase of
any round, after Roll for Priority, but before
Ready Fighters.

Until the End phase of this round, all friendly
Orlock fighters that start their activation within
6"" of a friendly fighter with the Gang Hierarchy
(X) rule count as having the Steady Hands skill.";Discipline de détente;Orlock;"Jouez cette tactique pendant la phase de Priorité de n'importe quel tour, après le jet de dés pour déterminer la priorité. Jusqu'à la phase de fin de ce tour, tous les combattants Orlock alliés qui commencent leur activation à au moins 6"" d'un combattant allié bénéficiant de la règle Gang hierarchy (X) sont considérés comme possédant la compétence Steady hands."
../TacticsCards/ORLOCK/Up Close and Personal.png;Up Close and Personal;Orlock Tactics;"Play this gang tactic during the Priority phase of
any round, after Roll for Priority, but before
Ready Fighters.

Choose up to three friendly Orlock fighters.
Until the end of the battle, any sawn-off
shotguns carried by those fighters gain the
Sidearm trait.";Au contact;Orlock;Jouez cette tactique pendant la phase de priorité de n'importe quel tour, après le jet de priorité. Choisissez jusqu'à trois combattants Orlock alliés. Jusqu'à la fin de la bataille, tous les fusils à canon scié portés par ces combattants acquièrent le trait Sidearm.
../TacticsCards/ORLOCK/Wall of Iron.png;Wall of tron;Orlock Tactics;"Play this gang tactic during the Priority phase of
any round, after Roll for Priority, but before
Ready Fighters.

Until the End phase of this round, any friendly
fighter that is in base contact with one or more
Standing and Active friendly Orlock fighters
cannot be involuntary placed Prone and Pinned
(they may, however, voluntarily go Prone should
you Wish).";Mur de fer;Orlock;Jouez cette tactique pendant la phase de priorité de n'importe quel tour, après le jet de dés pour déterminer la priorité. Jusqu'à la phase de fin de ce tour, tout combattant allié qui est en contact avec un ou plusieurs combattants Orlock alliés debout et actifs ne peut être Prone et Pinned (excepté si vous le souhaitez).
../TacticsCards/ORLOCK/What’s in a Name_.png;What's in a Name?;Orlock Tactics;"Play this gang tactic at the start of the battle,
after both sides have deployed but before

the first round.

Choose a friendly Orlock fighter in your
starting crew. Until the end of this battle, that
fighter gains one additional Orlock Legendary
Name of your choice. This does not affect their
Credit cost.";Qu’y a-t-il dans un nom ?;Orlock;Jouez cette tactique au début de la bataille, une fois que les deux camps se sont déployés, mais avant le premier tour. Choisissez un combattant Orlock allié parmi votre gang de départ. Jusqu'à la fin de cette bataille, ce combattant gagne un nom légendaire Orlock supplémentaire de votre choix. Cela n'affecte pas son coût en crédits.
../TacticsCards/ORLOCK VEHICLES/Back in the Saddle.png;Back in the Saddle;Orlock Vehicle Tactics;"Play this gang tactic when activating a friendly
fighter with the Mounted condition who is
Prone and Pinned.

The fighter immediately becomes Standing and
Active without using any actions.";De retour en selle;Véhicules Orlock;Utilisez cette tactique lorsque vous activez un combattant allié Mounted qui est Prone et Pinned. Le combattant se remet immédiatement debout et devient actif sans utiliser d'action.
../TacticsCards/ORLOCK VEHICLES/Biker Gang.png;Biker Gang;Orlock Vehicle Tactics;"Play this gang tactic at the start of the battle,
after both sides have deployed, but before the
first round.

For the duration of this battle, D3 fighters of
your choice in your starting crew subject to the
Mounted condition increase their Initiative
characteristic by 1.";Bande de motards;Véhicules Orlock;Utilisez cette tactique au début de la bataille, une fois que les deux camps se sont déployés, mais avant le premier tour. Pendant toute la durée de cette bataille, D3 combattants de votre choix parmi votre gang de départ qui remplissent la condition Mounted voient leur caractéristique d’Initiative augmentée de 1.
../TacticsCards/ORLOCK VEHICLES/Boarding Action!.png;| Boarding Action!;Orlock Vehicle Tactics;"Play this gang tactic when a friendly fighter takes
an Initiative test for jumping onto or off of

a vehicle.

The Initiative test is automatically passed, no roll
is needed.";Action d’abordage !;Véhicules Orlock;Utilisez cette tactique lorsqu'un combattant allié effectue un test d'Initiative pour monter ou descendre d'un véhicule. Le test d'Initiative est automatiquement réussi, aucun jet n'est nécessaire.
../TacticsCards/ORLOCK VEHICLES/Bulldoze.png;| Bulldoze;Orlock Vehicle Tactics;"Play this gang tactic before resolving a vehicle
collision during a friendly vehicle's activation.
The vehicle that is currently activating does not
suffer any hits due to the collision.";Dégagez le passage;Véhicules Orlock;Jouez cette tactique avant de résoudre une collision entre véhicules lors de l'activation d'un véhicule allié. Le véhicule en cours d'activation ne subit aucun dégât lié à cette collision.
../TacticsCards/ORLOCK VEHICLES/Can Openers.png;Can Openers;Orlock Vehicle Tactics;"Play this gang tactic at the start of the battle,
after both sides have deployed, but before

the first round.

Select one friendly fighter; for the duration of
this battle any weapons with the Melee trait they
are equipped with increase their Strength
characteristic by 1 when ae vehicle. If
your gang has no weapons with the Melee trait,
you may discard this gang tactic and select
another.";Ouvre-boîtes;Véhicules Orlock;"Utilisez cette tactique au début de la bataille, une fois que les deux camps se sont déployés, mais avant le premier round. Choisissez un combattant allié ; pendant toute la durée de cette bataille, toutes les armes dotées du trait Melee dont il est équipé augmentent sa caractéristique de Force de 1 lorsqu’il est à bord d’un véhicule."
../TacticsCards/ORLOCK VEHICLES/Drive By.png;Drive By;Orlock Vehicle Tactics;"Play this gang tactic when activating a friendly
vehicle.

For the duration of this activation, the vehicle
treats the Move & Shoot (Basic) action as a
simple action.";Fusillade au passage;Véhicules Orlock;Utilisez cette tactique lorsque vous activez un véhicule allié. Pendant toute la durée de cette activation, le véhicule considère l'action Move & shoot (basic) comme une action simple.
../TacticsCards/ORLOCK VEHICLES/Familiar Ground.png;Familiar Ground;Orlock Vehicle Tactics;"Play this gang tactic at the start of the battle,
after both sides have deployed, but before the
first round.

For the duration of this battle, one friendly
vehicle of your choice in your starting crew may
treat difficult terrain and dangerous terrain as
open terrain.";Terrain familier;Véhicules Orlock;Utilisez cette tactique au début de la bataille, une fois que les deux camps se sont déployés, mais avant le premier tour. Pendant toute la durée de cette bataille, un véhicule allié de votre choix parmi votre gang de départ peut considérer les terrains difficiles et les terrains dangereux comme du terrain dégagé.
../TacticsCards/ORLOCK VEHICLES/Fang it!.png;Fang it!;Orlock Vehicle Tactics;"Play this gang tactic when activating a friendly

fighter subject to the Mounted condition.

For the duration of this activation, the selected
fighter increases their Movement characteristic
by 4"".";À fond !;Véhicules Orlock;"Jouez cette tactique lorsque vous activez un combattant allié Mounted. Pendant toute la durée de cette activation, le combattant sélectionné voit sa caractéristique de Mouvement augmentée de 4""."
../TacticsCards/ORLOCK VEHICLES/Going in Guns Blazing.png;Going in Guns Blazing;Orlock Vehicle Tactics;"Play this gang tactic when activating a friendly
vehicle.

For the duration of this activation, the vehicle
may fire one weapon with the Crew Weapon or
Sidearm trait at any point while making a Ram
(Double) action.";Entrer flingues au clair;Véhicules Orlock;Utilisez cette tactique lorsque vous activez un véhicule allié. Pendant toute la durée de cette activation, le véhicule peut tirer avec une arme dotée du trait Crew weapon ou Sidearm à tout moment pendant qu'il effectue une action de « Charge » (Double).
../TacticsCards/ORLOCK VEHICLES/I Can Hold It!.png;| Can Hold It!;Orlock Vehicle Tactics;"Play this gang tactic after a friendly vehicle has
failed a Loss of Control test.

The vehicle is instead considered to have passed
the Loss of Control test.";Ça tiendra !;Véhicules Orlock;Utilisez cette tactique après qu'un véhicule allié ait échoué à un test de perte de contrôle. Le véhicule est alors considéré comme ayant réussi le test de perte de contrôle.
../TacticsCards/ORLOCK VEHICLES/King of the Road.png;King of the Road;Orlock Vehicle Tactics;"Play this gang tactic during the Wrap-up phase
of the post- battle sequence.

If any enemy vehicles were Wrecked during this
battle, your gang gains D3 Reputation.";Roi de la route;Véhicules Orlock;Jouez cette tactique pendant la séquence d’après bataille. Si des véhicules ennemis ont été détruits au cours de ce combat, votre gang gagne D3 points de réputation.
../TacticsCards/ORLOCK VEHICLES/Power Slide.png;Power Slide;Orlock Vehicle Tactics;"Play this gang tactic when activating a friendly
vehicle.

For the duration of this activation, the vehicle
may make an extra turn of up to 90 degrees when
performing a Move (Simple) action.";Dérapage contrôlé;Véhicules Orlock;Utilisez cette tactique lorsque vous activez un véhicule allié. Pendant toute la durée de cette activation, le véhicule peut effectuer un virage supplémentaire de 90 degrés maximum lorsqu’il effectue une action de Move (simple).
../TacticsCards/ORLOCK VEHICLES/Ride Them Down!.png;Ride Them Down!;Orlock Vehicle Tactics;"Play this gang tactic when resolving a Ride By
attack before rolling to Hit.

Increase the Strength of any hits inflicted by the
attack by 1.";Écrasez-les !;Véhicules Orlock;Jouez cette tactique lors de la résolution d'une attaque Ride By avant de lancer les dés pour déterminer si l'attaque touche. Augmentez de 1 la force de tous les coups infligés par l'attaque.
../TacticsCards/ORLOCK VEHICLES/Road Warriors.png;Road Warriors;Orlock Vehicle Tactics;"Play this gang tactic at the start of a Rolling
Roads battle, after both sides have deployed, but
before the first round.

For the duration of this battle, D3 friendly
models of your choice in your starting crew gain
+1 to the Intelligence test to rejoin the battle. If
the scenario being played does not use the
Rolling Roads rules you may discard this gang
tactic and select another.";Guerriers de la route;Véhicules Orlock;Jouez cette tactique au début d’une bataille « Rolling Roads », une fois que les deux camps se sont déployés. Pendant toute la durée de cette bataille, D3 figurines amies de votre choix parmi votre gang de départ bénéficient d’un bonus de +1 au test d’Intelligence pour intégrer la bataille. Si le scénario en cours n’utilise pas les règles « Rolling Roads », vous pouvez écarter cette tactique de gang et en choisir une autre.
../TacticsCards/ORLOCK VEHICLES/Rugged Construction.png;Rugged Construction;Orlock Vehicle Tactics;"Play this gang tactic during the Post-battle
Actions phase of the post-battle sequence.
Halve the credits cost (rounding up to the
nearest 5 credits) of the Negotiate Repairs action.";Construction robuste;Véhicules Orlock;Jouez cette tactique pendant la séquence d'après-bataille. Divisez par deux le coût en crédits (en arrondissant à l'unité supérieure à 5 crédits) de l'action Negotiate Repairs.
../TacticsCards/ORLOCK VEHICLES/Supplies Delivered.png;Supplies Delivered;Orlock Vehicle Tactics;"Play this gang tactic during the Wrap-up phase
of the post-battle sequence.

Add D3x10 credits to your gang's Stash for every
friendly vehicle that took part in the battle and
isn't Wrecked.";Fournitures livrées;Véhicules Orlock;Jouez cette tactique pendant la séquence d’après-bataille. Ajoutez D3 × 10 crédits à la cagnotte de votre gang pour chaque véhicule allié ayant pris part au combat et qui n'est pas détruit.
../TacticsCards/ORLOCK VEHICLES/Take Them Out!.png;Take Them Out!;Orlock Vehicle Tactics;"Play this gang tactic when rolling damage for an
enemy vehicle.
Roll one additional Damage dice for the attack.";Éliminez-les !;Véhicules Orlock;Jouez cette tactique lorsque vous lancer les dés pour déterminer les dégâts infligés à un véhicule ennemi. Lance un dé de dégâts supplémentaire pour cette attaque.
../TacticsCards/ORLOCK VEHICLES/Wheels of Iron.png;Wheels of lron;Orlock Vehicle Tactics;"Play this gang tactic when a friendly vehicle is
targeted by an attack.

For the duration of this attack, increase the
Toughness characteristic of the arc being hit by 1";Roues de fer;Véhicules Orlock;Jouez cette tactique lorsqu'un véhicule allié est la cible d'une attaque. Pour la durée de cette attaque, augmentez de 1 la caractéristique de Robustesse de la face touchée
../TacticsCards/OUTCASTS/A Few Friends.png;A Few Friends;Outcasts Tactics;"Play this gang tactic at the start of the battle, afte
both sides have deployed, but before the first
round. Your gang may immediately recruit and
pists in your deployment zone D3+2 Hive Scum
ired Guns. These fighters are recruited for free
and will leave your gang at the end of this battle.
These fighters are not counted towards your
maximum crew size - they are taken in addition
to your starting crew. If you do not have models
available to represent these Hive Scum, you may
discard this gang tactic and select another.";Quelques amis;Outcasts;Jouez cette tactique au début de la bataille, une fois que les deux camps se sont déployés. Votre gang peut immédiatement recruter et déployer dans votre zone de déploiement D3+2 Hive Scum. Ces combattants sont recrutés gratuitement et ne comptent pas dans le maximum de combattants autorisés pour ce scénario.
../TacticsCards/OUTCASTS/All or Nothing.png;All or Nothing;Outcasts Tactics;"Play this gang tactic when activating a friendly
fighter.

The fighter (who may be Seriously Injured),
immediately becomes Standing and Active and
may perform up to three actions during this
activation. Once their activation ends, they
immediately go Out of Action.";Tout ou rien;Outcasts;Utilisez cette tactique lorsque vous activez un combattant allié. Le combattant (qui peut être Seriously injured) redevient immédiatement debout et actif et peut effectuer jusqu'à trois actions pendant cette activation. Une fois son activation terminée, il est immédiatement mis Out of Action.
../TacticsCards/OUTCASTS/Back to the Badzones.png;Back to the Badzones;Outcasts Tactics;"Play this gang tactic during any End phase,
before your opponent makes any Recovery tests.
The battle ends as if your gang had retreated
from the battlefield. Friendly fighters who are
Seriously Injured automatically recover and
there is no chance for any fighters to be
Captured.";Retour aux Badzones;Outcasts;Jouez cette tactique pendant n'importe quelle phase de fin, avant que votre adversaire n'effectue ses Recovery tests. Le combat se termine comme si votre gang s'était retiré du champ de bataille. Les combattants alliés qui sont Seriously injured se rétablissent automatiquement et aucun combattant ne risque d'être capturé.
../TacticsCards/OUTCASTS/Dirty Tactics.png;Dirty Tactics;Outcasts Tactics;"Play this gang tactic at the end of a friendly
fighter's activation.

Immediately activate another Ready friendly
fighter anywhere on the battlefield.";Tactiques sales;Outcasts;Jouez cette tactique à la fin de l'activation d'un combattant allié. Activez immédiatement un autre combattant allié prêt au combat n'importe où sur le champ de bataille.
../TacticsCards/OUTCASTS/Fight Another Day.png;Fight Another Day;Outcasts Tactics;"Play this gang tactic when a friendly fighter is
taken Out of Action.

Do not make a Lasting Injury roll against the
fighter. Instead, treat the fighter as being Out
Cold, as if a roll of 12-26 on the Lasting Injury
table had been made against them.";Combattre un autre jour;Outcasts;Utilisez cette tactique lorsqu'un combattant allié est mis Out of Action. Ne procédez pas à un Lasting injury roll pour ce combattant. Considérez le résultat comme Out cold, comme si un jet de 12 à 26 avait été obtenu contre lui sur la table des Lasting injuries.
../TacticsCards/OUTCASTS/Hard Rounds.png;Hard Rounds;Outcasts Tactics;"Play this gang tactic at the start of any round
before players Roll for Priority.

For the duration of both this round and the next,
both players must roll 2D6 when taking a Bottle
test, rather than the usual.";Munitions lourdes;Outcasts;Jouez cette tactique au début de n'importe quel tour, avant que les joueurs ne lancent les dés pour déterminer l'ordre de jeu. Pendant toute la durée de ce tour et du suivant, les deux joueurs doivent lancer 2D6 lorsqu'ils effectuent un Bottle test.
../TacticsCards/OUTCASTS/Honourless Victory.png;Honourless Victory;Outcasts Tactics;"Play this gang tactic at the end of the scenario.
Regardless of the scenario rewards, your gang
does not suffer any loss of Reputation.";Victoire sans honneur;Outcasts;Jouez cette tactique à la fin du scénario. Quelles que soient les récompenses du scénario, votre gang ne subit aucune perte de réputation.
../TacticsCards/OUTCASTS/It_s Personal.png;It's Personal;Outcasts Tactics;"Play this gang tactic at the start of any round
before players Roll for Priority.

Choose one enemy fighter currently on the
battlefield and mark them with a token. For the
remainder of this battle, all friendly fighters add
1 to any Weapon Skill or Ballistic Skill checks
made against the marked fighter.";C'est personnel;Outcasts;Jouez cette tactique au début de n'importe quel round, avant que les joueurs ne lancent les dés pour déterminer la priorité. Choisissez un combattant ennemi actuellement présent sur le champ de bataille et marquez-le à l'aide d'un jeton. Pendant le reste de cette bataille, tous les combattant alliés ajoutent 1 à tous les tests de BS ou WS effectués contre le combattant marqué.
../TacticsCards/OUTCASTS/Lucky Score.png;Lucky Score;Outcasts Tactics;"Play this gang tactic at the end of the scenario.

If the scenario included any reward in the form
of credits, your gang adds an extra D6x10 credits
in addition to those it won.";Coup de chance;Outcasts;Jouez cette tactique à la fin du scénario. Si le scénario prévoyait une récompense sous forme de crédits, votre gang gagne D6x10 crédits supplémentaires en plus de ceux qu'il a déjà remportés.
../TacticsCards/OUTCASTS/More Where They Came From.png;More Where They Came From;Outcasts Tactics;"Play this gang tactic during any End phase,
before your opponent makes any Recovery tests.
You may return to play D3 friendly

Gangers /Juves that have been taken Out of
Action but did not suffer a Memorable Death
result on the Lasting Injury table by placing
them in your gang’s deployment zone. These
fighters retain any injuries suffered for going Out
of Action but discard any Flesh Wounds.";Il y en a d’autres;Outcasts;Jouez cette tactique pendant n’importe quelle phase de fin, avant que votre adversaire n’effectue ses Recovery rolls. Vous pouvez remettre en jeu D3 gangers / Juves qui ont été mis Out of Action mais qui n’ont pas subi de résultat Memorable death sur la table des Lasting injuries, en les plaçant dans la zone de déploiement de votre gang. Ces combattants conservent toutes les Lasting injuries subies lors de leur mise Out of Action, mais défaussent toutes les Flesh wound.
../TacticsCards/OUTCASTS/No Masters.png;No Masters;Outcasts Tactics;"Play this gang tactic when a friendly fighter is
required to make a Leadership, Cool, Intelligence
or Willpower check.

The fighter can use the Leadership, Cool,
Intelligence or Willpower of your gang's Leader,
even if the Leader is not currently on the
battlefield.";Pas de maître;Outcasts;Utilisez cette tactique lorsqu'un combattant allié doit effectuer un test de Leadership, de Cool, d'Intelligence ou de Willpower. Le combattant peut alors utiliser le Leadership, le Cool, l'Intelligence ou le Willpower du leader de votre gang, même si celui-ci ne se trouve pas actuellement sur le champ de bataille.
../TacticsCards/OUTCASTS/Old Faithful.png;Old Faithful;Outcasts Tactics;"Play this gang tactic when a friendly fighter
targets an enemy fighter with a ranged or close
combat attack.

Choose either a ranged or a melee weapon from
the Trading Post with a Rarity of 9 or less.
Count this attack as if the fighter was armed
with the chosen weapon.";Le vieux fidèle;Outcasts;Utilisez cette tactique lorsqu'un combattant allié vise un combattant ennemi avec une attaque à distance ou au corps à corps. Choisissez une arme à distance ou de mêlée au Trading post, d'une rareté de 9 ou moins. Considérez cette attaque comme si le combattant était armé de l'arme choisie.
../TacticsCards/OUTCASTS/Rise from the Ashes.png;Rise from the Ashes;Outcasts Tactics;"Play this gang tactic at the start of any round
before players Roll for Priority.

For the duration of this round and the following
two rounds, your gang automatically passes all
Bottle tests.";Renaître des cendres;Outcasts;Jouez cette tactique au début de n'importe quel tour, avant que les joueurs ne lancent les dés pour déterminer l'ordre de jeu. Pendant ce tour et les deux tours suivants, votre gang réussit automatiquement tous les Bottle tests.
../TacticsCards/OUTCASTS/Temporary Alliance.png;Temporary Alliance;Outcasts Tactics;"Play this gang tactic at the start of the battle,
after both sides have deployed, but before the
first round.

Choose one Alliance normally available to

your gang (e.g. Noble, Criminal, Guild, etc.).
Your gang gains the effects of this Alliance for
the duration of the battle. This tactic may not be
used if your gang is already in an Alliance.";Alliance temporaire;Outcasts;Utilisez cette tactique au début du combat, une fois que les deux camps se sont déployés, mais avant le premier round. Choisissez une alliance normalement accessible à votre gang (par exemple : Noble, Criminel, Guilde, etc.). Votre gang bénéficie des effets de cette alliance pendant toute la durée du combat. Cette tactique ne peut pas être utilisée si votre gang fait déjà partie d'une alliance.
../TacticsCards/OUTCASTS/Undercover Agent.png;Undercover Agent;Outcasts Tactics;"Play this gang tactic when activating a friendly
fighter.

The fighter can choose to weyece their
characteristics profile with that of any friendly
fighter that is currently on the battlefield. At the
end of their activation, this fighter goes

Out of Action.";Agent infiltré;Outcasts;Utilisez cette tactique lorsque vous activez un combattant allié. Le combattant peut choisir d'échanger son profil de caractéristiques avec celui de n'importe quel combattant allié se trouvant actuellement sur le champ de bataille. À la fin de son activation, ce combattant est mis Out of Action.
../TacticsCards/OUTCASTS/We Never Liked Him Anyway.png;We Never Liked Him Anyway;Outcasts Tactics;"Play this gang tactic when a friendly fighter is
taken Out of Action.

The fighter automatically suffers a Memorable
Death, as if a roll of 66 had been made against
them on the Lasting Injury table. The fighter's
cost in credits is then added to your gang's Stash.";On ne l’a jamais vraiment aimé;Outcasts;Joue cette tactique lorsqu'un combattant allié est mis Out of Action. Le combattant subit automatiquement une Memorable death, comme si un jet de 66 avait été obtenu pour lui sur la table des Lasting injuries. Le coût en crédits du combattant est ensuite ajouté à la cagnotte de ton gang.
../TacticsCards/OUTCASTS/Worthless.png;Worthless;Outcasts Tactics;"Play this gang tactic when a friendly fighter is
taken Out of Action.

No XP is gained for the fighter being taken

Out of Action. In addition, do not count this
fighter as having been taken Out of Action when
determining scenario rewards.";Sans valeur;Outcasts;Jouez cette tactique lorsqu'un combattant allié est mis Out of Action. Aucun XP n'est gagné pour le combattant mis Out of Action. De plus, ne considérez pas ce combattant comme ayant été mis Out of Action lors de la détermination des récompenses du scénario.
../TacticsCards/OUTCASTS/Wyrd Occurrence.png;Wyrd Occurrence;Outcasts Tactics;"Play this gang tactic when activating a friendly
fighter.

The fighter immediately performs one of the
following Wyrd Power actions (without the need
to make a Willpower check). Their activation
then ends:

Chronomancy - Freeze Time (Double),
Divination - Misfortune (Basic),

Pyromancy - Molten Bolt (Basic).";Manifestation Wyrd;Outcasts;Utilisez cette tactique lorsque vous activez un combattant allié. Le combattant effectue immédiatement l'une des actions de Wyrd Power suivantes (sans avoir à passer de test de Willpower). Son activation prend alors fin : Chronomancy - Freeze Time (Double), Divination - Misfortune (Basic), Pyromancy - Molten Bolt (Basic).
../TacticsCards/SLAVE OGRYNS/Avenging Ogryn.png;Avenging Ogryn;Slave Ogryns Tactics;"Play this gang tactic when a friendly Slave Ogryn
fighter is taken Out of Action by an attack made
by an enemy fighter. Choose a friendly Slave
Ogryn that is Standing and Active, and has

a Ready marker on them. Until the end of this
round, that fighter automatically passes any
Nerve tests it has to make. In addition,

the fighter immediately activates, interrupting
the enemy fighter's turn, and performs their
activation as normal. This fighter then loses their
Ready marker.";Ogryn vengeur;Esclaves Ogryns;Jouez cette tactique lorsqu'un combattant Ogryn esclave allié est mis Out of Action par une attaque lancée par un combattant ennemi. Choisissez un Ogryn esclave allié Ready, debout et actif. Jusqu'à la fin de ce tour, ce combattant réussit automatiquement tous les Nerve tests qu'il doit effectuer. De plus, le combattant s'active immédiatement, interrompant le tour du combattant ennemi, et effectue son activation comme d'habitude. Ce combattant perd alors son marqueur Ready.
../TacticsCards/SLAVE OGRYNS/Chain Breaker.png;Chain Breaker;Slave Ogryns Tactics;"Play this tactic at the start of the battle, after bot .
sides have deployed, but before the first round.
Until the end of battle, don't roll Recovery for
any friendly Slave Ogryns that are Webbed. Trea
them as having rolled a Flesh Wound and they
immediately become Standing. If your opponent
doesn't have any fighters with Web weapons, you
may discard this gang tactic and select another.
Alternatively, if it's a campaign battle, friendly
fighters can't be captured; any captured fighter
counts as having rolled an Out Cold result.";Brise-chaîne;Esclaves Ogryns;"Jouez cette tactique au début de la bataille, une fois que les deux camps se sont déployés, mais avant le premier tour. Jusqu’à la fin de  a bataille, ne faites pas de tests de recovery pour les Ogryns esclaves alliés qui sont Webbed. Lorsqu’ils devraient tester, considérez le résultat comme ayant obtenu un résultat Flesh wound. Si votre adversaire n’a aucun combattant équipé avec le trait Web, vous pouvez écarter cette tactique et en choisir une autre. Sinon, s'il s'agit d'une bataille de campagne, les combattants amis ne peuvent pas être capturés ; tout combattant capturé est considéré comme ayant obtenu un résultat « K.O. »."
../TacticsCards/SLAVE OGRYNS/Die on Your Feet.png;Die on Your Feet;Slave Ogryns Tactics;"Play this gang tactic at the start of the battle, afte
both sides have deployed, but before the first
round. Until the end of this battle, when

a fiend: Slave Ogryn fighter is the target of

a Coup De Grace (Simple) action, they take D3
Flesh Wounds instead of going Out of Action.
The Slave Ogryn is then immediately moved 1""
directly away from the fighter performing the
action and is placed Prone and Pinned - they

are no longer Seriously Injured.";Mourir debout;Esclaves Ogryns;"Jouez cette tactique au début de la bataille, une fois que les deux camps se sont déployés, mais avant le premier tour. Jusqu’à la fin de cette bataille, lorsqu’un combattant allié est la cible d’une action Coup de grâce (simple), il subit D3 blessures légères au lieu d’être mis Out of Action. L'Ogryn esclave est alors immédiatement déplacé de 1"" à l’opposé du combattant effectuant l'action et est placé Pinned et Prone. Il n'est plus Seriously injured."
../TacticsCards/SLAVE OGRYNS/Freedom in Death.png;Freedom in Death;Slave Ogryns Tactics;"Play this gang tactic when a friendly Slave Ogryn
fighter is taken Out of Action.

Before removing this fighter from the battlefield,
they may immediately make a free Shoot (Basic)
action with a weapon with the Grenade trait they
are equipped with that has the Blast (3 ""/5""/*)
trait. The central hole of the Blast marker must
be centered over this fighter and the attack
automatically hits.";La liberté dans la mort;Esclaves Ogryns;Jouez cette tactique lorsqu'un combattant Ogryn Esclave allié est mis Out of Action. Avant de retirer ce combattant du champ de bataille, il peut immédiatement effectuer une action de Shoot (basic) gratuite avec une arme dotée des traits Grenade et Blast dont il est équipé. Le trou central du gabarit doit être centré sur ce combattant et l'attaque touche automatiquement.
../TacticsCards/SLAVE OGRYNS/Gene-Bred.png;Gene- Bred;Slave Ogryns Tactics;"Play this tactic at the start of the Deployment
step of the pre-battle sequence, before any
fighters have been deployed. Choose a Slave
Ogryn fighter in your starting crew. Until

the end of this battle, that fighter gains up to
two Gene-smithing upgrades. These must be
chosen from the Unborn Gene-smithed
Upgrades but do not affect the fighter's Credit
cost. Any upgrade that affects the fighter during
the post-battle sequence will affect the Slave
Ogryn fighter before upgrades is removed.";Élevé en cuve;Esclaves Ogryns;Jouez cette tactique au début de l'étape de Déploiement, avant le déploiement des combattants. Choisissez un combattant Ogryn esclave de votre gang. Jusqu’à la fin de cette bataille, ce combattant gagne jusqu’à deux améliorations génétiques. Celles-ci doivent être choisies parmi les améliorations génétiques Unborn, mais n’affectent pas le coût en crédits du combattant. Toute amélioration affectant le combattant pendant la séquence post-bataille affectera le combattant avant qu’elle ne soient retirées.
../TacticsCards/SLAVE OGRYNS/Hidden Loyalties.png;Hidden Loyalties;Slave Ogryns Tactics;"Play this gang tactic at the start of the |
Deployment step of the pre-battle sequence,
before any fighters have been deployed. |
Choose a fighter from your starting crew.
Unul the end of this battle, that fighter
gains the Infiltrate skill. |";Loyautés cachées;Esclaves Ogryns;Jouez cette tactique au début de la phase de déploiement, avant le déploiement des combattants. Choisissez un combattant parmi de votre gang. Jusqu'à la fin de cette bataille, ce combattant acquiert la compétence Infiltration.
../TacticsCards/SLAVE OGRYNS/Limb from Limb.png;Limb from Limb;Slave Ogryns Tactics;"Play this gang tactic when activating |
a friendly Slave Ogryn fighter.

Unul the End phase of this round, |
any weapon with the Melee trait the fighter
carries gains the Sever trait.";Membre par membre;Esclaves Ogryns;Utilisez cette tactique lorsque vous activer un combattant Ogryn esclave allié. À la fin de ce tour, toutes les armes dotées de la caractéristique Melee que le combattant porte acquièrent la caractéristique Severe.
../TacticsCards/SLAVE OGRYNS/Looted Gear.png;Looted Gear;Slave Ogryns Tactics;"Play this gang tactic at the start of the
Deployment step of the pre-battle sequence,
before any fighters have been deployed.

Choose a fighter from your starting crew that is
on the battlefield and place a marker on that
fighter's card. Until the end of this battle, a singl
weapon that fighter is epee with loses one
of the following Traits: Reckless, Scarce,
Unwieldy. You may choose which weapon is
affected by this tactic and which Trait is lost.";Équipement pillé;Esclaves Ogryns;Jouez cette tactique au début de l'étape de déploiement de la séquence d'avant-bataille, avant que les combattants ne soient déployés. Choisissez un combattant de votre gang de départ qui se trouve sur le champ de bataille et placez un marqueur sur la carte de ce combattant. Jusqu’à la fin de cette bataille, une seule arme dont ce combattant est équipé perd l’un des traits suivants :Reckless, Scarce, Unwiedly. Vous pouvez choisir quelle arme est affectée par cette tactique et quel trait est perdu.
../TacticsCards/SLAVE OGRYNS/No, I’m Smarticus! .png;No, I'm Smarticus!;Slave Ogryns Tactics;"Play this gang tactic during the Priority phase of
any round, after Roll for Priority, but before
Ready Fighters. Until the End phase of this
round, roll a D6 each time a friendly Slave Ogryn
fighter with the Gang Leader special rule is the
target of a Shoot (Basic) action. On a 3+, you
may transfer any successful hits that result from
that action to a friendly Slave Osryn fignter
within 3"" of the fighter with the Gang Leader
special rule. Hits caused by a weapon with the
Blast (3"" /5"" /*) trait are unaffected by this tactic.";Non, c’est moi Smarticus !;Esclaves Ogryns;"Jouez cette tactique pendant la phase de Priorité de n'importe quel tour, après le jet de Priorité. Jusqu'à la phase de fin de ce tour, lancez un D6 chaque fois qu'un combattant Ogryn esclave allié doté de la règle spéciale gang leader est la cible d'une action de Shoot (basic). Sur un résultat de 3 ou plus, vous pouvez transférer tous les coups réussis résultant de cette action à un combattant Slave Ogryn allié situé à au moins 3"" du combattant doté de la règle spéciale gang leader. Les coups infligés par une arme dotée du trait Blast (3"" / 5"" /*) ne sont pas affectés par cette tactique."
../TacticsCards/SLAVE OGRYNS/Not Today!.png;Not Today!;Slave Ogryns Tactics;"Play this gang tactic when a friendly Slave Ogryn
fighter is taken Out of Action by an attack made
with a ranged weapon.

Before removing the fighter from the battlefield,
they may immediately become Standing and
make a free Charge (Double) action. Immediately
after this action, and ay subsequent Fight (Basic
action made as part of the Charge (Double)
action, is resolved, the fighter goes Out of Action
as normal.";Pas aujourd'hui !;Esclaves Ogryns;Utilisez cette tactique lorsqu'un combattant Ogryn Esclave allié est mis Out of Action par une attaque effectuée avec une arme à distance. Avant de retirer le combattant du champ de bataille, celui-ci peut immédiatement se remettre debout et effectuer une action de Charge (Double) gratuite. Immédiatement après cette action, et une fois que tout combat a été résolu, le combattant est mis Out of Action.
../TacticsCards/SLAVE OGRYNS/Out of My Way!.png;Out of my Way!;Slave Ogryns Tactics;"Play this gang tactic when activating a friendly
Slave Ogryn fighter.

Until the End phase of this round, the fighter
gains the Hur! skill if they did not already have it.
In addition, the Hurl (Basic) action becomes

a Hurl (Simple) action for this fighter. Any
enemy fighter that is the target of this action
must take a Strength check rather than an
Initiative check; if they fail, the enemy fighter is
hurled.";Hors de mon chemin !;Esclaves Ogryns;"Jouez cette tactique lorsque vous activez un combattant Ogryn esclave allié. Jusqu’à la phase de fin de ce tour, le combattant acquiert la compétence Hurl s’il ne la possédait pas déjà. De plus, l'action Hurl (Basic) devient une action Hurl (Simple) pour ce combattant. Tout combattant ennemi qui est la cible de cette action doit effectuer un test de Strength plutôt qu'un test d'Initiative ; s'il échoue, le combattant ennemi est projeté."
../TacticsCards/SLAVE OGRYNS/Quicker Than They Look.png;Quicker Than They Look;Slave Ogryns Tactics;"Play this gang tactic when activating |
a friendly Slave Ogryn fighter.

Unul the End phase of this round, this |
fighter doubles their base Move
characteristic while making a Charge
(Double) action. |";Plus rapide qu'il n'y paraît;Esclaves Ogryns;Utilisez cette tactique lorsque vous activez un combattant Ogryn esclave allié. À la fin de ce tour, ce combattant double sa caractéristique de Déplacement de base lorsqu'il effectue une action de Charge (Double).
../TacticsCards/SLAVE OGRYNS/Reboot.png;| Reboot;Slave Ogryns Tactics;"Play this gang tactic when a friendly Seriously
Injured Lobo-slave fighter is activated.

This Lobo-slave immediately removes any Flesh
Wounds and becomes Standing and Active.
However, until the end of this battle, decrease
this Lobo-slave's Weapon Skill and Attacks
characteristics by 1, to a minimum of 6+ and 1
respectively";Redémarrage;Esclaves Ogryns;Jouez cette tactique lorsqu'un combattant Lobo-slave allié Seriously injured est activé. Ce Lobo-slave se débarrasse immédiatement de toutes ses Flesh wound, redevient debout et actif. Cependant, jusqu'à la fin de cette bataille, réduisez les caractéristiques de WS et d’Attaques de cet esclave de Lobo de 1, jusqu'à un minimum de 6+ et 1 respectivement
../TacticsCards/SLAVE OGRYNS/Resurgent Threat.png;Resurgent Threat;Slave Ogryns Tactics;"Play this gang tactic during the End phase, |
before making any Bottle tests.

Your gang immediately passes their Bottle |
test, without the need to roll a D6. In
addition, you can choose who wins Priority
in the next round. |";Menace résurgente;Esclaves Ogryns;Jouez cette tactique pendant la phase de fin, avant d'effectuer tout Bottle test. Votre gang réussit immédiatement son Bottle test, sans avoir à lancer un D6. De plus, vous pouvez choisir qui remporte la priorité au tour suivant.
../TacticsCards/SLAVE OGRYNS/Slave Becomes Master.png;Slave Becomes Master;Slave Ogryns Tactics;"Play this tactic at the start of the Deployment step
of the pre-battle sequence, before any fighters
have been deployed. Your gang may immediately
recruit up to two Goliath Juves or one Goliath
Ganger for free. They will leave the gang at the
end of this battle. Each fighter has Frenzon collar
and either a stub gun or a maul and an axe. They
aren't counted towards your max crew size

- they're taken in addition to your starting crew.
If you don't have models available, you may
discard this gang tactic and select another.";L’esclave devient maître;Esclaves Ogryns;Jouez cette tactique au début de la phase de Déploiement de la séquence d’avant-bataille, avant que les combattants aient été déployés. Votre gang peut immédiatement recruter gratuitement jusqu’à deux Goliath Juves ou un Goliath Ganger. Ils quitteront le gang à la fin de cette bataille. Chaque combattant est équipé d’un Frenzon collar et soit d’un stub gun, soit d’un Maul ou d’une Axe. Ils ne sont pas pris en compte dans la taille maximale de votre équipe : ils s’ajoutent à votre équipe de départ.
../TacticsCards/SLAVE OGRYNS/Strong and Steady.png;Strong and Steady;Slave Ogryns Tactics;"Play this gang tactic when a friendly fighter is hit
by a ranged attack, before they become Prone
and Pinned.

Immediately make a Strength test for the fighter.
If it is passed, they do not become Pinned.

This gang tactic can be played after a fighter has
failed a Cool check as part of the Nerves of Steel
skill.";Fort et stable;Esclaves Ogryns;Jouez cette tactique lorsqu'un combattant allié est touché par une attaque à distance, avant qu'il ne se retrouve Prone et Pinned. Effectuez immédiatement un test de Strength pour le combattant. S'il réussit, il ne se retrouve pas Pinned. Cette tactique de gang peut être jouée après qu'un combattant ai échoué à un test de Cool dans le cadre de la compétence Nerves of steel.
../TacticsCards/SLAVE OGRYNS/Tools of the Trade.png;Tools of the Trade;Slave Ogryns Tactics;"Play this gang tactic at the start of the battle,
after both sides have deployed, but before the
first round.

Choose a fighter from your starting crew that is
on the battlefield and place a marker on their
Fighter card. Choose one weapon with the Melee
trait that the fighter is equipped with. For the
duration of this battle, the Fehtet's Weapon Skill
is treated as 2+ when making attacks with that
weapon.";Outils du métier;Esclaves Ogryns;Jouez cette tactique au début de la bataille, une fois que les deux camps se sont déployés, mais avant le premier round. Choisissez un combattant de votre gang de départ qui se trouve sur le champ de bataille et placez un marqueur sur sa carte de combattant. Choisissez une arme dotée de la caractéristique Melee dont le combattant est équipé. Pendant toute la durée de cette bataille, la WS du combattant est considérée comme étant de 2+ lorsqu'il effectue des attaques avec cette arme.
../TacticsCards/SLAVE OGRYNS/Unleash the Storm.png;Unleash the Storm;Slave Ogryns Tactics;"Play this gang tactic when a friendly Slave Ogryn
fighter makes an attack with a Storm-welder,
before rolling any dice.

Until the End phase of this round, the Storm-
-welder loses the Reckless trait. However, at the
end of this fighter's activation, the weapon
immediately goes Out of Ammo as if they rolled
the Ammo symbol on the Firepower dice; this
counts as an additional roll of the Ammo symbol
for the purposes of Storm-welder's Unstable trait";Libérez la tempête;Esclaves Ogryns;"Jouez cette tactique lorsqu'un combattant Ogryn esclave allié effectue une attaque avec un Storm-welder, avant de lancer les dés. Jusqu'à la phase de fin de ce tour, le Storm-welder perd le trait Reckless. Cependant, à la fin de l'activation de ce combattant, l'arme se retrouve immédiatement à Out of ammo; Cela compte comme un jet supplémentaire du symbole Munitions aux fins du trait Unstable du Storm-welder"
../TacticsCards/SQUAT PROSPECTORS/Ancestral Weapon.png;Ancestral Weapon;Squat Prospectors Tactics;"Play this gang tactic when making a ranged attack
with a friendly fighter.

For the duration of this attack, increase the
fighter's BS by 1.";Arme ancestrale;Prospecteurs squat;Jouez cette tactique lorsqu'un combattant allié déclare une attaque à distance. Pendant toute la durée de cette attaque, augmente la BS du combattant de 1.
../TacticsCards/SQUAT PROSPECTORS/Assault Tunnel.png;Assault Tunnel;Squat Prospectors Tactics;"Play this gang tactic at the start of the battle,
after both sides have deployed, but before the
first round. Select a friendly fighter that is not
part of your starting crew and is not subject to
the Mounted condition. At the start of the third
round, before rolling for Initiative, the fighter
may be placed anywhere on the battlefield that
is at least 12"" away from any enemy models. If
there are no eligible fighters in your gang, you
may discard this gang tactic and select another.";Tunnel d'assaut;Prospecteurs squat;"Jouez cette tactique au début de la bataille, une fois que les deux camps se sont déployés, mais avant le premier round. Choisissez un combattant allié qui ne fait pas partie de votre gang de départ et qui n’est pas Mounted. Au début du troisième tour, avant de lancer les dés pour l’Initiative, le combattant peut être placé n’importe où sur le champ de bataille, à au moins 12"" de tout figurine ennemie. S’il n’y a aucun combattant éligible dans votre gang, vous pouvez abandonner cette tactique de gang et en choisir une autre."
../TacticsCards/SQUAT PROSPECTORS/Brace for Impact!.png;Brace for Impact!;Squat Prospectors Tactics;"Play this gang tactic after a friendly fighter has
been Engaged by an enemy fighter performing
the Charge (Double) action, before the enemy
fighter rolls any dice to attack.

For the duration of this attack, add 1 to any save
rolls made by the friendly fighter.";Préparez-vous à l’impact !;Prospecteurs squat;Utilisez cette tactique après qu'un combattant allié ait été engagé par un combattant ennemi effectuant l'action Charge (Double), avant que le combattant ennemi ne lance ses dés pour attaquer. Pendant toute la durée de cette attaque, ajoutez 1 à tous les jets de sauvegarde effectués par le combattant allié.
../TacticsCards/SQUAT PROSPECTORS/Deathblow!.png;| Deathblow!;Squat Prospectors Tactics;"Play this gang tactic when resolving damage on
an enemy fighter as a result of an attack made

by a friendly model, after rolling the Injury dice.
If you roll two or more results of Seriously
Injured, the enemy fighter is taken Out of Action
instead.";Coup fatal !;Prospecteurs squat;Jouez cette tactique lors du calcul des dégâts infligés à un combattant ennemi à la suite d'une attaque menée par un alliée, après avoir lancé le test d’Injury. Si vous obtenez au moins deux résultats Seriously injured, le combattant ennemi est mis Out of Action à la place.
../TacticsCards/SQUAT PROSPECTORS/Finest Craftsmanship.png;Finest Craftsmanship;Squat Prospectors Tactics;"Play this gang tactic when making a ranged attack
with a friendly model, before rolling to hit.

For the duration of this attack, either the Hit roll
or Wound roll may be re-rolled.";Artisanat d’exception;Prospecteurs squat;Jouez cette tactique lorsque vous effectuez une attaque à distance avec un combattant allié, avant de lancer le dé pour toucher. Pendant toute la durée de cette attaque, vous pouvez relancer soit le dé de toucher, soit le dé de blessure.
../TacticsCards/SQUAT PROSPECTORS/Fire in the Hole!.png;Fire in the Hole!;Squat Prospectors Tactics;"Play this gang tactic at the start of the battle,
after both sides have deployed, but before the
first round.

For the duration of this battle, D3 friendly
fighters of your choice count as being equipped
with blasting charges.";Grenade !;Prospecteurs squat;Utilisez cette tactique au début de la bataille, une fois que les deux camps se sont déployés, mais avant le premier round. Pendant toute la durée de cette bataille, D3 combattants alliés de votre choix sont considérés comme équipés de Blasting charges.
../TacticsCards/SQUAT PROSPECTORS/Get Back!.png;Get Back!;Squat Prospectors Tactics;"Play this gang tactic when a friendly fighter is
making Reaction attacks, before rolling any dice.
For the duration of this attack, the fighter's
attacks gain the Knockback trait.";Reculez !;Prospecteurs squat;Jouez cette tactique lorsqu'un combattant allié effectue des attaques de réaction, avant de lancer les dés. Pendant toute la durée de cette attaque, les attaques du combattant bénéficient de la caractéristique Knockback.
../TacticsCards/SQUAT PROSPECTORS/Honour the Ancestors.png;Honour the Ancestors;Squat Prospectors Tactics;"Play this gang tactic when making a Cool check
for a friendly fighter, before rolling any dice.
The fighter automatically passes the Cool check;
there is no need to roll any dice.";Honorez les ancêtres;Prospecteurs squat;Utilisez cette tactique lors d'un test de Cool pour un combattant allié, avant de lancer les dés. Le combattant réussit automatiquement le test de Cool, il n'est pas nécessaire de lancer les dés.
../TacticsCards/SQUAT PROSPECTORS/Listen to your Elders!.png;Listen to your Elders!;Squat Prospectors Tactics;"Play this gang tactic when making a Group
Activation.

Increase the number of fighters that can be
activated as part of the Group Activation by 1.";Écoutez vos aînés !;Prospecteurs squat;Utilisez cette tactique lors d'une activation de groupe. Augmentez de 1 le nombre de combattants pouvant être activés dans le cadre de l'activation de groupe.
../TacticsCards/SQUAT PROSPECTORS/Made to take a Beating.png;Made to take a Beating;Squat Prospectors Tactics;"Play this gang tactic at the start of the battle,
after both sides have deployed, but before the
first round.

For the duration of this battle, a friendly fighter
of your choice reduces the AP of all attacks
targeting them by 1.";Fait pour encaisser;Prospecteurs squat;Utilisez cette tactique au début du combat, une fois que les deux camps se sont déployés, mais avant le premier round. Pendant toute la durée de ce combat, un combattant allié de votre choix réduit de 1 l’AP de toutes les attaques qui le visent.
../TacticsCards/SQUAT PROSPECTORS/Mother Lode!.png;Mother Lode!;Squat Prospectors Tactics;"Play this gang tactic during the Wrap-up phase
of the post- battle sequence.

If your gang won the scenario, add 2D6x10
credits to your gang's Stash.";Filon mère !;Prospecteurs squat;Jouez cette tactique pendant la séquence d'après-combat. Si votre gang a remporté le scénario, ajoutez 2D6 × 10 crédits à la cagnotte de votre gang.
../TacticsCards/SQUAT PROSPECTORS/Running Repairs.png;Running Repairs;Squat Prospectors Tactics;"Play this gang tactic when activating a friendly
vehicle.

The vehicle immediately regains D3 HP lost
earlier in battle.";Réparations en marche;Prospecteurs squat;Utilisez cette tactique lorsque vous activez un véhicule allié. Le véhicule regagne immédiatement D3 points de vie perdus plus tôt au cours du combat.
../TacticsCards/SQUAT PROSPECTORS/Running on Vapours.png;Running on Vapours;Squat Prospectors Tactics;"Play this gang tactic at the start of any round,
before rolling for Initiative.

One enemy vehicle of your choice changes its
Status to Stationary and Stalled. If the enemy
gang doesn't have any vehicles in its starting
crew, you may discard this gang tactic and
select another.";Sur les vapeurs;Prospecteurs squat;Jouez cette tactique au début de n'importe quel tour, avant de lancer les dés pour l’initiative. Un véhicule ennemi de votre choix passe aux états Stationnary et Stalled. Si le gang ennemi ne dispose d'aucun véhicule dans son gang de départ, vous pouvez défausser cette tactique de gang et en choisir une autre.
../TacticsCards/SQUAT PROSPECTORS/Scrapper’s Delight.png;Scrapper’s Delight;Squat Prospectors Tactics;"Play this gang tactic when a friendly fighter
opens a Loot casket, before rolling to determine
the casket's contents.

Instead of rolling to determine the Loot casket's
contents, add D3x10 credits to your gang's Stash
and then remove the Loot casket from the
battlefield.";Délice de ferrailleur;Prospecteurs squat;Jouez cette tactique lorsqu'un combattant allié ouvre un Loot casket, avant de lancer les dés pour déterminer son contenu. Au lieu de lancer les dés pour déterminer le contenu du coffre de butin, ajoutez D3 × 10 crédits à la réserve de votre gang, puis retirez le coffre de butin du champ de bataille.
../TacticsCards/SQUAT PROSPECTORS/Thermal Visor.png;Thermal Visor;Squat Prospectors Tactics;"Play this gang tactic when activating a friendly
model.

For the duration of this activation, increase the
value of the Visibility (X"") rule by 6"". If the
Visibility CX"") rule is not in effect for this battle,
you may discard this gang tactic and select
another.";Visière thermique;Prospecteurs squat;Utilisez cette tactique lorsque vous activez un alliée. Pendant toute la durée de cette activation, augmentez la valeur de la règle de Visibilité (X) de 6. Si la règle de Visibilité (X) n'est pas en vigueur pour ce combat, vous pouvez défausser cette tactique de gang et en choisir une autre.
../TacticsCards/SQUAT PROSPECTORS/Too Stubborn to Die.png;Too Stubborn to Die;Squat Prospectors Tactics;"Play this gang tactic when damage is inflicted
upon a friendly fighter, after Injury dice are
rolled.

Discard one Injury dice of your choice before
applying the effects.";Trop têtu pour mourir;Prospecteurs squat;Jouez cette tactique lorsqu'un combattant allié subit des dégâts, après avoir lancé les dés d’Injury. Défaussez un dé d’Injury de votre choix avant d'appliquer les effets.
../TacticsCards/SQUAT PROSPECTORS/Vengeance of the Ironhead!.png;Vengeance of the lronhead!;Squat Prospectors Tactics;"Play this gang tactic after a friendly fighter has
been taken Out of Action by an enemy model.

A friendly fighter with line of sight to the enemy
fighter may immediately make a Shoot (Basic)
action targeting the enemy fighter.";Vengeance de l’Ironhead !;Prospecteurs squat;Utilisez cette tactique après qu'un combattant allié a été mis Out of Action par un ennemi. Un allié ayant une ligne de vue sur l'ennemi peut immédiatement effectuer une action de Shoot (basic) en ciblant ce dernier.
../TacticsCards/SQUAT PROSPECTORS/Veteran of the Wastes.png;Veteran of the Wastes;Squat Prospectors Tactics;"Play this gang tactic at the start of the battle,
after both sides have deployed, but before the
first round.

Until the end of the battle, a friendly model of
your choice gains a random skill from one of
their Primary skill sets.";Vétéran des Désolations;Prospecteurs squat;Utilisez cette tactique au début de la bataille, une fois que les deux camps se sont déployés, mais avant le premier tour. Jusqu'à la fin de la bataille, une figurine alliée de votre choix gagne une compétence aléatoire issue de l'un de ses ensembles de compétences principales.
../TacticsCards/UNDERDOG/Decoy.png;| Decoy;Underdog Tactics;"During Step 7 of the pre-battle sequence, tuck
this card under the Fighter card of one of your
fighters, but do not reveal it to your opponent.
If, at the end of the battle, this fighter has been
taken Out of Action by an enemy Champion or
Leader, this fighter gains D3 Experience points
ae 2D6x10 credits are added to your gang's
tash.";Leurre;Underdog;Au cours de l'étape 7 de la séquence d’avant combat, placez cette carte sous la carte Combattant de l'un de vos combattants, mais ne la montrez pas à votre adversaire. Si, à la fin du combat, ce combattant a été mis Out of Action par un Champion ou un leader ennemi, ce combattant gagne D3 points d'expérience et 2D6x10 crédits sont ajoutés à la caisse de votre gang.
../TacticsCards/UNDERDOG/Giant Killer.png;Giant Killer;Underdog Tactics;"| Play this card at the start of the battle, before
the first round.

For the duration of the battle, all of your |
fighters gain 1 extra Experience point for
taking an enemy fighter Out of Action.";Tueur géant;Underdog;Jouez cette tactique au début du combat, avant le premier tour. Pendant toute la durée du combat, tous vos combattants gagnent 1 point d'expérience supplémentaire lorsqu'ils mettent un combattant ennemi Out of Action.
../TacticsCards/UNDERDOG/Grateful Trader.png;Grateful Trader;Underdog Tactics;"Play this card during Step 7 of the pre-battle
sequence.

Choose one item of Wargear from the Trading
Post, up to a value of 3D6x10 credits with

a Rarity of 10 or less. For the duration of this
game, you may equip one of your fighters with
the item. If you win the battle, that fighter may
Keep the item.";Commerçant reconnaissant;Underdog;Jouez cette tactique lors de l'étape 7 de la séquence d’avant combat. Choisissez un équipement au Trading post, d'une valeur maximale de 3D6×10 crédits et d'une rareté de 10 ou moins. Pendant toute la durée de cette partie, vous pouvez équiper l'un de vos combattants avec cet équipement. Si vous remportez le combat, ce combattant peut conserver l'équipement.
../TacticsCards/UNDERDOG/Hard Training.png;Hard Training;Underdog Tactics;"During Step 7 of the pre-battle sequence, tuck
this card under the Fighter card of one of your
fighters, but do not reveal it to your opponent.
When the fighter activates for the first time,
reveal this card. You may immediately give this
fighter one Primary skill and one Secondary skill
of your choice. These skills last until the end of
the battle.";Entraînement intensif;Underdog;Au cours de l'étape 7 de la séquence d’avant combat, placez cette carte sous celle de l’un de vos combattant, mais ne la montrez pas à votre adversaire. Lorsque ce combattant s'active pour la première fois, montrez cette carte. Vous pouvez immédiatement attribuer à ce combattant une compétence principale et une compétence secondaire de votre choix. Ces compétences restent actives jusqu'à  la fin du combat.
../TacticsCards/UNDERDOG/Miraculous Recovery.png;Miraculous Recovery;Underdog Tactics;"Play this card during Step 7 of the pre-battle
sequence.

Choose one of your fighters who is in |
recovery. The fighter makes a sudden
recovery and is no longer in Recovery. You
may immediately swap this fighter for |
another fighter in your crew. |";Récupération miraculeuse;Underdog;Jouez cette tactique à l'étape 7 de la séquence d’avant combat. Choisissez l'un de vos combattants qui est en Recovery. Ce combattant se remet soudainement et n'est plus en Recovery. Vous pouvez immédiatement échanger ce combattant contre un autre combattant de votre équipe.
../TacticsCards/UNDERDOG/Old Wound.png;Old Wound;Underdog Tactics;"| Play this card during Step 7 of the pre-battle
sequence.

Choose one of your opponent's fighters. |
This fighter begins the game with a Flesh
Wound.";Vieille blessure;Underdog;Jouez cette tactique à l'étape 7 de la séquence d’avant combat. Choisissez l'un des combattants de votre adversaire. Ce combattant commence la partie avec une Flesh wound.
../TacticsCards/UNDERDOG/Paid in Full.png;Paid in Full;Underdog Tactics;"| Play this card during Step 3 of the post-
battle sequence.

For each friendly fighter who was taken Out |
of Action, add D6x10 credits to your gang's
Stash.";Payé rubis sur l’ongle;Underdog;Jouez cette tactique lors de l'étape 3 de la séquence d'après-combat. Pour chaque combattant allié qui a été mis Out of Action, ajoutez D6×10 crédits au butin de votre gang.
../TacticsCards/UNDERDOG/Secret Stash.png;Secret Stash;Underdog Tactics;"| Play this card during Step 3 of the post-
battle sequence.

If at least one of your fighters survived the |
battle without going Out of Action, add
3D6x10 credits to your gang’s Stash.";Cachette secrète;Underdog;Jouez cette tactique lors de l'étape 3 de la séquence d'après-combat. Si au moins un de vos combattants a survécu au combat sans être mis Out of Action, ajoutez 3D6 × 10 crédits au magot de votre gang.
../TacticsCards/UNDERDOG/Sudden Death.png;Sudden Death;Underdog Tactics;"| During Step 7 of the pre-battle sequence,
tuck this card under the Fighter card of one
of your fighters, but do not reveal it to your
opponent. |
Should this fighter take and enemy
Champion or Leader Out of Action, your
gang gains +6 Reputation.";Mort subite;Underdog;À l'étape 7 de la séquence d'avant-combat, placez cette carte sous celle de l'un de vos combattants, mais ne la montrez pas à votre adversaire. Si ce combattant met Out of Action un champion ou un leader ennemi, votre gang gagne +6 en Réputation.
../TacticsCards/UNDERDOG/Survivalist.png;Survivalist;Underdog Tactics;"During Step 7 of the pre-battle sequence, tuck
this card under the Fighter card of one of your
fighters, but do not reveal it to your opponent.
If, at the end of the battle, this fighter has not
gone Out of Action or succumbed to their
injuries, they gain D6 Experience points.";Survivaliste;Underdog;Au cours de l'étape 7 de la séquence d’avant combat, placez cette carte sous celle de l'un de vos combattants, mais ne la montrez pas à votre adversaire. Si, à la fin du combat, ce combattant n’a pas été mis Out of Action, il gagne D6 points d'expérience.
../TacticsCards/UNDERDOG/Wandering Doc.png;Wandering Doc;Underdog Tactics;"| Play this card during Step 5 of the post-
battle sequence.

You may make one Medical Escort action
without having to pay the Doc's fee of

2D6x 10 credits from your gang's Stash.";Doc errant;Underdog;Jouez cette tactique lors de l'étape 5 de la séquence d'après-combat. Vous pouvez effectuer une action de Medical escort sans avoir à payer les honoraires du Doc.
../TacticsCards/UNDERDOG/Welcome Stranger 1.png;Welcome Stranger;Underdog Tactics;"Play this card during Step 7 of the pre-battle
sequence.

Your gang may immediately hire a eG Hired
Gun worth up to 200 credits for free. ‘This
fighter is added to your crew prior to deployment
If no suitable model is available, discard this card
and draw another.

Note that this card is included twice in this deck,
potentially allowing two Hired Guns to be fielde";Bienvenue, étranger;Underdog;Jouez cette tactique lors de l'étape 7 de la séquence d’avant combat. Votre gang peut immédiatement engager gratuitement un mercenaire d'une valeur maximale de 200 crédits. Ce combattant est ajouté à votre équipe avant le déploiement.
../TacticsCards/UNDERDOG/Welcome Stranger 2.png;Welcome Stranger;Underdog Tactics;"Play this card during Step 7 of the pre-battle
sequence.

Your gang may immediately hire a eG Hired
Gun worth up to 200 credits for free. ‘This
fighter is added to your crew prior to deployment
If no suitable model is available, discard this card
and draw another.

Note that this card is included twice in this deck,
potentially allowing two Hired Guns to be fielde";Bienvenue, étranger;Underdog;Jouez cette tactique lors de l'étape 7 de la séquence d’avant combat. Votre gang peut immédiatement engager gratuitement un mercenaire d'une valeur maximale de 200 crédits. Ce combattant est ajouté à votre équipe avant le déploiement.
../TacticsCards/VAN SAAR/ Bodyguard.png;| Bodyguard;Yan Saar Tactics;"Play this gang tactic at the start of the
Deployment step of the pre-battle sequence,
before any fighters have been deployed.

One fighter with the Gang Fighter (X) belonging
to your gang that is not part of your starting crew
may be added to your starting crew. Nominate

a Leader or Champion within your crew. For the
duration of this battle, the chosen Gang Fighter
(X) follows the rules for Exotic Beasts, as if they
were owned by the chosen Leader and Champion";Garde du corps;Van Saar;Jouez cette tactique au début de l’étape de déploiement de la séquence d’avant-bataille, avant que les combattants ne soient déployés. Un combattant doté de la compétence Gang fighter (X) de votre gang et ne faisant pas partie de votre gang de départ peut être ajouté à votre gang de départ. Désignez un leader ou un champion au sein de votre équipe. Pendant toute la durée de cette bataille, le Gang fighter (X) choisi suit les règles applicables aux bêtes exotiques, comme s’il appartenait au leader et au champion désignés.
../TacticsCards/VAN SAAR/Ablative Mesh.png;Ablative Mesh;Yan Saar Tactics;"Play this gang tactic when a friendly Van Saar
fighter suffers a hit from any weapon with

a Strength characteristic other than '~’.

Treat this hit as having been caused by a weapon
with the Knockback trait but do not resolve

the hit itself. Instead, the hit is discarded.";Maille ablative;Van Saar;Utilisez cette tactique lorsqu'un combattant allié Van Saar subit un coup porté par une arme dont la caractéristique de Force n'est pas « ~ ». Considérez ce coup comme ayant été infligé par une arme dotée du trait Knockback, mais ne résolvez pas le coup lui-même. Au lieu de cela, le coup est ignoré.
../TacticsCards/VAN SAAR/Ammo Dump.png;Ammo Dump;Yan Saar Tactics;"Play this tactic at the start of the Deployment
step of the pre-battle sequence, before any
fighters have been deployed. Place an additional
Ammo crate anywhere on the battlefield. Any
fighter that activates whilst within 3"" of this
Ammo crate that is not Seriously Injured and
that has a weapon that is currently Out of
Ammo may immediately make a free Reload
(Simple) action. A fighter can make this action
even if they would normally be unable to do so,
e.g., if an Out of Ammo weapon has Scarce trait.";Dépôt de munitions;Van Saar;"Jouez cette tactique au début de la phase de déploiement, avant que le moindre combattant n'ait été déployé. Placez une caisse de munitions supplémentaire n'importe où sur le champ de bataille. Tout combattant qui s'active alors qu'il se trouve à au moins 3"" de cette caisse de munitions, qui n'est pas Seriously injured  peut immédiatement effectuer une action de Reload (simple). Un combattant peut effectuer cette action même s’il ne serait normalement pas en mesure de le faire, par exemple si une arme à court de munitions possède le trait Scarce."
../TacticsCards/VAN SAAR/Arachni-ropes.png;Arachni-ropes;Yan Saar Tactics;"Play this gang tactic at the start of the battle,
after both sides have deployed, but before the
first round.

For the duration of this battle, D6 friendly
fighters of your choice in your starting crew
count as being equipped with a grav chute
(make a note of this on the chosen fighters'
Fighter cards).";Arachni-cordes;Van Saar;Utilisez cette tactique au début de la bataille, une fois que les deux camps se sont déployés, mais avant le premier tour. Pendant toute la durée de cette bataille, D6 combattant alliés de votre choix parmi votre gang de départ sont considérés comme équipés d’un Grav chute.
../TacticsCards/VAN SAAR/Auto-Healer.png;Auto-Healer;Van Saar Tactics;"| Play this card at the start of any End phase.

|

Choose one Seriously Injured fighter. Rather

than rolling the Injury dice, you can choose ©
to have the fighter suffer a Flesh Wound and

become Pinned.

|

|";Guérisseur automatique;Van Saar;Jouez cette tactique au début de n'importe quelle phase de fin. Choisissez un combattant Seriously injured. Au lieu de faire le Injury roll, vous pouvez choisir de faire subir à ce combattant une Flesh wound et de le rendre Pinned.
../TacticsCards/VAN SAAR/Blood Cleanser.png;Blood Cleanser;Van Saar Tactics;"| Play at the start of any turn.

For the duration of the round, all friendly
models count their Toughnessas higher |
when affected by weapons with the Toxin

or Gas traits.";Purificateur sanguin;Van Saar;À jouer au début de n'importe quel tour. Pendant toute la durée du round, tous les modèles alliés voient leur Toughness augmentée lorsqu'ils sont touchés par des armes dotées des traits Toxin ou Gas.
../TacticsCards/VAN SAAR/Comm Burst.png;Comm Burst;Van Saar Tactics;"| Play at the start of any turn.

For this round, your gang's Leader can make
Rally actions for Broken fighters anywhere |
on the board. In addition, the range of
Leading by Example is increased to 18"" for
Leaders and 12"" for Champions.";Salve de communication;Van Saar;Jouez cette tactique au début d'un tour. Pendant ce tour, le chef de votre gang peut effectuer des actions de ralliement pour les combattants Broken n'importe où sur le plateau. De plus, la portée de Lead by example est portée à 18 pouces pour le leader et à 12 pouces pour les champions.
../TacticsCards/VAN SAAR/Cortical Stimulants.png;Cortical Stimulants;Van Saar Tactics;"Play at the start of the game, after |
deployment.

One fighter in your gang automatically |
passes Intelligence checks for the duration

of the battle.";Stimulants corticaux;Van Saar;Jouez cette tactique au début de la partie, après le déploiement. Un combattant de votre gang réussit automatiquement les tests d'Intelligence pendant toute la durée de la bataille.
../TacticsCards/VAN SAAR/Data Mining.png;Data Mining;Yan Saar Tactics;"Play this gang tactic at the start of the battle,
after both sides have deployed, but before

the first round.

Your opponent must immediately reveal to you
their remaining, unplayed gang tactics. After
reading your opponent's gang tactics, choose one.
Your opponent must immediately discard

the chosen gang tactic and randomly select
another.";Extraction de données;Van Saar;Jouez cette tactique au début de la bataille, une fois que les deux camps se sont déployés, mais avant le premier tour. Votre adversaire doit immédiatement vous dévoiler ses tactiques restantes et non encore jouées. Après avoir pris connaissance des tactiques de gang de votre adversaire, choisissez-en une. Votre adversaire doit immédiatement défausser la tactique choisie et en sélectionner une autre au hasard.
../TacticsCards/VAN SAAR/Defensive Protocols.png;Defensive Protocols;Yan Saar Tactics;"Play this gang tactic when a Leader or Champion
belonging to your gang is hit by a ranged attack,
before the hit is resolved.

You may choose to transfer the hit and all of its
effects onto any friendly fighter with the Gang
Fighter (X) special rule that is within 2"" of

the Leader or Champion that was hit.";Protocoles défensifs;Van Saar;"Jouez cette tactique lorsqu'un leader ou un champion de votre gang est touché par une attaque à distance, avant que le coup ne soit résolu. Vous pouvez choisir de transférer le hit et l'ensemble de ses effets sur tout combattant allié avec la règle spéciale Gang fighter (X) qui se trouve à au moins 2"" du leader ou du champion qui a été touché."
../TacticsCards/VAN SAAR/Enhanced Auspexes.png;Enhanced Auspexes;Van Saar Tactics;"| Play instead of activating a fighter.

For the remainder of the round, friendly
fighters may fire through line of sight |
blocking terrain such as doors and

barricades, but NOT through any
impassable terrain. These shots suffer a -2
penalty to hit and the target's armour save

is increased by 1.";Auspex améliorés;Van Saar;Jouer cette carte au lieu d'activer un combattant. Pendant le reste du tour, les combattants alliés peuvent tirer à travers des obstacles bloquant la ligne de vue, tels que des portes et des barricades, mais PAS à travers un  terrain infranchissable. Ces tirs subissent une pénalité de -2 pour toucher et la sauvegarde d'armure de la cible est augmentée de 1.
../TacticsCards/VAN SAAR/Enhanced Cyberteknika.png;Enhanced Cyberteknika;Yan Saar Tactics;"Play this gang tactic at the start of Deployment
step of the pre-battle sequence, before any
fighters have been deployed. For the duration

of this battle, any fighters in your gang equipped
with a piece of Cyberteknika may treat that piece
as being of the next level up. E.g. fighter
equipped with a piece of Alpha Cyberteknika
counts as being equipped with the Gamma level
equivalent for the duration of this battle.
Fighters equipped with Omega level
Cyberteknika gain no benefit.";Cyberteknika améliorée;Van Saar;Jouez cette tactique au début de la phase de déploiement de la séquence d'avant-bataille, avant que le moindre combattant n'ait été déployé. Pour la durée de cette bataille, tout combattant de votre gang équipé d’un élément de Cyberteknika peut considérer cet élément comme étant du niveau supérieur. Les combattants équipés d’un équipement Cyberteknika de niveau Omega ne bénéficient d’aucun avantage.
../TacticsCards/VAN SAAR/Experimental Rig.png;Experimental Rig;Van Saar Tactics;"Play at the start of the game, after both sides
have deployed.

Choose a weapon possessed by a friendly
fighter. For the duration of the game, this
weapon increases its Long range by 6"" and its
Strength by 1, but loses the Plentiful trait if it
has it, and gains the Scarce trait if it doesn't
have it.";Harnais expérimental;Van Saar;Jouez cette tactique au début de la partie, une fois que les deux camps se sont déployés. Choisissez une arme détenue par un combattant allié. Pendant toute la durée de la partie, cette arme voit sa portée longue augmentée de 6 pouces et sa Strength augmentée de 1, mais perd le trait Plentiful si elle en dispose, et gagne le trait Scarce si elle n'en dispose pas.
../TacticsCards/VAN SAAR/Feigned Nobility.png;Feigned Nobility;Yan Saar Tactics;"Play this tactic at the start of Deployment step of
the pre-battle sequence, before deploying any
fighters. You may recruit either a House Agent
or a Dramatis Personae for this battle. They're
taken in addition to your starting crew. If you
don't have a model, you may discard this tactic
and select another. If this fighter is taken OoA,
every friendly fighter suffers a -2 modifier to
their Cool for the rest of this battle. If this is a
campaign battle, your gang loses 5 Rep and the
gang that takes this fighter OoA gains 3 Rep.";Noblesse feinte;Van Saar;Jouez cette tactique au début de la phase de déploiement, avant de déployer tout combattant. Vous pouvez recruter soit un House agent, soit un Dramatis Personae pour cette bataille. Ils s'ajoutent à votre gang de départ. Si ce combattant est mis Out of Action, tous les combattants alliés subissent un modificateur de -2 à leur Cool pour le reste de cette bataille. S'il s'agit d'une bataille de campagne, votre gang perd 5 points de réputation et le gang qui met ce combattant Out of Action gagne 3 points de réputation.
../TacticsCards/VAN SAAR/Hyper Auto-Loader.png;| Hyper Auto-Loader;Van Saar Tactics;"Play when a fighter makes a ranged attack.

If the fighter is using a weapon with the Rapid
Fire trait, they may roll 2 extra Firepower dice.
After working out the effects of the shot, their
ranged weapon automatically counts as having
failed an Ammo check, regardless of the results
of the Firepower dice.";Hyper chargeur automatique;Van Saar;À jouer lorsqu'un combattant effectue une attaque à distance. Si le combattant utilise une arme dotée de la caractéristique Rapid fire (X), il peut lancer 2 dés de puissance de tir supplémentaires, mais considère son arme Out of ammo et en subit les effets concomitant (Unstable par exemple)
../TacticsCards/VAN SAAR/Longshot.png;| Longshot;Yan Saar Tactics;"Play this gang tactic when a friendly Van Saar
fighter makes a Shoot (Basic) action, before
rolling any dice.

For the duration of this action, this fighter's BS
is 2+. In addition, for the duration of this action,
this fighter ignores all negative modifiers that
may apply to their hit rolls. However, after
resolving the attack, the weapon is immediately
Out of Ammo.";Tir longue distance;Van Saar;Jouez cette tactique lorsqu'un combattant Van Saar allié effectue une action de Shoot (Basic), avant de lancer les dés. Pendant la durée de l'action, la BS est de 2+. De plus, ce combattant ignore tous les modificateurs négatifs qui pourraient s'appliquer à ses jets d'attaque. Après l'attaque, l'arme est immédiatement Out of ammo.
../TacticsCards/VAN SAAR/Medical Intervention.png;Medical Intervention;Yan Saar Tactics;"Play this gang tactic during any End phase,
before making any Recovery tests.

Choose one Seriously Injured friendly Van Saar
fighter. Do not make a Recovery test for this
fighter. Instead, this fighter immediately
recovers, exactly as if a Flesh Wound result had
been rolled for them.";Intervention médicale;Van Saar;Jouez cette tactique pendant n'importe quelle phase de fin, avant d'effectuer tout Recovery test. Choisissez un combattant Van Saar allié Seriously injured. N'effectuez pas de Recovery test pour ce combattant. À la place, ce combattant se rétablit immédiatement, exactement comme si un résultat Flesh wound avait été obtenu pour lui.
../TacticsCards/VAN SAAR/Medical Protocols.png;Medical Protocols;Van Saar Tactics;"| Play at the start of any End phase.

For the duration of this End phase, when
any fighter assists a friendly fighter's |
Recovery test, roll an extra Injury dice, then
choose one to keep.";Protocoles médicaux;Van Saar;Jouez cette tactique au début de n'importe quelle phase de fin. Pendant toute la durée de cette phase de fin, lorsqu'un combattant aide un combattant allié à effectuer un Recovery test, lancez un dé d’Injury supplémentaire, puis choisissez-en un à conserver.
../TacticsCards/VAN SAAR/Mesh Underlay.png;Mesh Underlay;Van Saar Tactics;"| Play when a fighter is hit by a ranged attack.
For the remainder of the battle, the chosen
fighter's armour saves are not modified by |
AP when hit by a ranged attack.";Sous-couche en maille;Van Saar;À jouer lorsqu'un combattant est touché par une attaque à distance. Pendant le reste du combat, les jets de sauvegarde d'armure du combattant choisi ne sont pas modifiés par l’AP lorsqu'il est touché par une attaque à distance.
../TacticsCards/VAN SAAR/Overcharge.png;Overcharge;Van Saar Tactics;"Play when a fighter makes a ranged attack. |
For the duration of the fighter's activation, _
one of their Las or Plasma ranged weapons |
increases its Strength by 2.";Surcharge;Van Saar;Jouez cette tactique lorsqu'un combattant effectue une attaque à distance. Pendant toute la durée de l'activation du combattant, l'une de ses armes à distance à laser ou plasma voit sa Strength augmentée de 2.
../TacticsCards/VAN SAAR/Pneumatic Injectors.png;Pneumatic [njectors;Van Saar Tactics;"Play when a fighter makes a melee attack.
For the duration of the fighter's activation,
one of their melee weapons increases its
Strength by 2.";Injecteurs pneumatiques;Van Saar;À jouer lorsqu'un combattant effectue une attaque au corps à corps. Pendant toute la durée de l'activation du combattant, l'une de ses armes de corps à corps voit sa Strength augmentée de 2.
../TacticsCards/VAN SAAR/Power Up.png;Power Up;Yan Saar Tactics;"Play this gang tactic when afriendly Van
Saar fighter makes an attack using any form

of 'las' weapon. |
For the duration of this action, the Strength
characteristic of the weapon used is doubled";Mise sous tension;Van Saar;Utilisez cette tactique lorsqu'un combattant VanSaar allié lance une attaque à l'aide d'une arme de type laser. Pendant toute la durée de cette action, la caractéristique de Strength de l'arme utilisée est doublée
../TacticsCards/VAN SAAR/Rad-clouds.png;Rad-clouds;Yan Saar Tactics;"Play this gang tactic at the start of the battle,
after both sides have deployed, but before the
first round. Place D3 markers anywhere on the
battlefield, more than 6"" away from an enemy
fighter. Roll a D6 for any fighter, friend or foe,
that is not from House Van Saar that ends their
activation within 3"" of the centre of one of these
markers. On a 5 or 6, that fighter immediately
suffers a Flesh Wound. At the start of each End
phase, roll a D6 for each marker. On a 1,

the marker is removed.";Nuages rad;Van Saar;"Jouez cette tactique au début de la bataille, une fois que les deux camps se sont déployés, mais avant le premier tour. Placez D3 marqueurs n'importe où sur le champ de bataille, à plus de 6"" d'un combattant ennemi. Lancez un D6 pour tout combattant, allié ou ennemi, qui n'appartient pas à la Maison Van Saar et qui termine son activation à au moins 3"" du centre de l'un de ces marqueurs. Sur un 5 ou un 6, ce combattant subit immédiatement une Flesh wound. Au début de chaque phase de fin, lancez un D6 pour chaque marqueur. Sur un 1, le marqueur est retiré."
../TacticsCards/VAN SAAR/Rapid Fire.png;Rapid Fire;Van Saar Tactics;"| Play this card when activating a fighter.
This fighter can perform a free Shoot (Basic)
action during its activation. This free action |
is in addition to its two normal actions.";Tir rapide;Van Saar;Jouez cette tactique lorsque vous activez un combattant. Ce combattant peut effectuer une action de Shoot (basic) gratuite lors de son activation. Cette action gratuite s'ajoute à ses deux actions normales.
../TacticsCards/VAN SAAR/Security Override.png;Security Override;Yan Saar Tactics;"If your gang is the attacker, play this tactic during
the Priority phase of any round, after Roll for
Priority, but before Ready Fighters. If your gang
is not the attacker, discard this tactic and select
another. Every closed door on the battlefield
immediately opens. Every locked door
immediately unlocks and opens. Every door
terminal on the battlefield immediately ceases

to function (and may be removed). If there are
fewer than three doors on the battlefield, you
may discard this tactic and select another.";Contournement de sécurité;Van Saar;Si votre gang est l'attaquant, jouez cette tactique pendant la phase de Priorité de n'importe quel tour, après le jet de Priorité. Si votre gang n'est pas l'attaquant, défaussez cette tactique et choisissez-en une autre. Toutes les portes fermées sur le champ de bataille s'ouvrent immédiatement. Toutes les portes verrouillées se déverrouillent et s'ouvrent immédiatement. Tous les terminaux de porte sur le champ de bataille cessent immédiatement de fonctionner (et peuvent être retirés). S'il y a moins de trois portes sur le champ de bataille, vous pouvez défausser cette tactique et en choisir une autre.
../TacticsCards/VAN SAAR/Shut-in.png;Shut-in;Yan Saar Tactics;"If you are the defender, play this tactic during
the Priority phase of any round, after Roll for
Priority, but before Ready Fighters. If you aren't
the defender, discard this tactic and select another
Open doors on the battlefield immediately close.
Doors with a terminal become locked. Closed
doors without a terminal also become locked but
can only be opened by force, either by targeting
with attacks or by performing a Force Door
(Basic) action. If there are fewer than three doors
you may discard this tactic and select another.";Reclus;Van Saar;Si vous êtes le défenseur, jouez cette tactique pendant la phase de Priorité de n’importe quel tour, après le jet de Priorité. Si vous n’êtes pas le défenseur, défaussez cette tactique et choisissez-en une autre. Les portes ouvertes sur le champ de bataille se referment immédiatement. Les portes équipées d'un terminal sont verrouillées. Les portes fermées sans terminal sont également verrouillées, mais ne peuvent être ouvertes que par la force, soit en les ciblant avec des attaques, soit en effectuant une action Force door (Basic). S'il y a moins de trois portes, vous pouvez défausser cette tactique et en choisir une autre.
../TacticsCards/VAN SAAR/Tracer Fire.png;Tracer Fire;Yan Saar Tactics;"Play this gang tactic during the Priority phase of
any round, after Roll for Priority, but before
Ready Fighters.

For the duration of this round, any friendly
fighter that performs a Shoot (Basic) or Shoot
(Double) action as part of a Group Activation
may apply a +1 modifier to their Ballistic Skill
for the duration of their activation.";Feu traceur;Van Saar;Jouez cette tactique pendant la phase de priorité de n'importe quel tour, après le jet de priorité. Pendant toute la durée de ce tour, tout combattant allié qui effectue une action de Shoot (basic) ou de Shoot (double) dans le cadre d'une activation de groupe peut appliquer un modificateur de +1 à sa BS pendant toute la durée de son activation.
../TacticsCards/VAN SAAR/Unexpected Allies.png;Unexpected Allies;Yan Saar Tactics;"Play this tactic at the start of the Deployment
step of the pre-battle sequence, before any
fighters have been deployed. Your gang may
immediately recruit up to three Subteks. They're
recruited for free but will leave the gang at the
end of this battle. Each Subtek has either a lasgu
or two laspistols. These fighters aren't counted
towards your maximum crew size - they're taken
in addition to your starting crew. If you don't
have models available, you may discard this tactic
and select another.";Des alliés inattendus;Van Saar;Jouez cette tactique au début de l'étape de Déploiement de la séquence d'avant-bataille, avant le déploiement des combattants. Votre gang peut recruter immédiatement jusqu'à trois Subteks. Ils sont recrutés gratuitement, mais quitteront le gang à la fin de cette bataille. Chaque Subtek est équipé d’un lasgun ou de deux laspistols. Ces combattants ne sont pas pris en compte dans la taille maximale de votre gang.
../TacticsCards/VAN SAAR/Warforge.png;Warforge;Van Saar Tactics;"| Play at the start of the game, after both sides
have deployed.

For the duration of this battle, all friendly
models add a +1 modifier to any Ammo
checks they are required to take.";Forge de guerre;Van Saar;Jouer au début de la partie, une fois que les deux camps se sont déployés. Pendant toute la durée de cette bataille, toutes les figurines amies bénéficient d'un modificateur de +1 à tous les tests de munitions qu'elles doivent effectuer.
../TacticsCards/VAN SAAR/Weakened Physiology.png;Weakened Physiology;Yan Saar Tactics;"Play this gang tactic during any End phase,
before your opponent makes any Recovery tests.
Choose one Seriously Injured fighter belonging
to the enemy gang. Your opponent must roll one
extra Injury dice when making a Recovery test for
this fighter. In addition, you may choose which
Injury dice result is resolved and which are
discarded.";Physiologie affaiblie;Van Saar;Jouez cette tactique pendant n'importe quelle phase de fin, avant que votre adversaire n'effectue ses Recovery test. Choisissez un combattant Seriously injured appartenant au gang ennemi. Votre adversaire doit lancer un dé de blessure supplémentaire lorsqu'il effectue un Recovery test pour ce combattant. De plus, vous pouvez choisir quel résultat de dé de blessure est pris en compte et lesquels sont écartés.
../TacticsCards/VAN SAAR/Weapon Drill.png;Weapon Drill;Yan Saar Tactics;"Play this gang tactic at the start of the battle,
after both sides have deployed, but before

the first round.

For the duration of this battle, you may re-roll
any rolls of a natural 1 made when making

an Ammo check.";Exercice de tir;Van Saar;Jouez cette tactique au début de la bataille, une fois que les deux camps se sont déployés, mais avant le premier tour. Pendant toute la durée de cette bataille, vous pouvez relancer tout jet de 1 naturel obtenu lors d'un test de munitions.
../TacticsCards/VAN SAAR VEHICLES/Auspex Bafflers.png;Auspex Bafflers;Van Saar Vehicle Tactics;"Play this gang tactic at the start of the battle
before the first roll for Priority.

Select a friendly vehicle. For the duration of this
battle, they do not gain the Revealed condition
for moving or firing a weapon. At the end of each
of the vehicle's activations, roll a D6. On a result
of a 1, the auspex bafflers stop working and have
no further effect.";Brouilleurs d’auspex;Véhicules Van Saar;Utilisez cette tactique au début de la bataille, avant le premier jet de Priorité. Choisissez un véhicule allié. Pendant toute la durée de cette bataille, celui-ci ne se retrouve pas en état Revealed lorsqu’il se déplace ou tire avec une arme. À la fin de chacune des activations du véhicule, lancez un D6. Si le résultat est 1, les brouilleurs d’auspex cessent de fonctionner et n’ont plus aucun effet.
../TacticsCards/VAN SAAR VEHICLES/Auto-righting Stabilisers.png;Auto-righting Stabilisers;Van Saar Vehicle Tactics;"Play this gang tactic at the start of the battle
before the first roll for Priority. Select D3
friendly fighters subject to the Mounted
condition.

For the duration of the battle, they treat their
Initiative characteristic as 2+ when performing
the Stand Up (Basic) action.";Stabilisateurs auto-redresseurs;Véhicules Van Saar;Utilisez cette tactique au début de la bataille, avant le premier jet de Priorité. Choisissez D3 combattants alliés Mounted. Pendant toute la durée de la bataille, ils considèrent que leur caractéristique d’Initiative est de 2+ lorsqu’ils effectuent l’action Stand up (basic).
../TacticsCards/VAN SAAR VEHICLES/Automantic Kill-switch.png;Automantic Kill-switch;Van Saar Vehicle Tactics;"Play this gang tactic instead of activating

a friendly model.

Select a Mobile enemy vehicle. Change its Status
to Stationary and Stalled.";Coupe-circuit automatique;Véhicules Van Saar;Utilisez cette tactique au lieu d'activer une figurine alliée. Sélectionnez un véhicule ennemi en mouvement. Modifiez son statut pour le rendre Stationnary et Stalled.
../TacticsCards/VAN SAAR VEHICLES/Automantic Override.png;Automantic Override;Van Saar Vehicle Tactics;"Play this gang tactic instead of activating

a friendly model.

Select a weapon with the Crew Operated trait
mounted on an enemy vehicle. The enemy
vehicle suffers an automatic hit in the Side from
the selected weapon.";Contournement automatique;Véhicules Van Saar;Utilisez cette tactique au lieu d'activer une figurine alliée. Choisissez une arme dotée du trait Crew operated montée sur un véhicule ennemi. Le véhicule ennemi subit automatiquement un tir sur le flanc provenant de l'arme choisie.
../TacticsCards/VAN SAAR VEHICLES/Automated Repair.png;Automated Repair;Van Saar Vehicle Tactics;"Play this gang tactic at the start of the battle
before the first roll for Priority.

Select a friendly vehicle. For the duration of the
battle, roll a D6 for the vehicle during the
Recovery and Restart step of the End phase; on
a 5+ the vehicle regains 1 Hull Point lost earlier
in the battle.";Réparation automatisée;Véhicules Van Saar;"Jouez cette tactique au début de la bataille, avant le premier jet de dé pour déterminer la priorité. Choisissez un véhicule allié. Pendant toute la durée de la bataille, lancez un D6 pour ce véhicule lors de l’ étape Recovery and restart de la phase de fin ; sur un résultat de 5 ou plus, le véhicule regagne 1 point de coque perdu plus tôt au cours de la bataille."
../TacticsCards/VAN SAAR VEHICLES/Custom Upgrade.png;Custom Upgrade;Van Saar Vehicle Tactics;"Play this gang tactic at the start of the battle
before the first roll for Priority.

A friendly vehicle of your choice may be
equipped with an Upgrade that costs 30 credits
or less for free for the duration of this battle.";Amélioration personnalisée;Véhicules Van Saar;Utilisez cette tactique au début de la bataille, avant le premier jet de dé pour déterminer la priorité. Un véhicule allié de votre choix peut être équipé gratuitement d'une amélioration coûtant 30 crédits ou moins pendant toute la durée de cette bataille.
../TacticsCards/VAN SAAR VEHICLES/Energy Dispersion Field.png;Energy Dispersion Field;Van Saar Vehicle Tactics;"Play this gang tactic when a friendly vehicle has
been wounded before rolling to save.

For the duration of this attack, the vehicle gains
a 4+ field armour save.";Champ de dispersion d'énergie;Véhicules Van Saar;Utilisez cette tactique lorsqu'un véhicule allié a été blessé, avant de lancer son jet de sauvegarde. Pendant toute la durée de cette attaque, le véhicule bénéficie d'une sauvegarde de blindage de terrain de 4+.
../TacticsCards/VAN SAAR VEHICLES/Holo-projector.png;Holo-projector;Van Saar Vehicle Tactics;"Play this gang tactic when a friendly fighter
subject to the Mounted condition is declared the
target of a shooting attack before rolling to hit.
The target of the attack may immediately move
up to D6"". If they are no longer a valid target for
the shooting attack, the action is wasted.";Holo-projecteur;Véhicules Van Saar;Utilisez cette tactique lorsqu'un combattant allié Mounted est désigné comme cible d'une attaque à distance avant le jet de tir. La cible de l'attaque peut immédiatement se déplacer jusqu'à D6 pouces. Si elle n'est plus une cible valable pour l'attaque à distance, l'action est perdue.
../TacticsCards/VAN SAAR VEHICLES/Hydraulic Repulsion Bar.png;Hydraulic Repulsion Bar;Van Saar Vehicle Tactics;"Play this gang tactic at the start of the battle
before the first roll for Priority.

Select a friendly vehicle. The vehicle takes no
damage from the first collision that it is involved
in.";Barre de répulsion hydraulique;Véhicules Van Saar;Utilisez cette tactique au début de la bataille, avant le premier jet de dé pour déterminer la priorité. Choisissez un véhicule allié. Ce véhicule ne subit aucun dégât lors de la première collision à laquelle il participe.
../TacticsCards/VAN SAAR VEHICLES/Power to the Engines.png;Power to the Engines;Van Saar Vehicle Tactics;"Play this gang tactic when activating a friendly
fighter subject to the Mounted condition before
performing any actions.

For the duration of this activation, the fighter's
Movement characteristic is increased by 2"".";Puissance aux moteurs;Véhicules Van Saar;Jouez cette tactique lorsque vous activez un combattant allié Mounted avant d'effectuer toute action. Pendant toute la durée de cette activation, la caractéristique de Déplacement du combattant est augmentée de 2 ».
../TacticsCards/VAN SAAR VEHICLES/Rad Vents.png;Rad Vents;Van Saar Vehicle Tactics;"Play this gang tactic when activating a friendly
vehicle before performing any actions.

For the duration of this activation, any fighter
(friend or foe) who comes within 1"" of this
vehicle at any point during its activation must
test as if they had been hit by a weapon with
the Rad-phage trait.";Évents rad;Véhicules Van Saar;Utilisez cette tactique lorsque vous activez un véhicule allié avant d'effectuer toute action. Pendant toute la durée de cette activation, tout combattant (allié ou ennemi) qui s'approche à au moins 1 pouce de ce véhicule à n'importe quel moment de son activation doit passer un test comme s'il avait été touché par une arme dotée de la caractéristique Rad-phage.
../TacticsCards/VAN SAAR VEHICLES/Rad-rounds.png;Rad-rounds;Van Saar Vehicle Tactics;"Play this gang tactic when activating a friendly
vehicle before performing any actions.

For the duration of this activation, all of the
vehicle's weapons with the Crew Operated
trait also gain the Rad-phage trait.";Munitions rad;Véhicules Van Saar;Utilisez cette tactique de gang lorsque vous activez un véhicule allié avant d'effectuer toute action. Pendant toute la durée de cette activation, toutes les armes du véhicule dotées du trait Crew operated acquièrent également le trait Rad-phage.
../TacticsCards/VAN SAAR VEHICLES/Ram Run.png;Ram Run;Van Saar Vehicle Tactics;"Play this gang tactic when activating a friendly
fighter subject to the Mounted condition before
performing any actions.

For the duration of its activation, any Ride-by
attacks performed by the fighter are resolved at
$4, AP-1, D2 with the Knockback trait.";Course d’éperonnage;Véhicules Van Saar;Jouez cette tactique lors de l'activation d'un combattant allié Mounted avant effectuer des actions. Pendant la durée de son activation, toute attaque Ride-by effectuées par le combattant sont résolues à S4, AP-1, D2 avec le trait Knockback.
../TacticsCards/VAN SAAR VEHICLES/Redirect Power.png;Redirect Power;Van Saar Vehicle Tactics;"Play this gang tactic when activating a friendly
vehicle before performing any actions.

For the duration of its activation, the vehicle
cannot move; however, the Strength of any of its
'las' weapons with the Crew Operated trait is
increased by 2.";Rediriger la puissance;Véhicules Van Saar;"Utilisez cette tactique lorsque vous activez un véhicule allié avant d'effectuer toute action. Pendant toute la durée de son activation, le véhicule ne peut pas se déplacer ; cependant, la Strength de n'importe laquelle de ses armes laser dotées du trait Crew operated est augmentée de 2."
../TacticsCards/VAN SAAR VEHICLES/Refined Fuel Coils.png;Refined Fuel Coils;Van Saar Vehicle Tactics;"Play this gang tactic at the start of the battle
before the first roll for Priority.

Select D3 friendly fighters subject to the
Mounted condition. They may each perform
a free Move (Simple) action, but cannot move
further than 6"".";Bobines de combustible raffiné;Véhicules Van Saar;"Jouez cette tactique au début de la bataille avant le premier lancer pour la Priorité. Choisissez D3 combattants alliés Mounted. Ils peuvent chacun effectuer une action de Move (Simple) gratuite, mais ne peuvent pas bouger de plus de 6""."
../TacticsCards/VAN SAAR VEHICLES/Reinforced Superstructure.png;Reinforced Superstructure;Van Saar Vehicle Tactics;"Play this gang tactic when a friendly vehicle is
Wrecked before rolling on the Lasting Damage
table.

Roll twice on the Lasting Damage table and
choose which result to apply.";Superstructure renforcée;Véhicules Van Saar;Jouez cette tactique lorsqu'un véhicule allié est détruit avant de lancer sur le tableau Lasting damage, lancez deux fois sur le tableau des dégâts durables et choisissez le résultat à appliquer.
../TacticsCards/VAN SAAR VEHICLES/Targeting Relay.png;Targeting Relay;Van Saar Vehicle Tactics;"Play this gang tactic when activating a friendly
vehicle before performing an action.

Select an enemy model within 12"" of the vehicle.
For the remainder of the round, friendly models
apply a +1 modifier to hit the enemy model with
shooting attacks.";Relais de ciblage;Véhicules Van Saar;"Jouez cette tactique lors de l'activation d'un ami véhicule avant d’effectuer une action. Choisissez un ennemi à au moins 12"" du véhicule. Pour la suite du round, les modèles alliés ont un modificateur de +1 pour toucher cet ennemi avec les attaques de tir."
../TacticsCards/VAN SAAR VEHICLES/Targeting Scramblers.png;Targeting Scramblers;Van Saar Vehicle Tactics;"Play this gang tactic when activating a friendly
model before performing any actions.

For the duration of this activation, the model
may perform the Jam (Basic) action.

Jam (Basic): Select an enemy vehicle within 12"".
For the remainder of the round, they suffer a -1
modifier to all hit rolls.";Brouilleurs de ciblage;Véhicules Van Saar;"Jouez cette tactique lors de l'activation d'un modèle ami avant d’effectuer toute action. Pendant la durée de cette activation, le modèle peut effectuer l’action Jam (Basic). Jam (Basic) : Choisissez un véhicule ennemi dans un rayon de 12"". Pour le reste du round, ils subissent un -1 modificateur à tous les jets de touche."
../TacticsCards/ZONE MORTALIS/Ambush Alley.png;Ambush Alley;Zone Mortalis Tactics;"Play this gang tactic when an enemy fighter
performs the Operate Door (Simple), Access
Terminal (Basic) or Force Door (Basic) action.
After the enemy fighter completes the action,
choose a friendly fighter with line of sight to that
enemy fighter. The friendly fighter may
immediately perform a free Shoot (Basic) action.
If the enemy fighter is still Standing and Active,
they may perform a second action (if they have
not done so already).";Allée des embuscades;Zone Mortalis;Jouez cette tactique lorsqu'un combattant ennemi effectue l’action Operate door (simple), Access terminal (basic) ou Force door (basic). Une fois que le combattant ennemi a terminé l'action, choisissez un combattant allié avec une ligne de vue sur lui combattant ennemi. Le combattant allié peut effectuez immédiatement une action Shoot (basic) gratuite. Si le combattant ennemi est toujours Debout et Actif, il peut continuer son activation.
../TacticsCards/ZONE MORTALIS/Call the Beast.png;Call the Beast;Zone Mortalis Tactics;"| 1
Play this gang tactic when an enemy fighter |
performs a Move (Simple) action. |
After the enemy fighter completes their |
“movement, nominate a Vent anywhere on —
the battlefield. For the remainder of this |
battle, this Vent counts as a Beast's Lair as
described in the Necromunda Rulebook.
|";Appeler la bête;Zone Mortalis;Jouez cette tactique lorsqu'un combattant ennemi effectue une action de Move (simple). Une fois que le combattant ennemi a terminé son mouvement, nommez un évent n'importe où sur le champ de bataille. Pour le reste de ce bataille, cet évent compte comme un Beast lair comme décrit dans le livre de règles de Necromunda.
../TacticsCards/ZONE MORTALIS/Cometh the Harvest Lord!.png;Cometh the Harvest Lord!;Zone Mortalis Tactics (Corpse Grinder;"Play this gang tactic when a friendly fighter |
activates within 1"" of a closed Door.

The fighter may perform a free Fight (Basic)
action against one enemy fighter within 1""
of the other side of the Door.";Voici venir le Seigneur de la moisson !;Zone Mortalis (Corspe grinders);"Jouez cette tactique lorsqu’un combattant allié s’active à 1"" ou moins d’une porte fermée. Ce combattant peut effectuer gratuitement une action Combat (basic) contre un combattant ennemi situé à 1"" ou moins de l’autre côté de la porte."
../TacticsCards/ZONE MORTALIS/Emergency Repulsors.png;Emergency Repulsors;Zone Mortalis Tactics;"Play this gang tactic when a friendly fighter falls
or jumps down from a ledge, but before working
out the effects of the fall or jump.
Place a 5"" Blast marker anywhere on the
battlefield and leave it in place for the remainder
of this round. Fighters falling or jumping down
one this marker take no damage and are not
inned.";Répulseurs d'urgence;Zone Mortalis;"Jouez cette tactique lorsqu'un combattant allié tombe ou saute d'un rebord, mais avant d’appliquer les effets de la chute ou du saut. Placez un gabarit Blast de 5"" n'importe où sur le champ de bataille et laissez-le en place pour le reste de ce tour. Les combattants tombant ou sautant sur ce gabarit ne subissent aucun dégât et ne sont pas Pinned."
../TacticsCards/ZONE MORTALIS/Fighting Reatreat.png;Fighting Retreat;Zone Mortalis Tactics (Orlock);"Play this gang tactic when your gang fails

a Bottle test.

For the remainder of this battle, all fighters _

in your gang may treat the Operate Door |

(Simple) action as a free action once during _

their activation.
|";Retraite de combat;Zone Mortalis (Orlock);Jouez cette tactique lorsque votre gang échoue un Bottle test. Pour le reste de cette bataille, tous les combattants de votre gang peuvent traiter l’action Operate door (simple) comme action gratuite une fois pendant leur activation.
../TacticsCards/ZONE MORTALIS/From Below.png;From Below;Zone Mortalis Tactics;"Play this gang tactic after rolling for
Reinforcements but before placing reinforcement
fighters on the battlefield.

Friendly fighters arriving via the Reinforcement
rules can be deployed in the same manner as
fighters with the Infiltrate skill, as long as they
are deployed within 2"" of a Pipe or Vent.";D'en bas;Zone Mortalis;"Jouez cette tactique après avoir tester pour les renforts mais avant de placer les renforts sur le champ de bataille. Les combattants alliés arrivant via les règles de renforts peuvent être déployées de la même manière que combattants dotés de la compétence Infiltration, à condition qu'ils soient déployés à au moins 2"" d'un tuyau ou d'un évent."
../TacticsCards/ZONE MORTALIS/Hidden Swarm.png;Hidden Swarm;Zone Mortalis Tactics (Genestealer Cu;"Play this gang tactic during the End phase of any
round, before deploying any Reinforcements.
Your gang may immediately deploy up to D3
Reinforcements from those fighters in your
Reinforcement deck within 3"" of a friendly
Leader or Champion. These fighters must be
placed within 1"" of a Vent and at least 1"" from
any enemy fighter. No additional Reinforcements
can arrive this round. If a fighter cannot be
placed in this manner, the fighter is deployed as
normal instead.";Essaim caché;Zone Mortalis (Culte Genestealer);"Jouez cette tactique pendant la phase de fin de un tour, avant de déployer des renforts. Votre gang peut se déployer immédiatement jusqu'à D3 combattant en renforts à au moins 3"" d'un leader ou d’un champion allié. Ces combattants doivent être placé à au moins 1"" d'un évent et à au moins 1"" de un combattant ennemi. Aucun renforts supplémentaires ne peut arriver ce tour. Si un combattant ne peut pas être placé de cette manière, le combattant est déployé normalement à la place."
../TacticsCards/ZONE MORTALIS/Hidden Vent.png;Hidden Vent;Zone Mortalis Tactics;"Play this gang tactic when a friendly fighter |
performs Move (Simple) action.

During their movement, this fighter may
pass through Impassable terrain, provided
they end their movement with no part of
their base within the Impassable terrain.";Conduit caché;Zone Mortalis;Jouez cette tactique lorsqu'un combattant allié effectue une action de Move (simple). Lors de son déplacement, ce combattant peut traverser un terrain infranchissable, à condition ils terminent leur mouvement sans aucune partie de sa base dans le terrain infranchissable.
../TacticsCards/ZONE MORTALIS/Hunter in the Dark.png;Hunter in the Dark;Zone Mortalis Tactics (Venators);"Play this tactic during the Priority phase of any
round, after Roll for Priority, but before Ready
Fighters. Choose a 12""x12"" section of the
battlefield. Fighters within and moving into it
this round immediately gain Hidden, as if affecte
by Pitch Black rules. It can be lost as described in
Pitch Black rules or if the fighter moves outside
this section. A fighter who loses it can't gain it
again this round. During the End phase of this
round, all fighters discard Hidden markers
caused by this tactic and it's discarded.";Chasseur dans le noir;Zone Mortalis (Venators);"Jouez cette tactique pendant la phase de priorité d’un tour, après le lancer pour la priorité. Choisissez une section de 12""x12"" du champ de bataille. Les combattants à l'intérieur et s'y déplaçant ce tour gagne immédiatement la condition Hidden, comme s'ils étaient affectés par les règles de Pitch Black. La condition peut être perdue comme décrit dans les règles Pitch Black ou si le combattant se déplace à l'extérieur cette section. Un combattant qui perd la condition ne peut pas la gagner encore ce tour. Pendant la phase de fin de ce round, tous les combattants Hidden perdent la condition"
../TacticsCards/ZONE MORTALIS/Improvised Cover.png;Improvised Cover;Zone Mortalis Tactics;"Play this gang tactic instead of activating

a fighter.

You may immediately place a barricade
anywhere within 2"" of one of your fighters.";Couvert improvisé;Zone Mortalis;"Jouez cette tactique au lieu d'activer un combattant. Vous pouvez immédiatement placer une barricade n'importe où à au moins 2"" d'un de vos combattants."
../TacticsCards/ZONE MORTALIS/Klaxon.png;| Klaxon;Zone Mortalis Tactics (Enforcers);"Play this gang tactic during the Priority phase of
any round, after Roll for Priority, but before
Ready Fighters.

For the duration of this round, enemy fighters
may not make, or be part of, Group Activations
unless they can draw line of sight to a model in
their crew with the Gang Leader special rule.";Klaxon;Zone Mortalis (Enforcers);Jouez cette tactique pendant la phase de Priorité de un tour, après le lancer de priorité. Pendant toute la durée de ce round, les combattants ennemis ne peuvent pas effectuer ou participer à des activations de groupe à moins qu'ils ne puissent tracer une ligne de vue vers une figurine dans leur gang avec la règle spéciale Gang Leader.
../TacticsCards/ZONE MORTALIS/Knock! Knock!.png;Knock! Knock!;Zone Mortalis Tactics (Goliath);"Play this gang tactic instead of activating
a fighter.

Choose a Door within 2"" of a friendly
fighter. Remove this Door from the
battlefield.";Toc ! Toc !;Zone Mortalis (Goliath);"Jouez cette tactique au lieu d'activer un combattant. Choisissez une porte à au moins 2"" d'un combattant allié. Retirez cette porte du champ de bataille."
../TacticsCards/ZONE MORTALIS/Lockown.png;| Lockdown;Zone Mortalis Tactics;"Play this gang tactic at the start of any
Action phase.

All doors on the battlefield close if they are
open, and then become locked, as detailed
in the Necromunda Rulebook.";Confinement;Zone Mortalis;Jouez cette tactique au début de un Phase d'action. Toutes les portes du champ de bataille se ferment si elles sont ouvertes, puis se verrouillent, comme détaillé dans le livre de règles de Necromunda.
../TacticsCards/ZONE MORTALIS/Long Shadows.png;Long Shadows;Zone Mortalis Tactics (Delaque);"Play this gang tactic during the Priority phase of
any round, after Roll for Priority, but before
Ready Fighters.

For he duration of this round, enemy fighters
must make an Intelligence check if they wish

to perform a ranged attack targeting any of

your fighters that are both at Long range and

in cover.";Longues ombres;Zone Mortalis (Delaque);Jouez cette tactique pendant la phase de Priorité de un tour, après le lancer de priorité. Pendant la durée de ce round, les combattants ennemis doivent effectuer une test d’Intelligence s'ils souhaitent effectuer une attaque à distance ciblant l'un des vos combattants qui sont à la fois à longue portée et en couverture.
../TacticsCards/ZONE MORTALIS/Lucky Ricochet.png;Lucky Ricochet;Zone Mortalis Tactics;"Play this gang tactic when a friendly fighter hits
with a ranged attack, and their target was within
2"" of a piece of Impassable terrain.

After working out the effects of the hit, and if the
hit fighter has not been removed from play. roll

a D6 to see if that hit fighter s hit by a Stray Shot
from the same weapon.";Ricochet chanceux;Zone Mortalis;"Jouez cette tactique lorsqu'un combattant allié effectue une attaque à distance et que leur cible est dans les 2"" d'un terrain infranchissable. Après avoir résolu les effets du coup, et si le combattant n'a pas été retiré du jeu. Lancer un D6 pour voir si le combattant touché est touché par un Stray shot de la même arme."
../TacticsCards/ZONE MORTALIS/Rat Warren.png;Rat Warren;Zone Mortalis Tactics;"Play this gang tactic after your opponent activates
one of their fighters.
If the fighter they have just activated does not
have line of sight to any friendly fighters, they
must make an Intelligence check. If this check is
failed, you may place that fighter anywhere
within 6"" of their current location. You may not
piece that fighter within 3"" of any of your
ighters.";Terrier de rats;Zone Mortalis;"Jouez cette tactique après l'activation d’un combattant de votre adversaire. Si le combattant qu'il vient d'activer n’a de ligne de vue sur un de ses alliés, ils doit effectuer un test d'Intelligence. Si ce test est échoué, vous pouvez placer ce combattant n'importe où à au moins 6"" de son emplacement actuel. Vous ne pouvez pas placer ce combattant à au moins 3"" de l'un de vos combattants."
../TacticsCards/ZONE MORTALIS/Rise Up, Brothers and Sisters!.png;Rise Up, Brothers and Sisters!;Zone Mortalis Tactics (Chaos Helots);"Play this gang tactic at the start of any
Action phase.

Unul the End phase of this round, all
fighters in your crew gain the Spring Up
skill.";Levez-vous, frères et sœurs !;Zone Mortalis (Hilotes du Chaos);Jouez cette tactique au début de un Phase d'action. Jusqu'à la phase de fin de ce tour, tous les combattants de votre gang obtiennent la compétence Spring Up.
../TacticsCards/ZONE MORTALIS/Sparky... SMASH!.png;Sparky... SMASH!;Zone Mortalis Tactics (Slave Ogryns);"Play this gang tactic when a friendly fighter
activates within 1"" of a closed Door.

Remove the Door from the battlefield. Any
fighter, friend or foe, that was within 2"" of

the other side of the Door must pass

an Initiative check or become Prone and Pinned.
This fighter's activation then ends.";Sparky... Écrase !;Zone Mortalis (Ogryns esclaves);"Jouez cette tactique lorsqu’un combattant allié s’active à 1"" ou moins d’une porte fermée. Retirez la porte du champ de bataille. Tout combattant, allié ou ennemi, qui se trouvait à 2"" ou moins de l’autre côté de la porte doit réussir un test d’Initiative ou devenir Pinned et Prone. L’activation de ce combattant prend alors fin."
../TacticsCards/ZONE MORTALIS/Stairs Trap.png;Stairs Trap;Zone Mortalis Tactics (Van Saar);"Play this gang tactic instead of activating a fighter
Choose a set of Stairs anywhere on the battlefield
All fighters on the chosen Stairs immediately fall
(place them within 2"" of the foot of the Stairs in
an order chosen by the player whose gang tactic
this is). The fighters are then Pinned and suffer
damage from falling as normal.";Piège d’escalier;Zone Mortalis (Van Saar);"Jouez cette tactique au lieu d'activer un combattant. Choisissez un ensemble d'escaliers n'importe où sur le champ de bataille Tous les combattants sur les escaliers choisis tombent immédiatement (placez-les à au moins 2"" du pied des escaliers dans un ordre choisi par vous). Les combattants sont alors Pinned et subissent les dommages dus à une chute normale."
../TacticsCards/ZONE MORTALIS/Trip Wire.png;Trip Wire;Zone Mortalis Tactics;"Play this gang tactic when an enemy fighter
ascends or descends a ladder or Stairs.
Once the enemy fighter completes their
Move action, they become Pinned.";Fil-piège;Zone Mortalis;Jouez cette tactique lorsqu'un combattant ennemi monte ou descend une échelle ou un escalier. Une fois que le combattant ennemi a terminé son déplacement, il devient Pinned.
../TacticsCards/ZONE MORTALIS/Underhive Gloom.png;Underhive Gloom;Zone Mortalis Tactics;"Play this gang tactic at the start of the battle,
after both crews have been deployed.

For the duration of this battle, the hit rolls

for ranged attacks made through open doorways
or against fighters on a different level to the
attacker suffer an additional -2 modifier to the to
hit roll.";Obscurité du Sous-Monde;Zone Mortalis;Jouez cette tactique au début de la bataille, une fois les deux gangs déployés. Pendant toute la durée de cette bataille, les jets de touche pour les attaques à distance effectuées à travers des portes ouvertes (ou des encadrements de portes) ou contre des combattants d'un niveau différent de l'attaquant subissent un modificateur supplémentaire de -2 aux tests de touche.
../TacticsCards/ZONE MORTALIS/Unwashed Horde.png;Unwashed Horde;Zone Mortalis Tactics (Cawdor);"Play this gang tactic at the start of the first round
of the battle, before Priority is rolled. Your gang
may immediately deploy D3 Cawdor (Juve)
fighters. These fighters are recruited for free but
will leave the gang at the end of this battle. Each
fighter is equipped with a reclaimed autopistol
and a fighting knife. These fighters must be
pieced within 1"" of a Vent and have at least 1""
rom any other fighter: If you do not have models
available to represent these fighters, you may
discard this gang tactic and select another.";Horde crasseuse;Zone Mortalis (Cawdor);"Jouez cette tactique au début du premier tour de la bataille, avant que la priorité ne soit lancée. Votre bande peut déployer immédiatement D3 Cawdor Juve. Ces combattants sont recrutés gratuitement mais quitteront le gang à la fin de cette bataille. Chaque combattant est équipé d'un reclaimed autopistol et d’un combat knife. Ces combattants doivent être placés à au moins 1"" d'un évent et être à au moins 1"" d’un autre combattant."
../TacticsCards/ZONE MORTALIS/Wall Breach.png;Wall Breach;Zone Mortalis Tactics;"Play this gang tactic when a friendly fighter |
makes a ranged attack. |
|The fighter can choose targets that are out |
_of their line of sight, provided they are not
using a weapon with the Template or |
‘Blast CX"") traits. Attacks against these

targets suffer a -2 modifier to their hit roll.";Brèche murale;Zone Mortalis;Jouez cette tactique lorsqu'un combattant allié effectue une attaque à distance. Le combattant peut choisir des cibles qui sont hors de leur champ de vision, à condition qu'il n’utilise pas une arme avec les traits Template ou Blast. Les attaques contre ces cibles subissent un modificateur de -2 à leur jet de touche.
../TacticsCards/ZONE MORTALIS/Wall Walking.png;Wall Walking;Zone Mortalis Tactics (Escher);"Play this gang tactic at the start of any
Action phase.

Unul the End phase of this round, all
fighters in your gang gain the Clamber skill.";Marche-muraille;Zone Mortalis (Escher);Jouez cette tactique au début d’une phase d’Action. Jusqu’à la phase de fin de ce round, tous les combattants de votre gang gagnent la compétence Clamber.